university_name,country,year,ranking_source,rank,score,university_name_std,country_std,rank_original,score_original,rank_normalized,score_normalized
Massachusetts Institute of Technology (MIT),United States of America,2026,QS,1.0,100.0,massachusetts institute of technology (mit),united states of america,1,100,100.0,100.0
Imperial College London,United Kingdom,2026,QS,2.0,99.4,imperial college london,united kingdom,2,99.4,99.92857142857143,99.19893190921229
Stanford University,United States of America,2026,QS,3.0,98.9,stanford university,united states of america,3,98.9,99.85714285714286,98.53137516688919
University of Oxford,United Kingdom,2026,QS,4.0,97.9,university of oxford,united kingdom,4,97.9,99.78571428571429,97.196261682243
Harvard University,United States of America,2026,QS,5.0,97.7,harvard university,united states of america,5,97.7,99.71428571428571,96.92923898531373
University of Cambridge,United Kingdom,2026,QS,6.0,97.2,university of cambridge,united kingdom,6,97.2,99.64285714285714,96.26168224299064
ETH Zurich (Swiss Federal Institute of Technology),Switzerland,2026,QS,7.0,96.7,eth zurich (swiss federal institute of technology),switzerland,7,96.7,99.57142857142857,95.59412550066753
National University of Singapore (NUS),Singapore,2026,QS,8.0,95.9,national university of singapore (nus),singapore,8,95.9,99.5,94.52603471295062
UCL (University College London),United Kingdom,2026,QS,9.0,95.8,ucl (university college london),united kingdom,9,95.8,99.42857142857143,94.39252336448595
California Institute of Technology (Caltech),United States of America,2026,QS,10.0,94.3,california institute of technology (caltech),united states of america,10,94.3,99.35714285714286,92.38985313751667
The University of Hong Kong,"Hong Kong SAR, China",2026,QS,11.0,94.2,the university of hong kong,"hong kong sar, china",11,94.2,99.28571428571429,92.25634178905206
"Nanyang Technological University, Singapore (NTU Singapore)",Singapore,2026,QS,12.0,93.7,"nanyang technological university, singapore (ntu singapore)",singapore,12,93.7,99.21428571428571,91.58878504672896
University of Chicago,United States of America,2026,QS,13.0,93.0,university of chicago,united states of america,13,93,99.14285714285714,90.65420560747664
Peking University,China (Mainland),2026,QS,14.0,92.6,peking university,china (mainland),14,92.6,99.07142857142858,90.12016021361815
University of Pennsylvania,United States of America,2026,QS,15.0,92.5,university of pennsylvania,united states of america,15,92.5,99.0,89.98664886515354
Cornell University,United States of America,2026,QS,16.0,91.6,cornell university,united states of america,16,91.6,98.92857142857143,88.78504672897196
Tsinghua University,China (Mainland),2026,QS,17.0,91.2,tsinghua university,china (mainland),17,91.2,98.85714285714286,88.25100133511347
"University of California, Berkeley (UCB)",United States of America,2026,QS,17.0,91.2,"university of california, berkeley (ucb)",united states of america,17,91.2,98.85714285714286,88.25100133511347
The University of Melbourne,Australia,2026,QS,19.0,90.8,the university of melbourne,australia,19,90.8,98.71428571428571,87.71695594125498
The University of New South Wales,Australia,2026,QS,20.0,90.7,the university of new south wales,australia,20,90.7,98.64285714285714,87.58344459279037
Yale University,United States of America,2026,QS,21.0,90.4,yale university,united states of america,21,90.4,98.57142857142858,87.18291054739655
École Polytechnique Fédérale de Lausanne,Switzerland,2026,QS,22.0,90.2,école polytechnique fédérale de lausanne,switzerland,22,90.2,98.5,86.91588785046727
Technical University of Munich,Germany,2026,QS,22.0,90.2,technical university of munich,germany,22,90.2,98.5,86.91588785046727
Johns Hopkins University,United States of America,2026,QS,24.0,89.7,johns hopkins university,united states of america,24,89.7,98.35714285714286,86.24833110814419
Princeton University,United States of America,2026,QS,25.0,89.4,princeton university,united states of america,25,89.4,98.28571428571429,85.84779706275035
The University of Sydney,Australia,2026,QS,25.0,89.4,the university of sydney,australia,25,89.4,98.28571428571429,85.84779706275035
McGill University,Canada,2026,QS,27.0,88.9,mcgill university,canada,27,88.9,98.14285714285714,85.18024032042723
PSL University,France,2026,QS,28.0,88.6,psl university,france,28,88.6,98.07142857142857,84.77970627503336
University of Toronto,Canada,2026,QS,29.0,88.5,university of toronto,canada,29,88.5,98.0,84.64619492656875
Fudan University,China (Mainland),2026,QS,30.0,88.4,fudan university,china (mainland),30,88.4,97.92857142857143,84.51268357810414
King's College London (KCL),United Kingdom,2026,QS,31.0,88.3,king's college london (kcl),united kingdom,31,88.3,97.85714285714285,84.37917222963951
Australian National University,Australia,2026,QS,32.0,87.4,australian national university,australia,32,87.4,97.78571428571429,83.17757009345794
The Chinese University of Hong Kong,"Hong Kong SAR, China",2026,QS,32.0,87.4,the chinese university of hong kong,"hong kong sar, china",32,87.4,97.78571428571429,83.17757009345794
University of Edinburgh,United Kingdom,2026,QS,34.0,87.2,university of edinburgh,united kingdom,34,87.2,97.64285714285714,82.9105473965287
The University of Manchester,United Kingdom,2026,QS,35.0,86.4,the university of manchester,united kingdom,35,86.4,97.57142857142857,81.84245660881176
Monash University,Australia,2026,QS,36.0,85.8,monash university,australia,36,85.8,97.5,81.04138851802402
The University of Tokyo,Japan,2026,QS,36.0,85.8,the university of tokyo,japan,36,85.8,97.5,81.04138851802402
Columbia University,United States of America,2026,QS,38.0,85.6,columbia university,united states of america,38,85.6,97.35714285714285,80.77436582109478
Seoul National University,Republic of Korea,2026,QS,38.0,85.6,seoul national university,republic of korea,38,85.6,97.35714285714285,80.77436582109478
University of British Columbia,Canada,2026,QS,40.0,85.5,university of british columbia,canada,40,85.5,97.21428571428572,80.64085447263017
Institut Polytechnique de Paris,France,2026,QS,41.0,85.4,institut polytechnique de paris,france,41,85.4,97.14285714285714,80.50734312416556
Northwestern University,United States of America,2026,QS,42.0,85.1,northwestern university,united states of america,42,85.1,97.07142857142857,80.10680907877168
The University of Queensland,Australia,2026,QS,42.0,85.1,the university of queensland,australia,42,85.1,97.07142857142857,80.10680907877168
The Hong Kong University of Science and Technology,"Hong Kong SAR, China",2026,QS,44.0,84.8,the hong kong university of science and technology,"hong kong sar, china",44,84.8,96.92857142857143,79.70627503337782
University of Michigan-Ann Arbor,United States of America,2026,QS,45.0,84.7,university of michigan-ann arbor,united states of america,45,84.7,96.85714285714285,79.57276368491321
"University of California, Los Angeles (UCLA)",United States of America,2026,QS,46.0,84.4,"university of california, los angeles (ucla)",united states of america,46,84.4,96.78571428571429,79.17222963951936
Delft University of Technology,Netherlands,2026,QS,47.0,84.3,delft university of technology,netherlands,47,84.3,96.71428571428572,79.03871829105474
Shanghai Jiao Tong University,China (Mainland),2026,QS,47.0,84.3,shanghai jiao tong university,china (mainland),47,84.3,96.71428571428572,79.03871829105474
Zhejiang University,China (Mainland),2026,QS,49.0,84.0,zhejiang university,china (mainland),49,84,96.57142857142857,78.63818424566087
Yonsei University,Republic of Korea,2026,QS,50.0,82.9,yonsei university,republic of korea,50,82.9,96.5,77.16955941255007
University of Bristol,United Kingdom,2026,QS,51.0,82.5,university of bristol,united kingdom,51,82.5,96.42857142857143,76.63551401869158
Carnegie Mellon University,United States of America,2026,QS,52.0,82.3,carnegie mellon university,united states of america,52,82.3,96.35714285714285,76.36849132176233
The University of Amsterdam,Netherlands,2026,QS,53.0,81.5,the university of amsterdam,netherlands,53,81.5,96.28571428571429,75.30040053404538
The Hong Kong Polytechnic University,"Hong Kong SAR, China",2026,QS,54.0,81.2,the hong kong polytechnic university,"hong kong sar, china",54,81.2,96.21428571428572,74.89986648865154
New York University (NYU),United States of America,2026,QS,55.0,81.1,new york university (nyu),united states of america,55,81.1,96.14285714285714,74.7663551401869
London School of Economics and Political Science (LSE),United Kingdom,2026,QS,56.0,80.5,london school of economics and political science (lse),united kingdom,56,80.5,96.07142857142857,73.96528704939918
Kyoto University,Japan,2026,QS,57.0,80.2,kyoto university,japan,57,80.2,96.0,73.56475300400534
Ludwig-Maximilians-Universität München,Germany,2026,QS,58.0,80.1,ludwig-maximilians-universität münchen,germany,58,80.1,95.92857142857143,73.4312416555407
Universiti Malaya (UM),Malaysia,2026,QS,58.0,80.1,universiti malaya (um),malaysia,58,80.1,95.92857142857143,73.4312416555407
KU Leuven,Belgium,2026,QS,60.0,79.7,ku leuven,belgium,60,79.7,95.78571428571429,72.89719626168224
Korea University,Republic of Korea,2026,QS,61.0,79.6,korea university,republic of korea,61,79.6,95.71428571428572,72.7636849132176
Duke University,United States of America,2026,QS,62.0,79.0,duke university,united states of america,62,79,95.64285714285714,71.96261682242991
City University of Hong Kong,"Hong Kong SAR, China",2026,QS,63.0,78.9,city university of hong kong,"hong kong sar, china",63,78.9,95.57142857142857,71.82910547396529
National Taiwan University (NTU),Taiwan,2026,QS,63.0,78.9,national taiwan university (ntu),taiwan,63,78.9,95.57142857142857,71.82910547396529
The University of Auckland,New Zealand,2026,QS,65.0,77.5,the university of auckland,new zealand,65,77.5,95.42857142857143,69.95994659546061
"University of California, San Diego (UCSD)",United States of America,2026,QS,66.0,76.9,"university of california, san diego (ucsd)",united states of america,66,76.9,95.35714285714286,69.1588785046729
King Fahd University of Petroleum & Minerals,Saudi Arabia,2026,QS,67.0,76.5,king fahd university of petroleum & minerals,saudi arabia,67,76.5,95.28571428571428,68.62483311081441
University of Texas at Austin,United States of America,2026,QS,68.0,76.4,university of texas at austin,united states of america,68,76.4,95.21428571428572,68.4913217623498
Brown University,United States of America,2026,QS,69.0,76.2,brown university,united states of america,69,76.2,95.14285714285714,68.22429906542055
Université Paris-Saclay,France,2026,QS,70.0,75.9,université paris-saclay,france,70,75.9,95.07142857142857,67.8237650200267
University of Illinois at Urbana-Champaign,United States of America,2026,QS,70.0,75.9,university of illinois at urbana-champaign,united states of america,70,75.9,95.07142857142857,67.8237650200267
Lund University,Sweden,2026,QS,72.0,75.7,lund university,sweden,72,75.7,94.92857142857143,67.55674232309747
Sorbonne University (merged from Paris IV & UPMC),France,2026,QS,72.0,75.7,sorbonne university (merged from paris iv & upmc),france,72,75.7,94.92857142857143,67.55674232309747
The University of Warwick,United Kingdom,2026,QS,74.0,75.2,the university of warwick,united kingdom,74,75.2,94.78571428571428,66.88918558077435
"Trinity College Dublin, The University of Dublin",Ireland,2026,QS,75.0,73.9,"trinity college dublin, the university of dublin",ireland,75,73.9,94.71428571428572,65.15353805073431
University of Birmingham,United Kingdom,2026,QS,76.0,73.8,university of birmingham,united kingdom,76,73.8,94.64285714285714,65.02002670226969
The University of Western Australia,Australia,2026,QS,77.0,73.7,the university of western australia,australia,77,73.7,94.57142857142857,64.88651535380508
KTH Royal Institute of Technology,Sweden,2026,QS,78.0,73.6,kth royal institute of technology,sweden,78,73.6,94.5,64.75300400534044
University of Glasgow,United Kingdom,2026,QS,79.0,73.4,university of glasgow,united kingdom,79,73.4,94.42857142857143,64.48598130841121
Ruprecht-Karls-Universität Heidelberg,Germany,2026,QS,80.0,73.0,ruprecht-karls-universität heidelberg,germany,80,73,94.35714285714286,63.95193591455273
University of Washington,United States of America,2026,QS,81.0,72.7,university of washington,united states of america,81,72.7,94.28571428571428,63.55140186915887
Adelaide University,Australia,2026,QS,82.0,72.6,adelaide university,australia,82,72.6,94.21428571428572,63.41789052069424
Pennsylvania State University,United States of America,2026,QS,82.0,72.6,pennsylvania state university,united states of america,82,72.6,94.21428571428572,63.41789052069424
Universidad de Buenos Aires,Argentina,2026,QS,84.0,72.3,universidad de buenos aires,argentina,84,72.3,94.07142857142857,63.01735647530039
Tokyo Institute of Technology,Japan,2026,QS,85.0,72.1,tokyo institute of technology,japan,85,72.1,94.0,62.75033377837115
University of Leeds,United Kingdom,2026,QS,86.0,72.0,university of leeds,united kingdom,86,72,93.92857142857143,62.616822429906534
University of Southampton,United Kingdom,2026,QS,87.0,71.2,university of southampton,united kingdom,87,71.2,93.85714285714286,61.54873164218958
Boston University,United States of America,2026,QS,88.0,71.1,boston university,united states of america,88,71.1,93.78571428571428,61.41522029372495
Freie Universität Berlin,Germany,2026,QS,88.0,71.1,freie universität berlin,germany,88,71.1,93.78571428571428,61.41522029372495
Purdue University,United States of America,2026,QS,88.0,71.1,purdue university,united states of america,88,71.1,93.78571428571428,61.41522029372495
The University of Osaka,Japan,2026,QS,91.0,71.0,the university of osaka,japan,91,71,93.57142857142857,61.28170894526034
The University of Sheffield,United Kingdom,2026,QS,92.0,70.9,the university of sheffield,united kingdom,92,70.9,93.5,61.148197596795725
Uppsala University,Sweden,2026,QS,93.0,70.3,uppsala university,sweden,93,70.3,93.42857142857143,60.347129506008
Durham University,United Kingdom,2026,QS,94.0,70.1,durham university,united kingdom,94,70.1,93.35714285714286,60.08010680907876
University of Alberta,Canada,2026,QS,94.0,70.1,university of alberta,canada,94,70.1,93.35714285714286,60.08010680907876
University of Technology Sydney,Australia,2026,QS,96.0,69.9,university of technology sydney,australia,96,69.9,93.21428571428572,59.81308411214954
The University of Nottingham,United Kingdom,2026,QS,97.0,69.4,the university of nottingham,united kingdom,97,69.4,93.14285714285714,59.14552736982643
Karlsruhe Institute of Technology (KIT),Germany,2026,QS,98.0,69.1,karlsruhe institute of technology (kit),germany,98,69.1,93.07142857142857,58.744993324432556
Politecnico di Milano,Italy,2026,QS,98.0,69.1,politecnico di milano,italy,98,69.1,93.07142857142857,58.744993324432556
University of Zurich (UZH),Switzerland,2026,QS,100.0,68.5,university of zurich (uzh),switzerland,100,68.5,92.92857142857143,57.943925233644855
University of Copenhagen,Denmark,2026,QS,101.0,68.4,university of copenhagen,denmark,101,68.4,92.85714285714286,57.810413885180246
Pohang University of Science And Technology (POSTECH),Republic of Korea,2026,QS,102.0,67.9,pohang university of science and technology (postech),republic of korea,102,67.9,92.78571428571428,57.14285714285714
Nanjing University,China (Mainland),2026,QS,103.0,67.7,nanjing university,china (mainland),103,67.7,92.71428571428572,56.8758344459279
Utrecht University,Netherlands,2026,QS,103.0,67.7,utrecht university,netherlands,103,67.7,92.71428571428572,56.8758344459279
Lomonosov Moscow State University,Russian Federation,2026,QS,105.0,67.6,lomonosov moscow state university,russian federation,105,67.6,92.57142857142857,56.74232309746326
Rheinisch-Westfälische Technische Hochschule Aachen,Germany,2026,QS,105.0,67.6,rheinisch-westfälische technische hochschule aachen,germany,105,67.6,92.57142857142857,56.74232309746326
Technical University of Denmark,Denmark,2026,QS,107.0,67.5,technical university of denmark,denmark,107,67.5,92.42857142857143,56.608811748998654
Universidade de São Paulo (USP),Brazil,2026,QS,108.0,67.3,universidade de são paulo (usp),brazil,108,67.3,92.35714285714286,56.341789052069416
Tohoku University,Japan,2026,QS,109.0,66.7,tohoku university,japan,109,66.7,92.28571428571428,55.54072096128171
Queen Mary University of London (QMUL),United Kingdom,2026,QS,110.0,66.6,queen mary university of london (qmul),united kingdom,110,66.6,92.21428571428572,55.40720961281708
University of Wisconsin-Madison,United States of America,2026,QS,110.0,66.6,university of wisconsin-madison,united states of america,110,66.6,92.21428571428572,55.40720961281708
Qatar University,Qatar,2026,QS,112.0,66.5,qatar university,qatar,112,66.5,92.07142857142857,55.27369826435247
University of St Andrews,United Kingdom,2026,QS,113.0,66.4,university of st andrews,united kingdom,113,66.4,92.0,55.14018691588786
Aalto University,Finland,2026,QS,114.0,66.3,aalto university,finland,114,66.3,91.92857142857143,55.00667556742322
"University of California, Davis",United States of America,2026,QS,114.0,66.3,"university of california, davis",united states of america,114,66.3,91.92857142857143,55.00667556742322
Pontificia Universidad Católica de Chile,Chile,2026,QS,116.0,66.1,pontificia universidad católica de chile,chile,116,66.1,91.78571428571428,54.739652870493984
University of Helsinki,Finland,2026,QS,116.0,66.1,university of helsinki,finland,116,66.1,91.78571428571428,54.739652870493984
University College Dublin,Ireland,2026,QS,118.0,66.0,university college dublin,ireland,118,66,91.64285714285715,54.60614152202936
Leiden University,Netherlands,2026,QS,119.0,65.7,leiden university,netherlands,119,65.7,91.57142857142857,54.20560747663551
Rice University,United States of America,2026,QS,119.0,65.7,rice university,united states of america,119,65.7,91.57142857142857,54.20560747663551
University of Oslo,Norway,2026,QS,119.0,65.7,university of oslo,norway,119,65.7,91.57142857142857,54.20560747663551
University of Waterloo,Canada,2026,QS,119.0,65.7,university of waterloo,canada,119,65.7,91.57142857142857,54.20560747663551
Georgia Institute of Technology,United States of America,2026,QS,123.0,65.5,georgia institute of technology,united states of america,123,65.5,91.28571428571428,53.93858477970627
Indian Institute of Technology Delhi (IITD),India,2026,QS,123.0,65.5,indian institute of technology delhi (iitd),india,123,65.5,91.28571428571428,53.93858477970627
RMIT University,Australia,2026,QS,125.0,65.3,rmit university,australia,125,65.3,91.14285714285715,53.67156208277702
Sungkyunkwan University,Republic of Korea,2026,QS,126.0,65.2,sungkyunkwan university,republic of korea,126,65.2,91.07142857142857,53.538050734312414
Universiti Kebangsaan Malaysia (UKM),Malaysia,2026,QS,126.0,65.2,universiti kebangsaan malaysia (ukm),malaysia,126,65.2,91.07142857142857,53.538050734312414
Sapienza University of Rome,Italy,2026,QS,128.0,64.9,sapienza university of rome,italy,128,64.9,90.92857142857143,53.13751668891856
Indian Institute of Technology Bombay (IITB),India,2026,QS,129.0,64.8,indian institute of technology bombay (iitb),india,129,64.8,90.85714285714286,53.00400534045393
Humboldt-Universität zu Berlin,Germany,2026,QS,130.0,64.5,humboldt-universität zu berlin,germany,130,64.5,90.78571428571428,52.603471295060075
Aarhus University,Denmark,2026,QS,131.0,64.3,aarhus university,denmark,131,64.3,90.71428571428571,52.336448598130836
University of Bath,United Kingdom,2026,QS,132.0,64.2,university of bath,united kingdom,132,64.2,90.64285714285715,52.20293724966621
University of Science and Technology of China,China (Mainland),2026,QS,132.0,64.2,university of science and technology of china,china (mainland),132,64.2,90.64285714285715,52.20293724966621
Universiti Putra Malaysia (UPM),Malaysia,2026,QS,134.0,64.1,universiti putra malaysia (upm),malaysia,134,64.1,90.5,52.06942590120159
Universiti Sains Malaysia (USM),Malaysia,2026,QS,134.0,64.1,universiti sains malaysia (usm),malaysia,134,64.1,90.5,52.06942590120159
Universidad Nacional Autónoma de México (UNAM),Mexico,2026,QS,136.0,64.0,universidad nacional autónoma de méxico (unam),mexico,136,64,90.35714285714286,51.935914552736975
Newcastle University,United Kingdom,2026,QS,137.0,63.9,newcastle university,united kingdom,137,63.9,90.28571428571428,51.80240320427235
Alma Mater Studiorum - University of Bologna,Italy,2026,QS,138.0,63.3,alma mater studiorum - university of bologna,italy,138,63.3,90.21428571428571,51.001335113484636
Macquarie University,Australia,2026,QS,138.0,63.3,macquarie university,australia,138,63.3,90.21428571428571,51.001335113484636
Eindhoven University of Technology,Netherlands,2026,QS,140.0,63.2,eindhoven university of technology,netherlands,140,63.2,90.07142857142857,50.86782376502003
Erasmus University Rotterdam,Netherlands,2026,QS,140.0,63.2,erasmus university rotterdam,netherlands,140,63.2,90.07142857142857,50.86782376502003
"University of North Carolina, Chapel Hill",United States of America,2026,QS,140.0,63.2,"university of north carolina, chapel hill",united states of america,140,63.2,90.07142857142857,50.86782376502003
King Saud University,Saudi Arabia,2026,QS,143.0,63.1,king saud university,saudi arabia,143,63.1,89.85714285714286,50.734312416555404
Texas A&M University,United States of America,2026,QS,144.0,63.0,texas a&m university,united states of america,144,63,89.78571428571429,50.60080106809078
Technische Universität Berlin,Germany,2026,QS,145.0,62.8,technische universität berlin,germany,145,62.8,89.71428571428571,50.33377837116154
University of Southern California,United States of America,2026,QS,146.0,62.6,university of southern california,united states of america,146,62.6,89.64285714285715,50.06675567423231
Stockholm University,Sweden,2026,QS,147.0,62.5,stockholm university,sweden,147,62.5,89.57142857142857,49.93324432576768
University of Groningen,Netherlands,2026,QS,147.0,62.5,university of groningen,netherlands,147,62.5,89.57142857142857,49.93324432576768
University of Liverpool,United Kingdom,2026,QS,147.0,62.5,university of liverpool,united kingdom,147,62.5,89.57142857142857,49.93324432576768
University of Cape Town,South Africa,2026,QS,150.0,62.3,university of cape town,south africa,150,62.3,89.35714285714286,49.66622162883844
Western University,Canada,2026,QS,151.0,62.0,western university,canada,151,62,89.28571428571429,49.26568758344459
University of Vienna,Austria,2026,QS,152.0,61.9,university of vienna,austria,152,61.9,89.21428571428571,49.132176234979966
Universiti Teknologi Malaysia (UTM),Malaysia,2026,QS,153.0,61.6,universiti teknologi malaysia (utm),malaysia,153,61.6,89.14285714285714,48.73164218958611
Wageningen University & Research,Netherlands,2026,QS,153.0,61.6,wageningen university & research,netherlands,153,61.6,89.14285714285714,48.73164218958611
University of Exeter,United Kingdom,2026,QS,155.0,61.5,university of exeter,united kingdom,155,61.5,89.0,48.59813084112149
University of Geneva,Switzerland,2026,QS,155.0,61.5,university of geneva,switzerland,155,61.5,89.0,48.59813084112149
Lancaster University,United Kingdom,2026,QS,157.0,61.4,lancaster university,united kingdom,157,61.4,88.85714285714286,48.464619492656865
University of Basel,Switzerland,2026,QS,158.0,61.3,university of basel,switzerland,158,61.3,88.78571428571429,48.33110814419225
Hanyang University,Republic of Korea,2026,QS,159.0,61.2,hanyang university,republic of korea,159,61.2,88.71428571428571,48.197596795727634
University of Barcelona,Spain,2026,QS,160.0,61.0,university of barcelona,spain,160,61,88.64285714285714,47.93057409879839
Michigan State University,United States of America,2026,QS,161.0,60.9,michigan state university,united states of america,161,60.9,88.57142857142857,47.797062750333765
Ghent University,Belgium,2026,QS,162.0,60.8,ghent university,belgium,162,60.8,88.5,47.66355140186915
King Abdul Aziz University (KAU),Saudi Arabia,2026,QS,163.0,60.7,king abdul aziz university (kau),saudi arabia,163,60.7,88.42857142857142,47.53004005340454
Nagoya University,Japan,2026,QS,164.0,60.3,nagoya university,japan,164,60.3,88.35714285714286,46.99599465954606
Chalmers University of Technology,Sweden,2026,QS,165.0,60.2,chalmers university of technology,sweden,165,60.2,88.28571428571429,46.86248331108144
Al-Farabi Kazakh National University,Kazakhstan,2026,QS,166.0,59.8,al-farabi kazakh national university,kazakhstan,166,59.8,88.21428571428571,46.328437917222956
Washington University in St. Louis,United States of America,2026,QS,167.0,59.6,washington university in st. louis,united states of america,167,59.6,88.14285714285714,46.061415220293725
University of Montreal,Canada,2026,QS,168.0,59.5,university of montreal,canada,168,59.5,88.07142857142857,45.9279038718291
University of York,United Kingdom,2026,QS,169.0,59.4,university of york,united kingdom,169,59.4,88.0,45.79439252336448
Hokkaido University,Japan,2026,QS,170.0,59.3,hokkaido university,japan,170,59.3,87.92857142857143,45.660881174899856
Kyushu University,Japan,2026,QS,170.0,59.3,kyushu university,japan,170,59.3,87.92857142857143,45.660881174899856
Universitat Autónoma de Barcelona,Spain,2026,QS,172.0,59.2,universitat autónoma de barcelona,spain,172,59.2,87.78571428571429,45.52736982643524
Arizona State University,United States of America,2026,QS,173.0,59.1,arizona state university,united states of america,173,59.1,87.71428571428571,45.393858477970625
McMaster University,Canada,2026,QS,173.0,59.1,mcmaster university,canada,173,59.1,87.71428571428571,45.393858477970625
Universidad de Chile,Chile,2026,QS,173.0,59.1,universidad de chile,chile,173,59.1,87.71428571428571,45.393858477970625
National Tsing Hua University,Taiwan,2026,QS,176.0,59.0,national tsing hua university,taiwan,176,59,87.5,45.260347129506
Khalifa University of Science and Technology,United Arab Emirates,2026,QS,177.0,58.8,khalifa university of science and technology,united arab emirates,177,58.8,87.42857142857143,44.993324432576756
Tongji University,China (Mainland),2026,QS,177.0,58.8,tongji university,china (mainland),177,58.8,87.42857142857143,44.993324432576756
"University of California, Santa Barbara (UCSB)",United States of America,2026,QS,179.0,58.7,"university of california, santa barbara (ucsb)",united states of america,179,58.7,87.28571428571429,44.85981308411215
Indian Institute of Technology Madras (IITM),India,2026,QS,180.0,58.4,indian institute of technology madras (iitm),india,180,58.4,87.21428571428571,44.459279038718286
Cardiff University,United Kingdom,2026,QS,181.0,57.8,cardiff university,united kingdom,181,57.8,87.14285714285714,43.65821094793056
Emory University,United States of America,2026,QS,182.0,57.7,emory university,united states of america,182,57.7,87.07142857142857,43.524699599465954
Curtin University,Australia,2026,QS,183.0,57.6,curtin university,australia,183,57.6,87.0,43.39118825100133
University of Bern,Switzerland,2026,QS,184.0,57.5,university of bern,switzerland,184,57.5,86.92857142857143,43.257676902536716
University of Wollongong,Australia,2026,QS,184.0,57.5,university of wollongong,australia,184,57.5,86.92857142857143,43.257676902536716
Wuhan University,China (Mainland),2026,QS,186.0,57.3,wuhan university,china (mainland),186,57.3,86.78571428571429,42.99065420560747
Tecnológico de Monterrey (ITESM),Mexico,2026,QS,187.0,57.1,tecnológico de monterrey (itesm),mexico,187,57.1,86.71428571428571,42.72363150867823
University Complutense Madrid,Spain,2026,QS,187.0,57.1,university complutense madrid,spain,187,57.1,86.71428571428571,42.72363150867823
UNIVERSITAS INDONESIA,Indonesia,2026,QS,189.0,57.0,universitas indonesia,indonesia,189,57,86.57142857142858,42.590120160213615
Ohio State University,United States of America,2026,QS,190.0,56.9,ohio state university,united states of america,190,56.9,86.5,42.45660881174899
"Queen's University, Ontario",Canada,2026,QS,191.0,56.8,"queen's university, ontario",canada,191,56.8,86.42857142857143,42.32309746328437
Université Catholique de Louvain (UCL),Belgium,2026,QS,191.0,56.8,université catholique de louvain (ucl),belgium,191,56.8,86.42857142857143,42.32309746328437
Universität Hamburg,Germany,2026,QS,193.0,56.5,universität hamburg,germany,193,56.5,86.28571428571429,41.922563417890515
University of Reading,United Kingdom,2026,QS,194.0,56.2,university of reading,united kingdom,194,56.2,86.21428571428571,41.52202937249666
Vrije Universiteit Amsterdam,Netherlands,2026,QS,194.0,56.2,vrije universiteit amsterdam,netherlands,194,56.2,86.21428571428571,41.52202937249666
Waseda University,Japan,2026,QS,196.0,56.1,waseda university,japan,196,56.1,86.07142857142858,41.38851802403204
University of Otago,New Zealand,2026,QS,197.0,55.8,university of otago,new zealand,197,55.8,86.0,40.98798397863818
Vienna University of Technology,Austria,2026,QS,197.0,55.8,vienna university of technology,austria,197,55.8,86.0,40.98798397863818
National Yang Ming Chiao Tung University,Taiwan,2026,QS,199.0,55.7,national yang ming chiao tung university,taiwan,199,55.7,85.85714285714286,40.85447263017357
Queen's University Belfast,United Kingdom,2026,QS,199.0,55.7,queen's university belfast,united kingdom,199,55.7,85.85714285714286,40.85447263017357
Universität Freiburg,Germany,2026,QS,201.0,55.6,universität freiburg,germany,201,55.6,85.71428571428571,40.72096128170894
University of Gothenburg,Sweden,2026,QS,202.0,55.5,university of gothenburg,sweden,202,55.5,85.64285714285714,40.587449933244315
National Cheng Kung University (NCKU),Taiwan,2026,QS,203.0,55.2,national cheng kung university (ncku),taiwan,203,55.2,85.57142857142857,40.18691588785047
University of Twente,Netherlands,2026,QS,203.0,55.2,university of twente,netherlands,203,55.2,85.57142857142857,40.18691588785047
Ecole Normale Supérieure de Lyon,France,2026,QS,205.0,55.1,ecole normale supérieure de lyon,france,205,55.1,85.42857142857143,40.053404539385845
Universidad Autónoma de Madrid,Spain,2026,QS,206.0,55.0,universidad autónoma de madrid,spain,206,55,85.35714285714285,39.91989319092122
Deakin University,Australia,2026,QS,207.0,54.9,deakin university,australia,207,54.9,85.28571428571429,39.786381842456606
Rheinische Friedrich-Wilhelms-Universität Bonn,Germany,2026,QS,207.0,54.9,rheinische friedrich-wilhelms-universität bonn,germany,207,54.9,85.28571428571429,39.786381842456606
"University of Maryland, College Park",United States of America,2026,QS,207.0,54.9,"university of maryland, college park",united states of america,207,54.9,85.28571428571429,39.786381842456606
University of Minnesota (System),United States of America,2026,QS,210.0,54.8,university of minnesota (system),united states of america,210,54.8,85.07142857142857,39.65287049399198
University of Calgary,Canada,2026,QS,211.0,54.7,university of calgary,canada,211,54.7,85.0,39.51935914552737
Universidad de Los Andes Colombia,Colombia,2026,QS,212.0,54.6,universidad de los andes colombia,colombia,212,54.6,84.92857142857143,39.385847797062745
University of Florida,United States of America,2026,QS,212.0,54.6,university of florida,united states of america,212,54.6,84.92857142857143,39.385847797062745
University of Lausanne,Switzerland,2026,QS,212.0,54.6,university of lausanne,switzerland,212,54.6,84.92857142857143,39.385847797062745
Eberhard Karls Universität Tübingen,Germany,2026,QS,215.0,54.5,eberhard karls universität tübingen,germany,215,54.5,84.71428571428572,39.25233644859812
Indian Institute of Technology Kharagpur (IITKGP),India,2026,QS,215.0,54.5,indian institute of technology kharagpur (iitkgp),india,215,54.5,84.71428571428572,39.25233644859812
Keio University,Japan,2026,QS,215.0,54.5,keio university,japan,215,54.5,84.71428571428572,39.25233644859812
Technische Universität Dresden,Germany,2026,QS,218.0,54.3,technische universität dresden,germany,218,54.3,84.5,38.98531375166888
Indian Institute of Science (IISc) Bangalore,India,2026,QS,219.0,54.2,indian institute of science (iisc) bangalore,india,219,54.2,84.42857142857143,38.851802403204275
University of Ottawa,Canada,2026,QS,219.0,54.2,university of ottawa,canada,219,54.2,84.42857142857143,38.851802403204275
Chulalongkorn University,Thailand,2026,QS,221.0,53.9,chulalongkorn university,thailand,221,53.9,84.28571428571429,38.451268357810406
Indian Institute of Technology Kanpur (IITK),India,2026,QS,222.0,53.7,indian institute of technology kanpur (iitk),india,222,53.7,84.21428571428572,38.184245660881174
Tel Aviv University,Israel,2026,QS,223.0,53.6,tel aviv university,israel,223,53.6,84.14285714285714,38.05073431241655
Universitas Gadjah Mada,Indonesia,2026,QS,224.0,53.5,universitas gadjah mada,indonesia,224,53.5,84.07142857142857,37.91722296395193
Loughborough University,United Kingdom,2026,QS,225.0,53.3,loughborough university,united kingdom,225,53.3,84.0,37.65020026702269
Queensland University of Technology,Australia,2026,QS,226.0,53.2,queensland university of technology,australia,226,53.2,83.92857142857143,37.516688918558074
The University of Newcastle,Australia,2026,QS,227.0,53.1,the university of newcastle,australia,227,53.1,83.85714285714285,37.38317757009346
Université Libre de Bruxelles (ULB),Belgium,2026,QS,227.0,53.1,université libre de bruxelles (ulb),belgium,227,53.1,83.85714285714285,37.38317757009346
United Arab Emirates University,United Arab Emirates,2026,QS,229.0,53.0,united arab emirates university,united arab emirates,229,53,83.71428571428572,37.249666221628836
Massey University,New Zealand,2026,QS,230.0,52.9,massey university,new zealand,230,52.9,83.64285714285714,37.11615487316421
University of Lisbon,Portugal,2026,QS,230.0,52.9,university of lisbon,portugal,230,52.9,83.64285714285714,37.11615487316421
Universität Erlangen-Nürnberg,Germany,2026,QS,232.0,52.2,universität erlangen-nürnberg,germany,232,52.2,83.5,36.18157543391188
La Trobe University,Australia,2026,QS,233.0,52.1,la trobe university,australia,233,52.1,83.42857142857143,36.048064085447265
Universidade Estadual de Campinas (Unicamp),Brazil,2026,QS,233.0,52.1,universidade estadual de campinas (unicamp),brazil,233,52.1,83.42857142857143,36.048064085447265
University of Padova,Italy,2026,QS,233.0,52.1,university of padova,italy,233,52.1,83.42857142857143,36.048064085447265
University of Rochester,United States of America,2026,QS,236.0,51.9,university of rochester,united states of america,236,51.9,83.21428571428572,35.78104138851802
American University of Beirut (AUB),Lebanon,2026,QS,237.0,51.6,american university of beirut (aub),lebanon,237,51.6,83.14285714285714,35.380507343124165
University of Porto,Portugal,2026,QS,237.0,51.6,university of porto,portugal,237,51.6,83.14285714285714,35.380507343124165
Maastricht University,Netherlands,2026,QS,239.0,51.4,maastricht university,netherlands,239,51.4,83.0,35.11348464619492
Hebrew University of Jerusalem,Israel,2026,QS,240.0,51.3,hebrew university of jerusalem,israel,240,51.3,82.92857142857143,34.9799732977303
Victoria University of Wellington,New Zealand,2026,QS,240.0,51.3,victoria university of wellington,new zealand,240,51.3,82.92857142857143,34.9799732977303
Politecnico di Torino,Italy,2026,QS,242.0,51.2,politecnico di torino,italy,242,51.2,82.78571428571428,34.84646194926569
Georg-August-Universität Göttingen,Germany,2026,QS,243.0,51.1,georg-august-universität göttingen,germany,243,51.1,82.71428571428572,34.712950600801065
Hamad Bin Khalifa University,Qatar,2026,QS,244.0,50.9,hamad bin khalifa university,qatar,244,50.9,82.64285714285714,34.44592790387182
Hong Kong Baptist University,"Hong Kong SAR, China",2026,QS,244.0,50.9,hong kong baptist university,"hong kong sar, china",244,50.9,82.64285714285714,34.44592790387182
University College Cork,Ireland,2026,QS,246.0,50.7,university college cork,ireland,246,50.7,82.5,34.17890520694259
Beijing Normal University,China (Mainland),2026,QS,247.0,50.6,beijing normal university,china (mainland),247,50.6,82.42857142857143,34.045393858477965
Dartmouth College,United States of America,2026,QS,247.0,50.6,dartmouth college,united states of america,247,50.6,82.42857142857143,34.045393858477965
"University of Massachusetts, Amherst",United States of America,2026,QS,247.0,50.6,"university of massachusetts, amherst",united states of america,247,50.6,82.42857142857143,34.045393858477965
Vanderbilt University,United States of America,2026,QS,250.0,50.4,vanderbilt university,united states of america,250,50.4,82.21428571428572,33.778371161548726
Universiti Teknologi Petronas (UTP),Malaysia,2026,QS,251.0,50.2,universiti teknologi petronas (utp),malaysia,251,50.2,82.14285714285714,33.51134846461949
University of Strathclyde,United Kingdom,2026,QS,251.0,50.2,university of strathclyde,united kingdom,251,50.2,82.14285714285714,33.51134846461949
Taylor's University (Malaysia),Malaysia,2026,QS,253.0,50.0,taylor's university (malaysia),malaysia,253,50,82.0,33.24432576769025
Technische Universität Darmstadt,Germany,2026,QS,253.0,50.0,technische universität darmstadt,germany,253,50,82.0,33.24432576769025
Bandung Institute of Technology (ITB),Indonesia,2026,QS,255.0,49.9,bandung institute of technology (itb),indonesia,255,49.9,81.85714285714286,33.110814419225626
Harbin Institute of Technology,China (Mainland),2026,QS,256.0,49.8,harbin institute of technology,china (mainland),256,49.8,81.78571428571428,32.977303070761
Tianjin University,China (Mainland),2026,QS,257.0,49.7,tianjin university,china (mainland),257,49.7,81.71428571428572,32.843791722296395
Université Paris 1 Panthéon-Sorbonne,France,2026,QS,257.0,49.7,université paris 1 panthéon-sorbonne,france,257,49.7,81.71428571428572,32.843791722296395
Beijing Institute of Technology,China (Mainland),2026,QS,259.0,49.5,beijing institute of technology,china (mainland),259,49.5,81.57142857142857,32.576769025367156
Universidad Nacional de Colombia,Colombia,2026,QS,259.0,49.5,universidad nacional de colombia,colombia,259,49.5,81.57142857142857,32.576769025367156
University of Canterbury,New Zealand,2026,QS,261.0,49.4,university of canterbury,new zealand,261,49.4,81.42857142857143,32.44325767690253
University of Aberdeen,United Kingdom,2026,QS,262.0,49.3,university of aberdeen,united kingdom,262,49.3,81.35714285714286,32.30974632843791
University of Navarra,Spain,2026,QS,262.0,49.3,university of navarra,spain,262,49.3,81.35714285714286,32.30974632843791
University of Surrey,United Kingdom,2026,QS,262.0,49.3,university of surrey,united kingdom,262,49.3,81.35714285714286,32.30974632843791
Charles University,Czechia,2026,QS,265.0,49.0,charles university,czechia,265,49,81.14285714285714,31.909212283044052
Universitat Pompeu Fabra,Spain,2026,QS,265.0,49.0,universitat pompeu fabra,spain,265,49,81.14285714285714,31.909212283044052
Norwegian University of Science And Technology,Norway,2026,QS,267.0,48.9,norwegian university of science and technology,norway,267,48.9,81.0,31.775700934579433
Griffith University,Australia,2026,QS,268.0,48.7,griffith university,australia,268,48.7,80.92857142857143,31.5086782376502
Middle East Technical University,Türkiye,2026,QS,269.0,48.5,middle east technical university,türkiye,269,48.5,80.85714285714286,31.24165554072096
UCSI University,Malaysia,2026,QS,269.0,48.5,ucsi university,malaysia,269,48.5,80.85714285714286,31.24165554072096
University of Warsaw,Poland,2026,QS,271.0,48.3,university of warsaw,poland,271,48.3,80.71428571428572,30.974632843791717
American University of Sharjah (AUS),United Arab Emirates,2026,QS,272.0,48.2,american university of sharjah (aus),united arab emirates,272,48.2,80.64285714285714,30.8411214953271
North Carolina State University,United States of America,2026,QS,272.0,48.2,north carolina state university,united states of america,272,48.2,80.64285714285714,30.8411214953271
Universität zu Köln,Germany,2026,QS,272.0,48.2,universität zu köln,germany,272,48.2,80.64285714285714,30.8411214953271
University of Virginia,United States of America,2026,QS,275.0,48.1,university of virginia,united states of america,275,48.1,80.42857142857143,30.70761014686248
Sun Yat-sen University,China (Mainland),2026,QS,276.0,48.0,sun yat-sen university,china (mainland),276,48,80.35714285714286,30.57409879839786
University of Milan,Italy,2026,QS,276.0,48.0,university of milan,italy,276,48,80.35714285714286,30.57409879839786
University of Sussex,United Kingdom,2026,QS,278.0,47.9,university of sussex,united kingdom,278,47.9,80.21428571428572,30.440587449933236
Radboud University Nijmegen,Netherlands,2026,QS,279.0,47.6,radboud university nijmegen,netherlands,279,47.6,80.14285714285714,30.040053404539385
University of Antwerp,Belgium,2026,QS,280.0,47.4,university of antwerp,belgium,280,47.4,80.07142857142857,29.773030707610143
University of Pittsburgh,United States of America,2026,QS,281.0,47.3,university of pittsburgh,united states of america,281,47.3,80.0,29.63951935914552
University of Waikato,New Zealand,2026,QS,281.0,47.3,university of waikato,new zealand,281,47.3,80.0,29.63951935914552
Dalhousie University,Canada,2026,QS,283.0,47.2,dalhousie university,canada,283,47.2,79.85714285714286,29.506008010680908
University of Galway / Ollscoil na Gaillimhe,Ireland,2026,QS,284.0,47.1,university of galway / ollscoil na gaillimhe,ireland,284,47.1,79.78571428571428,29.372496662216285
Georgetown University,United States of America,2026,QS,285.0,47.0,georgetown university,united states of america,285,47,79.71428571428572,29.238985313751662
University of Macau,"Macao SAR, China",2026,QS,285.0,47.0,university of macau,"macao sar, china",285,47,79.71428571428572,29.238985313751662
Heriot-Watt University,United Kingdom,2026,QS,287.0,46.8,heriot-watt university,united kingdom,287,46.8,79.57142857142857,28.971962616822424
Universitas Airlangga,Indonesia,2026,QS,287.0,46.8,universitas airlangga,indonesia,287,46.8,79.57142857142857,28.971962616822424
University of Arizona,United States of America,2026,QS,287.0,46.8,university of arizona,united states of america,287,46.8,79.57142857142857,28.971962616822424
University of Bergen,Norway,2026,QS,287.0,46.8,university of bergen,norway,287,46.8,79.57142857142857,28.971962616822424
University of The Witwatersrand,South Africa,2026,QS,291.0,46.4,university of the witwatersrand,south africa,291,46.4,79.28571428571428,28.43791722296395
Swansea University,United Kingdom,2026,QS,292.0,46.2,swansea university,united kingdom,292,46.2,79.21428571428571,28.17089452603471
"University of California, Irvine",United States of America,2026,QS,293.0,46.1,"university of california, irvine",united states of america,293,46.1,79.14285714285715,28.037383177570092
Case Western Reserve University,United States of America,2026,QS,294.0,46.0,case western reserve university,united states of america,294,46,79.07142857142857,27.90387182910547
Swinburne University of Technology,Australia,2026,QS,294.0,46.0,swinburne university of technology,australia,294,46,79.07142857142857,27.90387182910547
University of Notre Dame,United States of America,2026,QS,294.0,46.0,university of notre dame,united states of america,294,46,79.07142857142857,27.90387182910547
Vrije Universiteit Brussel (VUB),Belgium,2026,QS,294.0,46.0,vrije universiteit brussel (vub),belgium,294,46,79.07142857142857,27.90387182910547
Istanbul Technical University,Türkiye,2026,QS,298.0,45.8,istanbul technical university,türkiye,298,45.8,78.78571428571428,27.636849132176227
University of Colorado Boulder,United States of America,2026,QS,299.0,45.6,university of colorado boulder,united states of america,299,45.6,78.71428571428571,27.369826435246996
Université Paris Cité,France,2026,QS,300.0,45.5,université paris cité,france,300,45.5,78.64285714285715,27.23631508678237
Universidad Carlos III de Madrid,Spain,2026,QS,301.0,45.4,universidad carlos iii de madrid,spain,301,45.4,78.57142857142857,27.10280373831775
Stellenbosch University,South Africa,2026,QS,302.0,45.2,stellenbosch university,south africa,302,45.2,78.5,26.83578104138852
Jagiellonian University,Poland,2026,QS,303.0,45.1,jagiellonian university,poland,303,45.1,78.42857142857143,26.702269692923895
University of Southern Denmark,Denmark,2026,QS,303.0,45.1,university of southern denmark,denmark,303,45.1,78.42857142857143,26.702269692923895
Xi'an Jiaotong University,China (Mainland),2026,QS,305.0,45.0,xi'an jiaotong university,china (mainland),305,45,78.28571428571428,26.568758344459276
Aalborg University,Denmark,2026,QS,306.0,44.9,aalborg university,denmark,306,44.9,78.21428571428571,26.435246995994653
Indiana University Bloomington,United States of America,2026,QS,306.0,44.9,indiana university bloomington,united states of america,306,44.9,78.21428571428571,26.435246995994653
Simon Fraser University,Canada,2026,QS,308.0,44.7,simon fraser university,canada,308,44.7,78.07142857142857,26.168224299065418
University of Johannesburg,South Africa,2026,QS,308.0,44.7,university of johannesburg,south africa,308,44.7,78.07142857142857,26.168224299065418
"City St George’s, University of London",United Kingdom,2026,QS,310.0,44.5,"city st george’s, university of london",united kingdom,310,44.5,77.92857142857143,25.901201602136176
Linköping University,Sweden,2026,QS,310.0,44.5,linköping university,sweden,310,44.5,77.92857142857143,25.901201602136176
Ulsan National Institute of Science and Technology,Republic of Korea,2026,QS,310.0,44.5,ulsan national institute of science and technology,republic of korea,310,44.5,77.92857142857143,25.901201602136176
Universität Stuttgart,Germany,2026,QS,310.0,44.5,universität stuttgart,germany,310,44.5,77.92857142857143,25.901201602136176
University of Miami,United States of America,2026,QS,314.0,44.3,university of miami,united states of america,314,44.3,77.64285714285715,25.634178905206934
University of Tasmania,Australia,2026,QS,314.0,44.3,university of tasmania,australia,314,44.3,77.64285714285715,25.634178905206934
Goethe Universität Frankfurt am Main,Germany,2026,QS,316.0,44.0,goethe universität frankfurt am main,germany,316,44,77.5,25.233644859813083
L.N. Gumilyov Eurasian National University,Kazakhstan,2026,QS,317.0,43.9,l.n. gumilyov eurasian national university,kazakhstan,317,43.9,77.42857142857143,25.10013351134846
Universidade Federal do Rio de Janeiro,Brazil,2026,QS,317.0,43.9,universidade federal do rio de janeiro,brazil,317,43.9,77.42857142857143,25.10013351134846
Huazhong University of Science and Technology,China (Mainland),2026,QS,319.0,43.8,huazhong university of science and technology,china (mainland),319,43.8,77.28571428571429,24.966622162883837
Bauman Moscow State Technical University,Russian Federation,2026,QS,320.0,43.5,bauman moscow state technical university,russian federation,320,43.5,77.21428571428571,24.566088117489983
Université Grenoble Alpes,France,2026,QS,321.0,43.4,université grenoble alpes,france,321,43.4,77.14285714285715,24.43257676902536
University of Tehran,Iran (Islamic Republic of),2026,QS,322.0,43.3,university of tehran,iran (islamic republic of),322,43.3,77.07142857142857,24.29906542056074
Koc University,Türkiye,2026,QS,323.0,43.1,koc university,türkiye,323,43.1,77.0,24.03204272363151
Sichuan University,China (Mainland),2026,QS,324.0,43.0,sichuan university,china (mainland),324,43,76.92857142857143,23.898531375166883
University of Jordan,Jordan,2026,QS,324.0,43.0,university of jordan,jordan,324,43,76.92857142857143,23.898531375166883
University of Leicester,United Kingdom,2026,QS,326.0,42.9,university of leicester,united kingdom,326,42.9,76.78571428571429,23.765020026702263
Universidade Nova de Lisboa,Portugal,2026,QS,327.0,42.8,universidade nova de lisboa,portugal,327,42.8,76.71428571428571,23.63150867823764
Rutgers University – New Brunswick,United States of America,2026,QS,328.0,42.6,rutgers university – new brunswick,united states of america,328,42.6,76.64285714285714,23.36448598130841
University of Delhi,India,2026,QS,328.0,42.6,university of delhi,india,328,42.6,76.64285714285714,23.36448598130841
University of Sharjah,United Arab Emirates,2026,QS,328.0,42.6,university of sharjah,united arab emirates,328,42.6,76.64285714285714,23.36448598130841
Kyung Hee University,Republic of Korea,2026,QS,331.0,42.5,kyung hee university,republic of korea,331,42.5,76.42857142857142,23.230974632843786
Satbayev University (previously Kazakh Technical University named after K.I. Satpaev),Kazakhstan,2026,QS,331.0,42.5,satbayev university (previously kazakh technical university named after k.i. satpaev),kazakhstan,331,42.5,76.42857142857142,23.230974632843786
York University,Canada,2026,QS,333.0,42.4,york university,canada,333,42.4,76.28571428571429,23.097463284379167
Indian Institute of Technology Guwahati (IITG),India,2026,QS,334.0,42.3,indian institute of technology guwahati (iitg),india,334,42.3,76.21428571428571,22.963951935914544
Sultan Qaboos University,Oman,2026,QS,334.0,42.3,sultan qaboos university,oman,334,42.3,76.21428571428571,22.963951935914544
Tufts University,United States of America,2026,QS,334.0,42.3,tufts university,united states of america,334,42.3,76.21428571428571,22.963951935914544
Universidad Politécnica de Madrid,Spain,2026,QS,334.0,42.3,universidad politécnica de madrid,spain,334,42.3,76.21428571428571,22.963951935914544
University of Illinois Chicago (UIC),United States of America,2026,QS,334.0,42.3,university of illinois chicago (uic),united states of america,334,42.3,76.21428571428571,22.963951935914544
Indian Institute of Technology Roorkee (IITR),India,2026,QS,339.0,42.2,indian institute of technology roorkee (iitr),india,339,42.2,75.85714285714286,22.83044058744993
Shandong University,China (Mainland),2026,QS,339.0,42.2,shandong university,china (mainland),339,42.2,75.85714285714286,22.83044058744993
Xiamen University,China (Mainland),2026,QS,341.0,42.1,xiamen university,china (mainland),341,42.1,75.71428571428571,22.696929238985312
University of Oulu,Finland,2026,QS,342.0,42.0,university of oulu,finland,342,42,75.64285714285714,22.56341789052069
Southern University of Science and Technology (SUSTech),China (Mainland),2026,QS,343.0,41.8,southern university of science and technology (sustech),china (mainland),343,41.8,75.57142857142857,22.296395193591447
University of Pisa,Italy,2026,QS,343.0,41.8,university of pisa,italy,343,41.8,75.57142857142857,22.296395193591447
National Taiwan University of Science and Technology (Taiwan Tech),Taiwan,2026,QS,345.0,41.7,national taiwan university of science and technology (taiwan tech),taiwan,345,41.7,75.42857142857143,22.162883845126835
Pontificia Universidad Católica del Perú (PUCP),Peru,2026,QS,345.0,41.7,pontificia universidad católica del perú (pucp),peru,345,41.7,75.42857142857143,22.162883845126835
Cairo University,Egypt,2026,QS,347.0,41.6,cairo university,egypt,347,41.6,75.28571428571429,22.029372496662212
Tilburg University,Netherlands,2026,QS,347.0,41.6,tilburg university,netherlands,347,41.6,75.28571428571429,22.029372496662212
University of Coimbra,Portugal,2026,QS,347.0,41.6,university of coimbra,portugal,347,41.6,75.28571428571429,22.029372496662212
Technion - Israel Institute of Technology,Israel,2026,QS,350.0,41.5,technion - israel institute of technology,israel,350,41.5,75.07142857142857,21.895861148197593
Universität Innsbruck,Austria,2026,QS,350.0,41.5,universität innsbruck,austria,350,41.5,75.07142857142857,21.895861148197593
University of Münster,Germany,2026,QS,350.0,41.5,university of münster,germany,350,41.5,75.07142857142857,21.895861148197593
University of Tsukuba,Japan,2026,QS,350.0,41.5,university of tsukuba,japan,350,41.5,75.07142857142857,21.895861148197593
Quaid-i-azam University,Pakistan,2026,QS,354.0,41.3,quaid-i-azam university,pakistan,354,41.3,74.78571428571429,21.62883845126835
Nankai University,China (Mainland),2026,QS,355.0,41.2,nankai university,china (mainland),355,41.2,74.71428571428571,21.49532710280374
National Technical University of Athens,Greece,2026,QS,355.0,41.2,national technical university of athens,greece,355,41.2,74.71428571428571,21.49532710280374
Università degli Studi di Roma - Tor Vergata,Italy,2026,QS,355.0,41.2,università degli studi di roma - tor vergata,italy,355,41.2,74.71428571428571,21.49532710280374
George Washington University,United States of America,2026,QS,358.0,41.1,george washington university,united states of america,358,41.1,74.5,21.361815754339116
Mahidol University,Thailand,2026,QS,358.0,41.1,mahidol university,thailand,358,41.1,74.5,21.361815754339116
University of Victoria,Canada,2026,QS,358.0,41.1,university of victoria,canada,358,41.1,74.5,21.361815754339116
Virginia Polytechnic Institute (Virginia Tech),United States of America,2026,QS,358.0,41.1,virginia polytechnic institute (virginia tech),united states of america,358,41.1,74.5,21.361815754339116
University of Chinese Academy of Sciences (UCAS),China (Mainland),2026,QS,362.0,40.9,university of chinese academy of sciences (ucas),china (mainland),362,40.9,74.21428571428571,21.094793057409873
University of Pretoria,South Africa,2026,QS,362.0,40.9,university of pretoria,south africa,362,40.9,74.21428571428571,21.094793057409873
University of Tartu,Estonia,2026,QS,362.0,40.9,university of tartu,estonia,362,40.9,74.21428571428571,21.094793057409873
University of the Philippines,Philippines,2026,QS,362.0,40.9,university of the philippines,philippines,362,40.9,74.21428571428571,21.094793057409873
University of Turku,Finland,2026,QS,366.0,40.6,university of turku,finland,366,40.6,73.92857142857143,20.69425901201602
RUDN University,Russian Federation,2026,QS,367.0,40.5,rudn university,russian federation,367,40.5,73.85714285714286,20.5607476635514
Sciences Po Paris,France,2026,QS,367.0,40.5,sciences po paris,france,367,40.5,73.85714285714286,20.5607476635514
Universiti Brunei Darussalam (UBD),Brunei Darussalam,2026,QS,367.0,40.5,universiti brunei darussalam (ubd),brunei darussalam,367,40.5,73.85714285714286,20.5607476635514
Daegu Gyeongbuk Institute of Science and Technology (DGIST),Republic of Korea,2026,QS,370.0,40.4,daegu gyeongbuk institute of science and technology (dgist),republic of korea,370,40.4,73.64285714285714,20.427236315086777
Bogazici University,Türkiye,2026,QS,371.0,40.3,bogazici university,türkiye,371,40.3,73.57142857142858,20.293724966622158
National University of Sciences And Technology (NUST) Islamabad,Pakistan,2026,QS,371.0,40.3,national university of sciences and technology (nust) islamabad,pakistan,371,40.3,73.57142857142858,20.293724966622158
Pontificia Universidad Javeriana,Colombia,2026,QS,371.0,40.3,pontificia universidad javeriana,colombia,371,40.3,73.57142857142858,20.293724966622158
Oxford Brookes University,United Kingdom,2026,QS,374.0,40.0,oxford brookes university,united kingdom,374,40,73.35714285714286,19.893190921228303
Saint Petersburg State University,Russian Federation,2026,QS,375.0,39.9,saint petersburg state university,russian federation,375,39.9,73.28571428571429,19.75967957276368
Sharif University of Technology,Iran (Islamic Republic of),2026,QS,375.0,39.9,sharif university of technology,iran (islamic republic of),375,39.9,73.28571428571429,19.75967957276368
South China University of Technology,China (Mainland),2026,QS,377.0,39.8,south china university of technology,china (mainland),377,39.8,73.14285714285714,19.62616822429906
University of Saskatchewan,Canada,2026,QS,378.0,39.6,university of saskatchewan,canada,378,39.6,73.07142857142857,19.359145527369826
University of Liege,Belgium,2026,QS,379.0,39.5,university of liege,belgium,379,39.5,73.0,19.225634178905203
University of Naples - Federico II,Italy,2026,QS,379.0,39.5,university of naples - federico ii,italy,379,39.5,73.0,19.225634178905203
The American University in Cairo,Egypt,2026,QS,381.0,39.4,the american university in cairo,egypt,381,39.4,72.85714285714285,19.092122830440584
University of East Anglia (UEA),United Kingdom,2026,QS,381.0,39.4,university of east anglia (uea),united kingdom,381,39.4,72.85714285714285,19.092122830440584
University of Luxembourg,Luxembourg,2026,QS,381.0,39.4,university of luxembourg,luxembourg,381,39.4,72.85714285714285,19.092122830440584
Northeastern University,United States of America,2026,QS,384.0,39.3,northeastern university,united states of america,384,39.3,72.64285714285714,18.95861148197596
Brunel University of London,United Kingdom,2026,QS,385.0,39.1,brunel university of london,united kingdom,385,39.1,72.57142857142857,18.69158878504673
Gwangju Institute of Science and Technology (GIST),Republic of Korea,2026,QS,385.0,39.1,gwangju institute of science and technology (gist),republic of korea,385,39.1,72.57142857142857,18.69158878504673
Flinders University,Australia,2026,QS,387.0,39.0,flinders university,australia,387,39,72.42857142857143,18.558077436582106
Beihang University (former BUAA),China (Mainland),2026,QS,388.0,38.5,beihang university (former buaa),china (mainland),388,38.5,72.35714285714285,17.89052069425901
"Birkbeck College, University of London",United Kingdom,2026,QS,388.0,38.5,"birkbeck college, university of london",united kingdom,388,38.5,72.35714285714285,17.89052069425901
National and Kapodistrian University of Athens,Greece,2026,QS,390.0,38.4,national and kapodistrian university of athens,greece,390,38.4,72.21428571428572,17.757009345794387
Abu Dhabi University,United Arab Emirates,2026,QS,391.0,38.3,abu dhabi university,united arab emirates,391,38.3,72.14285714285714,17.623497997329764
Sejong University,Republic of Korea,2026,QS,392.0,38.2,sejong university,republic of korea,392,38.2,72.07142857142857,17.489986648865155
"Southeast University, China",China (Mainland),2026,QS,392.0,38.2,"southeast university, china",china (mainland),392,38.2,72.07142857142857,17.489986648865155
Universitat Politècnica de Catalunya,Spain,2026,QS,392.0,38.2,universitat politècnica de catalunya,spain,392,38.2,72.07142857142857,17.489986648865155
Aston University,United Kingdom,2026,QS,395.0,38.1,aston university,united kingdom,395,38.1,71.85714285714285,17.356475300400533
Ruhr-Universität Bochum,Germany,2026,QS,395.0,38.1,ruhr-universität bochum,germany,395,38.1,71.85714285714285,17.356475300400533
Lappeenranta-Lahti University of Technology LUT,Finland,2026,QS,397.0,37.7,lappeenranta-lahti university of technology lut,finland,397,37.7,71.71428571428572,16.82242990654206
University of Kent,United Kingdom,2026,QS,397.0,37.7,university of kent,united kingdom,397,37.7,71.71428571428572,16.82242990654206
IPB University (aka Bogor Agricultural University),Indonesia,2026,QS,399.0,37.6,ipb university (aka bogor agricultural university),indonesia,399,37.6,71.57142857142857,16.688918558077432
Western Sydney University,Australia,2026,QS,400.0,37.5,western sydney university,australia,400,37.5,71.5,16.555407209612813
Umeå University,Sweden,2026,QS,401.0,37.4,umeå university,sweden,401,37.4,71.42857142857143,16.42189586114819
University of Granada,Spain,2026,QS,401.0,37.4,university of granada,spain,401,37.4,71.42857142857143,16.42189586114819
University of Limerick,Ireland,2026,QS,401.0,37.4,university of limerick,ireland,401,37.4,71.42857142857143,16.42189586114819
Sabanci University,Türkiye,2026,QS,404.0,37.2,sabanci university,türkiye,404,37.2,71.21428571428572,16.15487316421896
University of Florence,Italy,2026,QS,404.0,37.2,university of florence,italy,404,37.2,71.21428571428572,16.15487316421896
Institut National des Sciences Appliquées de Lyon (INSA),France,2026,QS,406.0,37.1,institut national des sciences appliquées de lyon (insa),france,406,37.1,71.07142857142857,16.021361815754336
Lincoln University,New Zealand,2026,QS,407.0,37.0,lincoln university,new zealand,407,37,71.0,15.887850467289717
University of Turin,Italy,2026,QS,408.0,36.9,university of turin,italy,408,36.9,70.92857142857143,15.754339118825095
Università  Cattolica del Sacro Cuore,Italy,2026,QS,409.0,36.8,università cattolica del sacro cuore,italy,409,36.8,70.85714285714285,15.620827770360474
Auckland University of Technology,New Zealand,2026,QS,410.0,36.7,auckland university of technology,new zealand,410,36.7,70.78571428571429,15.48731642189586
Dublin City University,Ireland,2026,QS,410.0,36.7,dublin city university,ireland,410,36.7,70.78571428571429,15.48731642189586
Sunway University,Malaysia,2026,QS,410.0,36.7,sunway university,malaysia,410,36.7,70.78571428571429,15.48731642189586
University at Buffalo SUNY,United States of America,2026,QS,410.0,36.7,university at buffalo suny,united states of america,410,36.7,70.78571428571429,15.48731642189586
University of Southern Queensland,Australia,2026,QS,410.0,36.7,university of southern queensland,australia,410,36.7,70.78571428571429,15.48731642189586
Bilkent University,Türkiye,2026,QS,415.0,36.6,bilkent university,türkiye,415,36.6,70.42857142857143,15.35380507343124
Czech Technical University In Prague,Czechia,2026,QS,416.0,36.5,czech technical university in prague,czechia,416,36.5,70.35714285714286,15.220293724966618
Julius-Maximilians-Universität Würzburg,Germany,2026,QS,416.0,36.5,julius-maximilians-universität würzburg,germany,416,36.5,70.35714285714286,15.220293724966618
Universität Mannheim,Germany,2026,QS,416.0,36.5,universität mannheim,germany,416,36.5,70.35714285714286,15.220293724966618
University of Aveiro,Portugal,2026,QS,419.0,36.4,university of aveiro,portugal,419,36.4,70.14285714285714,15.086782376501997
National Taipei University of Technology,Taiwan,2026,QS,420.0,36.3,national taipei university of technology,taiwan,420,36.3,70.07142857142857,14.953271028037376
Université de Strasbourg,France,2026,QS,420.0,36.3,université de strasbourg,france,420,36.3,70.07142857142857,14.953271028037376
Universitat Politecnica de Valencia,Spain,2026,QS,422.0,36.2,universitat politecnica de valencia,spain,422,36.2,69.92857142857143,14.819759679572764
Murdoch University,Australia,2026,QS,423.0,36.1,murdoch university,australia,423,36.1,69.85714285714286,14.686248331108143
Tampere University,Finland,2026,QS,423.0,36.1,tampere university,finland,423,36.1,69.85714285714286,14.686248331108143
Università  degli Studi di Pavia,Italy,2026,QS,423.0,36.1,università degli studi di pavia,italy,423,36.1,69.85714285714286,14.686248331108143
Washington State University,United States of America,2026,QS,423.0,36.1,washington state university,united states of america,423,36.1,69.85714285714286,14.686248331108143
Graz University of Technology,Austria,2026,QS,427.0,36.0,graz university of technology,austria,427,36,69.57142857142857,14.552736982643522
Aix-Marseille University,France,2026,QS,428.0,35.9,aix-marseille university,france,428,35.9,69.5,14.4192256341789
University of Dundee,United Kingdom,2026,QS,428.0,35.9,university of dundee,united kingdom,428,35.9,69.5,14.4192256341789
Masaryk University,Czechia,2026,QS,430.0,35.7,masaryk university,czechia,430,35.7,69.35714285714286,14.152202937249667
Universitat de Valencia,Spain,2026,QS,430.0,35.7,universitat de valencia,spain,430,35.7,69.35714285714286,14.152202937249667
Université de Montpellier,France,2026,QS,430.0,35.7,université de montpellier,france,430,35.7,69.35714285714286,14.152202937249667
East China Normal University,China (Mainland),2026,QS,433.0,35.6,east china normal university,china (mainland),433,35.6,69.14285714285714,14.018691588785046
Leibniz Universität Hannover,Germany,2026,QS,433.0,35.6,leibniz universität hannover,germany,433,35.6,69.14285714285714,14.018691588785046
National Taiwan Normal University,Taiwan,2026,QS,435.0,35.4,national taiwan normal university,taiwan,435,35.4,69.0,13.751668891855804
Prince Mohammad Bin Fahd University,Saudi Arabia,2026,QS,436.0,35.2,prince mohammad bin fahd university,saudi arabia,436,35.2,68.92857142857143,13.484646194926569
Universitat Ramon Llull,Spain,2026,QS,436.0,35.2,universitat ramon llull,spain,436,35.2,68.92857142857143,13.484646194926569
IE University,Spain,2026,QS,438.0,35.1,ie university,spain,438,35.1,68.78571428571428,13.351134846461948
National Sun Yat-sen University,Taiwan,2026,QS,439.0,35.0,national sun yat-sen university,taiwan,439,35,68.71428571428572,13.217623497997327
Ajman University,United Arab Emirates,2026,QS,440.0,34.9,ajman university,united arab emirates,440,34.9,68.64285714285714,13.084112149532706
James Cook University,Australia,2026,QS,440.0,34.9,james cook university,australia,440,34.9,68.64285714285714,13.084112149532706
Macau University of Science and Technology,"Macao SAR, China",2026,QS,440.0,34.9,macau university of science and technology,"macao sar, china",440,34.9,68.64285714285714,13.084112149532706
"National Research University Higher School of Economics (HSE, Moscow)",Russian Federation,2026,QS,440.0,34.9,"national research university higher school of economics (hse, moscow)",russian federation,440,34.9,68.64285714285714,13.084112149532706
Universität Konstanz,Germany,2026,QS,440.0,34.9,universität konstanz,germany,440,34.9,68.64285714285714,13.084112149532706
"University of California, Riverside",United States of America,2026,QS,440.0,34.9,"university of california, riverside",united states of america,440,34.9,68.64285714285714,13.084112149532706
Vilnius University,Lithuania,2026,QS,446.0,34.8,vilnius university,lithuania,446,34.8,68.21428571428572,12.950600801068084
Belarusian State University,Belarus,2026,QS,447.0,34.6,belarusian state university,belarus,447,34.6,68.14285714285714,12.683578104138851
Universität Bayreuth,Germany,2026,QS,448.0,34.5,universität bayreuth,germany,448,34.5,68.07142857142857,12.55006675567423
Iowa State University,United States of America,2026,QS,449.0,34.4,iowa state university,united states of america,449,34.4,68.0,12.416555407209607
Kazan Federal University,Russian Federation,2026,QS,450.0,34.3,kazan federal university,russian federation,450,34.3,67.92857142857143,12.283044058744986
"Universidade Estadual Paulista ""Júlio de Mesquita Filho"" (UNESP)",Brazil,2026,QS,450.0,34.3,"universidade estadual paulista ""júlio de mesquita filho"" (unesp)",brazil,450,34.3,67.92857142857143,12.283044058744986
Johannes Gutenberg Universität Mainz,Germany,2026,QS,452.0,34.2,johannes gutenberg universität mainz,germany,452,34.2,67.78571428571428,12.149532710280376
Shenzhen University,China (Mainland),2026,QS,452.0,34.2,shenzhen university,china (mainland),452,34.2,67.78571428571428,12.149532710280376
Stony Brook University,United States of America,2026,QS,452.0,34.2,stony brook university,united states of america,452,34.2,67.78571428571428,12.149532710280376
University of Cyprus,Cyprus,2026,QS,452.0,34.2,university of cyprus,cyprus,452,34.2,67.78571428571428,12.149532710280376
Amirkabir University of Technology,Iran (Islamic Republic of),2026,QS,456.0,34.1,amirkabir university of technology,iran (islamic republic of),456,34.1,67.5,12.016021361815755
University of Essex,United Kingdom,2026,QS,456.0,34.1,university of essex,united kingdom,456,34.1,67.5,12.016021361815755
Colorado State University,United States of America,2026,QS,458.0,34.0,colorado state university,united states of america,458,34,67.35714285714286,11.882510013351132
Universidad Nacional de La Plata,Argentina,2026,QS,458.0,34.0,universidad nacional de la plata,argentina,458,34,67.35714285714286,11.882510013351132
"University of California, Santa Cruz",United States of America,2026,QS,458.0,34.0,"university of california, santa cruz",united states of america,458,34,67.35714285714286,11.882510013351132
Jordan University of Science & Technology,Jordan,2026,QS,461.0,33.9,jordan university of science & technology,jordan,461,33.9,67.14285714285714,11.74899866488651
Novosibirsk State University,Russian Federation,2026,QS,461.0,33.9,novosibirsk state university,russian federation,461,33.9,67.14285714285714,11.74899866488651
Royal Holloway University of London,United Kingdom,2026,QS,461.0,33.9,royal holloway university of london,united kingdom,461,33.9,67.14285714285714,11.74899866488651
Università Vita-Salute San Raffaele,Italy,2026,QS,461.0,33.9,università vita-salute san raffaele,italy,461,33.9,67.14285714285714,11.74899866488651
Anna University,India,2026,QS,465.0,33.8,anna university,india,465,33.8,66.85714285714286,11.61548731642189
Concordia University,Canada,2026,QS,465.0,33.8,concordia university,canada,465,33.8,66.85714285714286,11.61548731642189
Shanghai University,China (Mainland),2026,QS,465.0,33.8,shanghai university,china (mainland),465,33.8,66.85714285714286,11.61548731642189
University of Kansas,United States of America,2026,QS,465.0,33.8,university of kansas,united states of america,465,33.8,66.85714285714286,11.61548731642189
Ben Gurion University of The Negev,Israel,2026,QS,469.0,33.7,ben gurion university of the negev,israel,469,33.7,66.57142857142857,11.481975967957277
Laval University,Canada,2026,QS,469.0,33.7,laval university,canada,469,33.7,66.57142857142857,11.481975967957277
Tashkent Institute of Irrigation and Agricultural Mechanization Engineers - National Research University (TIIAME-NRU),Uzbekistan,2026,QS,469.0,33.7,tashkent institute of irrigation and agricultural mechanization engineers - national research university (tiiame-nru),uzbekistan,469,33.7,66.57142857142857,11.481975967957277
Universidad de Sevilla,Spain,2026,QS,469.0,33.7,universidad de sevilla,spain,469,33.7,66.57142857142857,11.481975967957277
Jilin University,China (Mainland),2026,QS,473.0,33.5,jilin university,china (mainland),473,33.5,66.28571428571428,11.214953271028035
Johannes Kepler University Linz,Austria,2026,QS,473.0,33.5,johannes kepler university linz,austria,473,33.5,66.28571428571428,11.214953271028035
Pusan National University,Republic of Korea,2026,QS,473.0,33.5,pusan national university,republic of korea,473,33.5,66.28571428571428,11.214953271028035
Università della Svizzera Italiana,Switzerland,2026,QS,473.0,33.5,università della svizzera italiana,switzerland,473,33.5,66.28571428571428,11.214953271028035
Moscow Institute of Physics and Technology State University,Russian Federation,2026,QS,477.0,33.4,moscow institute of physics and technology state university,russian federation,477,33.4,66.0,11.081441922563414
Universität Potsdam,Germany,2026,QS,477.0,33.4,universität potsdam,germany,477,33.4,66.0,11.081441922563414
Chung-Ang University,Republic of Korea,2026,QS,479.0,33.3,chung-ang university,republic of korea,479,33.3,65.85714285714286,10.947930574098793
Hiroshima University,Japan,2026,QS,480.0,33.2,hiroshima university,japan,480,33.2,65.78571428571428,10.814419225634179
University of Science and Technology Beijing,China (Mainland),2026,QS,480.0,33.2,university of science and technology beijing,china (mainland),480,33.2,65.78571428571428,10.814419225634179
Dalian University of Technology,China (Mainland),2026,QS,482.0,33.0,dalian university of technology,china (mainland),482,33,65.64285714285715,10.547396528704937
Duy Tan University,Viet Nam,2026,QS,482.0,33.0,duy tan university,viet nam,482,33,65.64285714285715,10.547396528704937
Kobe University,Japan,2026,QS,482.0,33.0,kobe university,japan,482,33,65.64285714285715,10.547396528704937
Aristotle University of Thessaloniki,Greece,2026,QS,485.0,32.9,aristotle university of thessaloniki,greece,485,32.9,65.42857142857143,10.413885180240316
University of Trento,Italy,2026,QS,485.0,32.9,university of trento,italy,485,32.9,65.42857142857143,10.413885180240316
Edith Cowan University,Australia,2026,QS,487.0,32.8,edith cowan university,australia,487,32.8,65.28571428571428,10.280373831775695
Technische Universität Bergakademie Freiberg,Germany,2026,QS,487.0,32.8,technische universität bergakademie freiberg,germany,487,32.8,65.28571428571428,10.280373831775695
Warsaw University of Technology,Poland,2026,QS,487.0,32.8,warsaw university of technology,poland,487,32.8,65.28571428571428,10.280373831775695
Universidad de Santiago de Chile - USACH,Chile,2026,QS,490.0,32.7,universidad de santiago de chile - usach,chile,490,32.7,65.07142857142857,10.146862483311082
Central South University,China (Mainland),2026,QS,491.0,32.6,central south university,china (mainland),491,32.6,65.0,10.013351134846461
Imam Abdulrahman Bin Faisal University (formerly University of Dammam),Saudi Arabia,2026,QS,491.0,32.6,imam abdulrahman bin faisal university (formerly university of dammam),saudi arabia,491,32.6,65.0,10.013351134846461
Universiti Utara Malaysia (UUM),Malaysia,2026,QS,491.0,32.6,universiti utara malaysia (uum),malaysia,491,32.6,65.0,10.013351134846461
Université de Bordeaux,France,2026,QS,494.0,32.5,université de bordeaux,france,494,32.5,64.78571428571429,9.87983978638184
University of Canberra,Australia,2026,QS,494.0,32.5,university of canberra,australia,494,32.5,64.78571428571429,9.87983978638184
Iran University of Science and Technology,Iran (Islamic Republic of),2026,QS,496.0,32.4,iran university of science and technology,iran (islamic republic of),496,32.4,64.64285714285715,9.746328437917219
Justus-Liebig-Universität Gießen,Germany,2026,QS,496.0,32.4,justus-liebig-universität gießen,germany,496,32.4,64.64285714285715,9.746328437917219
University of Jyväskylä,Finland,2026,QS,498.0,32.3,university of jyväskylä,finland,498,32.3,64.5,9.612817089452596
Central Queensland University Australia (CQUniversity),Australia,2026,QS,499.0,32.2,central queensland university australia (cquniversity),australia,499,32.2,64.42857142857143,9.479305740987986
Northwestern Polytechnical University,China (Mainland),2026,QS,499.0,32.2,northwestern polytechnical university,china (mainland),499,32.2,64.42857142857143,9.479305740987986
Tomsk State University,Russian Federation,2026,QS,499.0,32.2,tomsk state university,russian federation,499,32.2,64.42857142857143,9.479305740987986
Universidad de Costa Rica,Costa Rica,2026,QS,499.0,32.2,universidad de costa rica,costa rica,499,32.2,64.42857142857143,9.479305740987986
Shoolini University of Biotechnology and Management Sciences,India,2026,QS,503.0,32.1,shoolini university of biotechnology and management sciences,india,503,32.1,64.14285714285714,9.345794392523365
China Agricultural University,China (Mainland),2026,QS,504.0,32.0,china agricultural university,china (mainland),504,32,64.07142857142857,9.212283044058744
Chongqing University,China (Mainland),2026,QS,504.0,32.0,chongqing university,china (mainland),504,32,64.07142857142857,9.212283044058744
Ewha Womans University,Republic of Korea,2026,QS,504.0,32.0,ewha womans university,republic of korea,504,32,64.07142857142857,9.212283044058744
Hunan University,China (Mainland),2026,QS,504.0,32.0,hunan university,china (mainland),504,32,64.07142857142857,9.212283044058744
University of Guelph,Canada,2026,QS,504.0,32.0,university of guelph,canada,504,32,64.07142857142857,9.212283044058744
China Medical University,Taiwan,2026,QS,509.0,31.9,china medical university,taiwan,509,31.9,63.714285714285715,9.07877169559412
Institut Teknologi Sepuluh Nopember (ITS),Indonesia,2026,QS,509.0,31.9,institut teknologi sepuluh nopember (its),indonesia,509,31.9,63.714285714285715,9.07877169559412
INTI International University,Malaysia,2026,QS,509.0,31.9,inti international university,malaysia,509,31.9,63.714285714285715,9.07877169559412
Ateneo de Manila University,Philippines,2026,QS,511.0,31.6,ateneo de manila university,philippines,511,31.6,63.57142857142857,8.678237650200266
Singapore Management University,Singapore,2026,QS,511.0,31.6,singapore management university,singapore,511,31.6,63.57142857142857,8.678237650200266
SOAS University of London,United Kingdom,2026,QS,511.0,31.6,soas university of london,united kingdom,511,31.6,63.57142857142857,8.678237650200266
University of Bradford,United Kingdom,2026,QS,511.0,31.6,university of bradford,united kingdom,511,31.6,63.57142857142857,8.678237650200266
Lebanese University,Lebanon,2026,QS,515.0,31.5,lebanese university,lebanon,515,31.5,63.28571428571429,8.544726301735645
Universitas Padjadjaran (UNPAD),Indonesia,2026,QS,515.0,31.5,universitas padjadjaran (unpad),indonesia,515,31.5,63.28571428571429,8.544726301735645
Pontificia Universidad Católica Argentina Santa María de los Buenos Aires - UCA,Argentina,2026,QS,517.0,31.4,pontificia universidad católica argentina santa maría de los buenos aires - uca,argentina,517,31.4,63.142857142857146,8.411214953271024
University of Stirling,United Kingdom,2026,QS,517.0,31.4,university of stirling,united kingdom,517,31.4,63.142857142857146,8.411214953271024
Kyungpook National University,Republic of Korea,2026,QS,519.0,31.3,kyungpook national university,republic of korea,519,31.3,63.0,8.277703604806407
Singapore University of Technology and Design,Singapore,2026,QS,519.0,31.3,singapore university of technology and design,singapore,519,31.3,63.0,8.277703604806407
Universidad Austral - Argentina,Argentina,2026,QS,519.0,31.3,universidad austral - argentina,argentina,519,31.3,63.0,8.277703604806407
University of Electronic Science and Technology of China,China (Mainland),2026,QS,519.0,31.3,university of electronic science and technology of china,china (mainland),519,31.3,63.0,8.277703604806407
Ural Federal University,Russian Federation,2026,QS,519.0,31.3,ural federal university,russian federation,519,31.3,63.0,8.277703604806407
University of Huddersfield,United Kingdom,2026,QS,524.0,31.2,university of huddersfield,united kingdom,524,31.2,62.642857142857146,8.144192256341785
The University of Georgia,United States of America,2026,QS,525.0,31.1,the university of georgia,united states of america,525,31.1,62.57142857142857,8.010680907877168
Boston College,United States of America,2026,QS,526.0,30.9,boston college,united states of america,526,30.9,62.5,7.743658210947927
Chiang Mai University,Thailand,2026,QS,526.0,30.9,chiang mai university,thailand,526,30.9,62.5,7.743658210947927
University of Hull,United Kingdom,2026,QS,526.0,30.9,university of hull,united kingdom,526,30.9,62.5,7.743658210947927
University of Salamanca,Spain,2026,QS,526.0,30.9,university of salamanca,spain,526,30.9,62.5,7.743658210947927
The Education University of Hong Kong,"Hong Kong SAR, China",2026,QS,530.0,30.8,the education university of hong kong,"hong kong sar, china",530,30.8,62.21428571428571,7.610146862483309
Universität Bremen,Germany,2026,QS,530.0,30.8,universität bremen,germany,530,30.8,62.21428571428571,7.610146862483309
University of Genoa,Italy,2026,QS,530.0,30.8,university of genoa,italy,530,30.8,62.21428571428571,7.610146862483309
University of Iowa,United States of America,2026,QS,530.0,30.8,university of iowa,united states of america,530,30.8,62.21428571428571,7.610146862483309
University of Connecticut,United States of America,2026,QS,534.0,30.7,university of connecticut,united states of america,534,30.7,61.92857142857143,7.476635514018688
King Khalid University,Saudi Arabia,2026,QS,535.0,30.6,king khalid university,saudi arabia,535,30.6,61.857142857142854,7.343124165554071
Lebanese American University,Lebanon,2026,QS,535.0,30.6,lebanese american university,lebanon,535,30.6,61.857142857142854,7.343124165554071
Prince Sultan University,Saudi Arabia,2026,QS,535.0,30.6,prince sultan university,saudi arabia,535,30.6,61.857142857142854,7.343124165554071
Universität Leipzig,Germany,2026,QS,535.0,30.6,universität leipzig,germany,535,30.6,61.857142857142854,7.343124165554071
University of Ljubljana,Slovenia,2026,QS,535.0,30.6,university of ljubljana,slovenia,535,30.6,61.857142857142854,7.343124165554071
Jinan University (China),China (Mainland),2026,QS,540.0,30.5,jinan university (china),china (mainland),540,30.5,61.5,7.20961281708945
University of Utah,United States of America,2026,QS,540.0,30.5,university of utah,united states of america,540,30.5,61.5,7.20961281708945
Ain Shams University,Egypt,2026,QS,542.0,30.3,ain shams university,egypt,542,30.3,61.357142857142854,6.9425901201602125
Universiti Teknologi MARA - UiTM,Malaysia,2026,QS,542.0,30.3,universiti teknologi mara - uitm,malaysia,542,30.3,61.357142857142854,6.9425901201602125
University of Milano-Bicocca,Italy,2026,QS,542.0,30.3,university of milano-bicocca,italy,542,30.3,61.357142857142854,6.9425901201602125
University of the Punjab,Pakistan,2026,QS,542.0,30.3,university of the punjab,pakistan,542,30.3,61.357142857142854,6.9425901201602125
Universität Ulm,Germany,2026,QS,546.0,30.2,universität ulm,germany,546,30.2,61.07142857142858,6.809078771695591
University of Hawaii at Mañoa,United States of America,2026,QS,546.0,30.2,university of hawaii at mañoa,united states of america,546,30.2,61.07142857142858,6.809078771695591
University of Windsor,Canada,2026,QS,546.0,30.2,university of windsor,canada,546,30.2,61.07142857142858,6.809078771695591
Florida State University,United States of America,2026,QS,549.0,30.1,florida state university,united states of america,549,30.1,60.857142857142854,6.675567423230974
Northumbria University at Newcastle,United Kingdom,2026,QS,550.0,30.0,northumbria university at newcastle,united kingdom,550,30,60.785714285714285,6.542056074766353
Thammasat University,Thailand,2026,QS,551.0,29.9,thammasat university,thailand,551,29.9,60.71428571428571,6.408544726301732
Universiti Tenaga Nasional (UNITEN),Malaysia,2026,QS,551.0,29.9,universiti tenaga nasional (uniten),malaysia,551,29.9,60.71428571428571,6.408544726301732
Hitotsubashi University,Japan,2026,QS,553.0,29.8,hitotsubashi university,japan,553,29.8,60.57142857142858,6.275033377837115
University of Delaware,United States of America,2026,QS,553.0,29.8,university of delaware,united states of america,553,29.8,60.57142857142858,6.275033377837115
Lahore University of Management Sciences (LUMS),Pakistan,2026,QS,555.0,29.7,lahore university of management sciences (lums),pakistan,555,29.7,60.42857142857143,6.141522029372493
Indian Institute of Technology Indore,India,2026,QS,556.0,29.6,indian institute of technology indore,india,556,29.6,60.357142857142854,6.008010680907877
University of Houston,United States of America,2026,QS,556.0,29.6,university of houston,united states of america,556,29.6,60.357142857142854,6.008010680907877
Al Ain University,United Arab Emirates,2026,QS,558.0,29.5,al ain university,united arab emirates,558,29.5,60.21428571428571,5.874499332443255
Coventry University,United Kingdom,2026,QS,558.0,29.5,coventry university,united kingdom,558,29.5,60.21428571428571,5.874499332443255
Jawaharlal Nehru University,India,2026,QS,558.0,29.5,jawaharlal nehru university,india,558,29.5,60.21428571428571,5.874499332443255
Sogang University,Republic of Korea,2026,QS,558.0,29.5,sogang university,republic of korea,558,29.5,60.21428571428571,5.874499332443255
University of Kwazulu-Natal,South Africa,2026,QS,558.0,29.5,university of kwazulu-natal,south africa,558,29.5,60.21428571428571,5.874499332443255
Ajou University,Republic of Korea,2026,QS,563.0,29.4,ajou university,republic of korea,563,29.4,59.857142857142854,5.740987983978634
American University of the Middle East,Kuwait,2026,QS,563.0,29.4,american university of the middle east,kuwait,563,29.4,59.857142857142854,5.740987983978634
University of Debrecen,Hungary,2026,QS,563.0,29.4,university of debrecen,hungary,563,29.4,59.857142857142854,5.740987983978634
Bangor University,United Kingdom,2026,QS,566.0,29.3,bangor university,united kingdom,566,29.3,59.64285714285714,5.6074766355140175
Indian Institute of Technology BHU Varanasi (IIT BHU Varanasi),India,2026,QS,566.0,29.3,indian institute of technology bhu varanasi (iit bhu varanasi),india,566,29.3,59.64285714285714,5.6074766355140175
Renmin (People’s) University of China,China (Mainland),2026,QS,566.0,29.3,renmin (people’s) university of china,china (mainland),566,29.3,59.64285714285714,5.6074766355140175
Savitribai Phule Pune University,India,2026,QS,566.0,29.3,savitribai phule pune university,india,566,29.3,59.64285714285714,5.6074766355140175
University of Minho,Portugal,2026,QS,566.0,29.3,university of minho,portugal,566,29.3,59.64285714285714,5.6074766355140175
Colorado School of Mines,United States of America,2026,QS,571.0,29.2,colorado school of mines,united states of america,571,29.2,59.285714285714285,5.4739652870493964
Hacettepe University,Türkiye,2026,QS,571.0,29.2,hacettepe university,türkiye,571,29.2,59.285714285714285,5.4739652870493964
Isfahan University of Technology,Iran (Islamic Republic of),2026,QS,571.0,29.2,isfahan university of technology,iran (islamic republic of),571,29.2,59.285714285714285,5.4739652870493964
Pontificia Universidade Católica do Rio de Janeiro (PUC - Rio),Brazil,2026,QS,571.0,29.2,pontificia universidade católica do rio de janeiro (puc - rio),brazil,571,29.2,59.285714285714285,5.4739652870493964
Brno University of Technology,Czechia,2026,QS,575.0,29.1,brno university of technology,czechia,575,29.1,59.0,5.340453938584779
Chandigarh University,India,2026,QS,575.0,29.1,chandigarh university,india,575,29.1,59.0,5.340453938584779
Universität Jena,Germany,2026,QS,575.0,29.1,universität jena,germany,575,29.1,59.0,5.340453938584779
Universidad Adolfo Ibáñez,Chile,2026,QS,578.0,29.0,universidad adolfo ibáñez,chile,578,29,58.785714285714285,5.206942590120158
Universiti Teknologi Brunei,Brunei Darussalam,2026,QS,578.0,29.0,universiti teknologi brunei,brunei darussalam,578,29,58.785714285714285,5.206942590120158
University of Tabriz,Iran (Islamic Republic of),2026,QS,578.0,29.0,university of tabriz,iran (islamic republic of),578,29,58.785714285714285,5.206942590120158
Universidad Pontificia Comillas,Spain,2026,QS,581.0,28.9,universidad pontificia comillas,spain,581,28.9,58.57142857142858,5.073431241655537
Florida International University,United States of America,2026,QS,582.0,28.8,florida international university,united states of america,582,28.8,58.5,4.93991989319092
University of Iceland,Iceland,2026,QS,582.0,28.8,university of iceland,iceland,582,28.8,58.5,4.93991989319092
Charles Darwin University,Australia,2026,QS,584.0,28.7,charles darwin university,australia,584,28.7,58.357142857142854,4.806408544726298
Eotvos Lorand University,Hungary,2026,QS,584.0,28.7,eotvos lorand university,hungary,584,28.7,58.357142857142854,4.806408544726298
University of Dhaka,Bangladesh,2026,QS,584.0,28.7,university of dhaka,bangladesh,584,28.7,58.357142857142854,4.806408544726298
American University,United States of America,2026,QS,587.0,28.6,american university,united states of america,587,28.6,58.14285714285714,4.672897196261682
National Central University,Taiwan,2026,QS,587.0,28.6,national central university,taiwan,587,28.6,58.14285714285714,4.672897196261682
Université Claude Bernard Lyon 1,France,2026,QS,587.0,28.6,université claude bernard lyon 1,france,587,28.6,58.14285714285714,4.672897196261682
Université Paul Sabatier Toulouse III,France,2026,QS,587.0,28.6,université paul sabatier toulouse iii,france,587,28.6,58.14285714285714,4.672897196261682
American University of Ras Al Khaimah ( AURAK ),United Arab Emirates,2026,QS,591.0,28.5,american university of ras al khaimah ( aurak ),united arab emirates,591,28.5,57.85714285714286,4.53938584779706
Bond University,Australia,2026,QS,591.0,28.5,bond university,australia,591,28.5,57.85714285714286,4.53938584779706
Illinois Institute of Technology,United States of America,2026,QS,591.0,28.5,illinois institute of technology,united states of america,591,28.5,57.85714285714286,4.53938584779706
National Research Nuclear University MEPhI (Moscow Engineering Physics Institute),Russian Federation,2026,QS,591.0,28.5,national research nuclear university mephi (moscow engineering physics institute),russian federation,591,28.5,57.85714285714286,4.53938584779706
Universidade Federal de Minas Gerais,Brazil,2026,QS,595.0,28.4,universidade federal de minas gerais,brazil,595,28.4,57.57142857142858,4.405874499332439
Zayed University,United Arab Emirates,2026,QS,595.0,28.4,zayed university,united arab emirates,595,28.4,57.57142857142858,4.405874499332439
Asia Pacific University of Technology and Innovation (APU) Malaysia,Malaysia,2026,QS,597.0,28.3,asia pacific university of technology and innovation (apu) malaysia,malaysia,597,28.3,57.42857142857143,4.272363150867823
Hasselt University,Belgium,2026,QS,597.0,28.3,hasselt university,belgium,597,28.3,57.42857142857143,4.272363150867823
Management and Science University - MSU Malaysia,Malaysia,2026,QS,597.0,28.3,management and science university - msu malaysia,malaysia,597,28.3,57.42857142857143,4.272363150867823
Taipei Medical University,Taiwan,2026,QS,597.0,28.3,taipei medical university,taiwan,597,28.3,57.42857142857143,4.272363150867823
Tulane University,United States of America,2026,QS,597.0,28.3,tulane university,united states of america,597,28.3,57.42857142857143,4.272363150867823
University of Szeged,Hungary,2026,QS,597.0,28.3,university of szeged,hungary,597,28.3,57.42857142857143,4.272363150867823
University of Texas at Dallas,United States of America,2026,QS,597.0,28.3,university of texas at dallas,united states of america,597,28.3,57.42857142857143,4.272363150867823
Canadian University of Dubai,United Arab Emirates,2026,QS,604.0,28.2,canadian university of dubai,united arab emirates,604,28.2,56.92857142857143,4.1388518024032015
National Chengchi University,Taiwan,2026,QS,604.0,28.2,national chengchi university,taiwan,604,28.2,56.92857142857143,4.1388518024032015
University of Eastern Finland,Finland,2026,QS,604.0,28.2,university of eastern finland,finland,604,28.2,56.92857142857143,4.1388518024032015
University of Siena,Italy,2026,QS,607.0,28.0,university of siena,italy,607,28,56.714285714285715,3.8718291054739633
University of Tennessee,United States of America,2026,QS,607.0,28.0,university of tennessee,united states of america,607,28,56.714285714285715,3.8718291054739633
Nottingham Trent University,United Kingdom,2026,QS,609.0,27.9,nottingham trent university,united kingdom,609,27.9,56.57142857142857,3.738317757009342
Peter the Great St.Petersburg Polytechnic University,Russian Federation,2026,QS,609.0,27.9,peter the great st.petersburg polytechnic university,russian federation,609,27.9,56.57142857142857,3.738317757009342
Universiti Malaysia Pahang Al-Sultan Abdullah (UMPSA),Malaysia,2026,QS,609.0,27.9,universiti malaysia pahang al-sultan abdullah (umpsa),malaysia,609,27.9,56.57142857142857,3.738317757009342
University of Ulster,United Kingdom,2026,QS,609.0,27.9,university of ulster,united kingdom,609,27.9,56.57142857142857,3.738317757009342
Applied Science University - Bahrain,Bahrain,2026,QS,613.0,27.8,applied science university - bahrain,bahrain,613,27.8,56.285714285714285,3.604806408544725
City University of New York,United States of America,2026,QS,613.0,27.8,city university of new york,united states of america,613,27.8,56.285714285714285,3.604806408544725
International Islamic University Malaysia (IIUM),Malaysia,2026,QS,613.0,27.8,international islamic university malaysia (iium),malaysia,613,27.8,56.285714285714285,3.604806408544725
Universidad de Concepción,Chile,2026,QS,613.0,27.8,universidad de concepción,chile,613,27.8,56.285714285714285,3.604806408544725
University of Plymouth,United Kingdom,2026,QS,613.0,27.8,university of plymouth,united kingdom,613,27.8,56.285714285714285,3.604806408544725
Christian-Albrechts-Universität zu Kiel,Germany,2026,QS,618.0,27.7,christian-albrechts-universität zu kiel,germany,618,27.7,55.92857142857143,3.471295060080104
Dongguk University,Republic of Korea,2026,QS,618.0,27.7,dongguk university,republic of korea,618,27.7,55.92857142857143,3.471295060080104
Saint Joseph University of Beirut (USJ),Lebanon,2026,QS,618.0,27.7,saint joseph university of beirut (usj),lebanon,618,27.7,55.92857142857143,3.471295060080104
Zhengzhou University,China (Mainland),2026,QS,618.0,27.7,zhengzhou university,china (mainland),618,27.7,55.92857142857143,3.471295060080104
Umm Al-Qura University,Saudi Arabia,2026,QS,622.0,27.6,umm al-qura university,saudi arabia,622,27.6,55.64285714285714,3.337783711615487
University of New Brunswick,Canada,2026,QS,622.0,27.6,university of new brunswick,canada,622,27.6,55.64285714285714,3.337783711615487
Diponegoro University,Indonesia,2026,QS,624.0,27.5,diponegoro university,indonesia,624,27.5,55.50000000000001,3.204272363150866
Oregon State University,United States of America,2026,QS,624.0,27.5,oregon state university,united states of america,624,27.5,55.50000000000001,3.204272363150866
Universidad del Pais Vasco,Spain,2026,QS,624.0,27.5,universidad del pais vasco,spain,624,27.5,55.50000000000001,3.204272363150866
Yeshiva University,United States of America,2026,QS,624.0,27.5,yeshiva university,united states of america,624,27.5,55.50000000000001,3.204272363150866
Istanbul University,Türkiye,2026,QS,628.0,27.4,istanbul university,türkiye,628,27.4,55.214285714285715,3.0707610146862443
Kazakh National Pedagogical University Abai,Kazakhstan,2026,QS,628.0,27.4,kazakh national pedagogical university abai,kazakhstan,628,27.4,55.214285714285715,3.0707610146862443
Missouri University of Science and Technology,United States of America,2026,QS,628.0,27.4,missouri university of science and technology,united states of america,628,27.4,55.214285714285715,3.0707610146862443
National Chung Hsing University,Taiwan,2026,QS,628.0,27.4,national chung hsing university,taiwan,628,27.4,55.214285714285715,3.0707610146862443
Universidade de Santiago de Compostela,Spain,2026,QS,628.0,27.4,universidade de santiago de compostela,spain,628,27.4,55.214285714285715,3.0707610146862443
University of Crete,Greece,2026,QS,628.0,27.4,university of crete,greece,628,27.4,55.214285714285715,3.0707610146862443
University of South Carolina,United States of America,2026,QS,628.0,27.4,university of south carolina,united states of america,628,27.4,55.214285714285715,3.0707610146862443
Tallinn University of Technology,Estonia,2026,QS,635.0,27.2,tallinn university of technology,estonia,635,27.2,54.714285714285715,2.803738317757006
Universität des Saarlandes,Germany,2026,QS,635.0,27.2,universität des saarlandes,germany,635,27.2,54.714285714285715,2.803738317757006
University of Portsmouth,United Kingdom,2026,QS,635.0,27.2,university of portsmouth,united kingdom,635,27.2,54.714285714285715,2.803738317757006
"Lincoln University College, Malaysia",Malaysia,2026,QS,638.0,27.1,"lincoln university college, malaysia",malaysia,638,27.1,54.50000000000001,2.6702269692923895
Southern Cross University,Australia,2026,QS,638.0,27.1,southern cross university,australia,638,27.1,54.50000000000001,2.6702269692923895
Universidad de Zaragoza,Spain,2026,QS,638.0,27.1,universidad de zaragoza,spain,638,27.1,54.50000000000001,2.6702269692923895
"University of Chemistry and Technology, Prague",Czechia,2026,QS,638.0,27.1,"university of chemistry and technology, prague",czechia,638,27.1,54.50000000000001,2.6702269692923895
University of Fribourg,Switzerland,2026,QS,642.0,27.0,university of fribourg,switzerland,642,27,54.214285714285715,2.5367156208277684
Abo Akademi University,Finland,2026,QS,643.0,26.9,abo akademi university,finland,643,26.9,54.142857142857146,2.403204272363147
Inha University,Republic of Korea,2026,QS,643.0,26.9,inha university,republic of korea,643,26.9,54.142857142857146,2.403204272363147
Libera Universita' di Bolzano,Italy,2026,QS,643.0,26.9,libera universita' di bolzano,italy,643,26.9,54.142857142857146,2.403204272363147
Manchester Metropolitan University,United Kingdom,2026,QS,643.0,26.9,manchester metropolitan university,united kingdom,643,26.9,54.142857142857146,2.403204272363147
University of Manitoba,Canada,2026,QS,643.0,26.9,university of manitoba,canada,643,26.9,54.142857142857146,2.403204272363147
King Faisal University,Saudi Arabia,2026,QS,648.0,26.8,king faisal university,saudi arabia,648,26.8,53.78571428571428,2.26969292389853
"University of Tromso, The Arctic University of Norway",Norway,2026,QS,648.0,26.8,"university of tromso, the arctic university of norway",norway,648,26.8,53.78571428571428,2.26969292389853
MGIMO University,Russian Federation,2026,QS,650.0,26.7,mgimo university,russian federation,650,26.7,53.642857142857146,2.136181575433909
Paris Lodron University of Salzburg,Austria,2026,QS,650.0,26.7,paris lodron university of salzburg,austria,650,26.7,53.642857142857146,2.136181575433909
Universidad de la República (UdelaR),Uruguay,2026,QS,650.0,26.7,universidad de la república (udelar),uruguay,650,26.7,53.642857142857146,2.136181575433909
University of Brescia,Italy,2026,QS,650.0,26.7,university of brescia,italy,650,26.7,53.642857142857146,2.136181575433909
China University of Mining and Technology,China (Mainland),2026,QS,654.0,26.6,china university of mining and technology,china (mainland),654,26.6,53.35714285714286,2.002670226969292
De La Salle University,Philippines,2026,QS,654.0,26.6,de la salle university,philippines,654,26.6,53.35714285714286,2.002670226969292
Konkuk University,Republic of Korea,2026,QS,654.0,26.6,konkuk university,republic of korea,654,26.6,53.35714285714286,2.002670226969292
Université de Lille,France,2026,QS,654.0,26.6,université de lille,france,654,26.6,53.35714285714286,2.002670226969292
"University of Agriculture, Faisalabad",Pakistan,2026,QS,654.0,26.6,"university of agriculture, faisalabad",pakistan,654,26.6,53.35714285714286,2.002670226969292
University of South Florida,United States of America,2026,QS,654.0,26.6,university of south florida,united states of america,654,26.6,53.35714285714286,2.002670226969292
Bar-Ilan University,Israel,2026,QS,660.0,26.5,bar-ilan university,israel,660,26.5,52.92857142857142,1.869158878504671
Ca' Foscari University of Venice,Italy,2026,QS,660.0,26.5,ca' foscari university of venice,italy,660,26.5,52.92857142857142,1.869158878504671
"Kingston University, London",United Kingdom,2026,QS,660.0,26.5,"kingston university, london",united kingdom,660,26.5,52.92857142857142,1.869158878504671
Memorial University of Newfoundland,Canada,2026,QS,660.0,26.5,memorial university of newfoundland,canada,660,26.5,52.92857142857142,1.869158878504671
COMSATS University Islamabad,Pakistan,2026,QS,664.0,26.4,comsats university islamabad,pakistan,664,26.4,52.642857142857146,1.7356475300400496
Indian Institute of Technology Hyderabad (IITH),India,2026,QS,664.0,26.4,indian institute of technology hyderabad (iith),india,664,26.4,52.642857142857146,1.7356475300400496
University of Mumbai,India,2026,QS,664.0,26.4,university of mumbai,india,664,26.4,52.642857142857146,1.7356475300400496
University of Oklahoma,United States of America,2026,QS,664.0,26.4,university of oklahoma,united states of america,664,26.4,52.642857142857146,1.7356475300400496
Birla Institute of Technology and Science,India,2026,QS,668.0,26.3,birla institute of technology and science,india,668,26.3,52.35714285714286,1.602136181575433
Chang Gung University,Taiwan,2026,QS,668.0,26.3,chang gung university,taiwan,668,26.3,52.35714285714286,1.602136181575433
Karl-Franzens-Universität Graz,Austria,2026,QS,668.0,26.3,karl-franzens-universität graz,austria,668,26.3,52.35714285714286,1.602136181575433
Lehigh University,United States of America,2026,QS,668.0,26.3,lehigh university,united states of america,668,26.3,52.35714285714286,1.602136181575433
Palacký University in Olomouc,Czechia,2026,QS,668.0,26.3,palacký university in olomouc,czechia,668,26.3,52.35714285714286,1.602136181575433
East China University of Science and Technology,China (Mainland),2026,QS,673.0,26.2,east china university of science and technology,china (mainland),673,26.2,52.0,1.4686248331108114
Stevens Institute of Technology,United States of America,2026,QS,673.0,26.2,stevens institute of technology,united states of america,673,26.2,52.0,1.4686248331108114
Technische Universität Dortmund,Germany,2026,QS,673.0,26.2,technische universität dortmund,germany,673,26.2,52.0,1.4686248331108114
Beirut Arab University,Lebanon,2026,QS,676.0,26.1,beirut arab university,lebanon,676,26.1,51.78571428571429,1.3351134846461947
Jadavpur University,India,2026,QS,676.0,26.1,jadavpur university,india,676,26.1,51.78571428571429,1.3351134846461947
American University in Dubai,United Arab Emirates,2026,QS,678.0,26.0,american university in dubai,united arab emirates,678,26,51.642857142857146,1.2016021361815734
University of Haifa,Israel,2026,QS,678.0,26.0,university of haifa,israel,678,26,51.642857142857146,1.2016021361815734
HUFS - Hankuk (Korea) University of Foreign Studies,Republic of Korea,2026,QS,680.0,25.9,hufs - hankuk (korea) university of foreign studies,republic of korea,680,25.9,51.5,1.068090787716952
Nanjing University of Aeronautics and Astronautics,China (Mainland),2026,QS,680.0,25.9,nanjing university of aeronautics and astronautics,china (mainland),680,25.9,51.5,1.068090787716952
Ritsumeikan University,Japan,2026,QS,680.0,25.9,ritsumeikan university,japan,680,25.9,51.5,1.068090787716952
University of Brawijaya,Indonesia,2026,QS,680.0,25.9,university of brawijaya,indonesia,680,25.9,51.5,1.068090787716952
Comenius University Bratislava,Slovakia,2026,QS,684.0,25.8,comenius university bratislava,slovakia,684,25.8,51.214285714285715,0.9345794392523356
Ton Duc Thang University,Viet Nam,2026,QS,684.0,25.8,ton duc thang university,viet nam,684,25.8,51.214285714285715,0.9345794392523356
China University of Petroleum,China (Mainland),2026,QS,686.0,25.7,china university of petroleum,china (mainland),686,25.7,51.07142857142857,0.8010680907877141
Cyprus University of Technology,Cyprus,2026,QS,686.0,25.7,cyprus university of technology,cyprus,686,25.7,51.07142857142857,0.8010680907877141
Baku State University,Azerbaijan,2026,QS,688.0,25.6,baku state university,azerbaijan,688,25.6,50.92857142857142,0.6675567423230974
Tomsk Polytechnic University,Russian Federation,2026,QS,688.0,25.6,tomsk polytechnic university,russian federation,688,25.6,50.92857142857142,0.6675567423230974
Université Côte d’Azur,France,2026,QS,688.0,25.6,université côte d’azur,france,688,25.6,50.92857142857142,0.6675567423230974
Eastern Mediterranean University,Northern Cyprus,2026,QS,691.0,25.4,eastern mediterranean university,northern cyprus,691,25.4,50.71428571428571,0.4005340453938547
Universidade Federal do Rio Grande Do Sul,Brazil,2026,QS,691.0,25.4,universidade federal do rio grande do sul,brazil,691,25.4,50.71428571428571,0.4005340453938547
Universität Regensburg,Germany,2026,QS,691.0,25.4,universität regensburg,germany,691,25.4,50.71428571428571,0.4005340453938547
"Vellore Institute of Technology (VIT), Vellore, India",India,2026,QS,691.0,25.4,"vellore institute of technology (vit), vellore, india",india,691,25.4,50.71428571428571,0.4005340453938547
Rensselaer Polytechnic Institute,United States of America,2026,QS,695.0,25.3,rensselaer polytechnic institute,united states of america,695,25.3,50.42857142857143,0.267022696929238
Symbiosis International (Deemed University),India,2026,QS,696.0,25.2,symbiosis international (deemed university),india,696,25.2,50.357142857142854,0.13351134846461662
TUHH Hamburg University of Technology,Germany,2026,QS,696.0,25.2,tuhh hamburg university of technology,germany,696,25.2,50.357142857142854,0.13351134846461662
Ankara Üniversitesi,Türkiye,2026,QS,697.0,25.1,ankara üniversitesi,türkiye,697,25.1,50.28571428571429,0.0
Beijing University of Chemical Technology,China (Mainland),2026,QS,697.0,25.1,beijing university of chemical technology,china (mainland),697,25.1,50.28571428571429,0.0
Kazakh National Agrarian University,Kazakhstan,2026,QS,697.0,25.1,kazakh national agrarian university,kazakhstan,697,25.1,50.28571428571429,0.0
Tokyo Medical and Dental University,Japan,2026,QS,697.0,25.1,tokyo medical and dental university,japan,697,25.1,50.28571428571429,0.0
Universidad de Alcalá,Spain,2026,QS,697.0,25.1,universidad de alcalá,spain,697,25.1,50.28571428571429,0.0
University of Klagenfurt,Austria,2026,QS,697.0,25.1,university of klagenfurt,austria,697,25.1,50.28571428571429,0.0
"University of Missouri, Columbia",United States of America,2026,QS,697.0,25.1,"university of missouri, columbia",united states of america,697,25.1,50.28571428571429,0.0
University of Oxford,United Kingdom,2026,THE,1.0,98.21,university of oxford,united kingdom,1,98.21,100.0,100.0
Massachusetts Institute of Technology,United States,2026,THE,2.0,97.6734999999999,massachusetts institute of technology,united states,2,97.6734999999999,99.95433789954338,99.38989719796206
Princeton University,United States,2026,THE,3.0,97.211,princeton university,united states,3,97.211,99.90867579908675,98.86394650655022
University of Cambridge,United Kingdom,2026,THE,4.0,97.2064999999999,university of cambridge,united kingdom,4,97.2064999999999,99.86301369863013,98.85882914847151
Stanford University,United States,2026,THE,5.0,97.151,stanford university,united states,5,97.151,99.81735159817352,98.7957150655022
Harvard University,United States,2026,THE,6.0,97.051,harvard university,united states,6,97.051,99.77168949771689,98.6819959970888
California Institute of Technology,United States,2026,THE,7.0,96.3164999999999,california institute of technology,united states,7,96.3164999999999,99.72602739726028,97.84672943959232
Imperial College London,United Kingdom,2026,THE,8.0,94.689,imperial college london,united kingdom,8,94.689,99.68036529680366,95.99595160116449
"University of California, Berkeley",United States,2026,THE,9.0,94.406,"university of california, berkeley",united states,9,94.406,99.63470319634703,95.67412663755461
Yale University,United States,2026,THE,10.0,94.081,yale university,united states,10,94.081,99.58904109589041,95.30453966521108
ETH Zurich,Switzerland,2026,THE,11.0,93.1259999999999,eth zurich,switzerland,11,93.1259999999999,99.54337899543378,94.21852256186307
Tsinghua University,China,2026,THE,12.0,93.0304999999999,tsinghua university,china,12,93.0304999999999,99.49771689497717,94.10992085152829
Peking University,China,2026,THE,13.0,92.2815,peking university,china,13,92.2815,99.45205479452055,93.25816502911208
University of Pennsylvania,United States,2026,THE,14.0,90.8024999999999,university of pennsylvania,united states,14,90.8024999999999,99.40639269406392,91.57626000727791
The University of Chicago,United States,2026,THE,15.0,90.6345,the university of chicago,united states,15,90.6345,99.3607305936073,91.38521197234353
Johns Hopkins University,United States,2026,THE,16.0,90.0604999999999,johns hopkins university,united states,16,90.0604999999999,99.31506849315068,90.73246451965056
National University of Singapore,Singapore,2026,THE,17.0,89.6719999999999,national university of singapore,singapore,17,89.6719999999999,99.26940639269407,90.29066593886452
"University of California, Los Angeles",United States,2026,THE,18.0,89.4859999999999,"university of california, los angeles",united states,18,89.4859999999999,99.22374429223744,90.07914847161562
Cornell University,United States,2026,THE,19.0,89.4589999999999,cornell university,united states,19,89.4589999999999,99.17808219178083,90.04844432314401
Columbia University,United States,2026,THE,20.0,89.4025,columbia university,united states,20,89.4025,99.1324200913242,89.98419304949054
University of Toronto,Canada,2026,THE,21.0,88.4544999999999,university of toronto,canada,21,88.4544999999999,99.08675799086758,88.90613628093148
UCL,United Kingdom,2026,THE,22.0,87.4425,ucl,united kingdom,22,87.4425,99.04109589041096,87.75529930858806
University of Michigan-Ann Arbor,United States,2026,THE,23.0,86.9295,university of michigan-ann arbor,united states,23,86.9295,98.99543378995433,87.17192048762737
Carnegie Mellon University,United States,2026,THE,24.0,84.959,carnegie mellon university,united states,24,84.959,98.94977168949771,84.9310862445415
University of Washington,United States,2026,THE,25.0,83.7164999999999,university of washington,united states,25,83.7164999999999,98.9041095890411,83.51812681950499
The University of Tokyo,Japan,2026,THE,26.0,83.5244999999999,the university of tokyo,japan,26,83.5244999999999,98.85844748858447,83.29978620815129
Technical University of Munich,Germany,2026,THE,27.0,83.4474999999999,technical university of munich,germany,27,83.4474999999999,98.81278538812785,83.21222252547297
Duke University,United States,2026,THE,28.0,82.9195,duke university,united states,28,82.9195,98.76712328767124,82.61178584425038
University of Edinburgh,United Kingdom,2026,THE,29.0,82.4895,university of edinburgh,united kingdom,29,82.4895,98.72146118721462,82.1227938500728
Northwestern University,United States,2026,THE,30.0,81.869,northwestern university,united states,30,81.869,98.67579908675799,81.4171670305677
"Nanyang Technological University, Singapore",Singapore,2026,THE,31.0,81.6399999999999,"nanyang technological university, singapore",singapore,31,81.6399999999999,98.63013698630137,81.15675036390091
New York University,United States,2026,THE,32.0,81.6114999999999,new york university,united states,32,81.6114999999999,98.58447488584476,81.12434042940309
University of Hong Kong,Hong Kong,2026,THE,33.0,80.4654999999999,university of hong kong,hong kong,33,80.4654999999999,98.53881278538813,79.82111990538563
LMU Munich,Germany,2026,THE,34.0,79.6665,lmu munich,germany,34,79.6665,98.4931506849315,78.91250454876274
Ã‰cole Polytechnique FÃ©dÃ©rale de Lausanne,Switzerland,2026,THE,35.0,79.6154999999999,ã‰cole polytechnique fã©dã©rale de lausanne,switzerland,35,79.6154999999999,98.44748858447488,78.8545078238718
Fudan University,China,2026,THE,36.0,79.2785,fudan university,china,36,79.2785,98.40182648401826,78.47127456331877
University of Melbourne,Australia,2026,THE,37.0,79.0485,university of melbourne,australia,37,79.0485,98.35616438356163,78.20972070596798
Kingâ€™s College London,United Kingdom,2026,THE,38.0,78.6574999999999,kingâ€™s college london,united kingdom,38,78.6574999999999,98.31050228310502,77.7650791484715
Zhejiang University,China,2026,THE,39.0,78.3135,zhejiang university,china,39,78.3135,98.2648401826484,77.37388555312957
Shanghai Jiao Tong University,China,2026,THE,40.0,77.5695,shanghai jiao tong university,china,40,77.5695,98.21917808219179,76.52781568413393
McGill University,Canada,2026,THE,41.0,77.1269999999999,mcgill university,canada,41,77.1269999999999,98.17351598173516,76.02460880640454
Georgia Institute of Technology,United States,2026,THE,42.0,77.1144999999999,georgia institute of technology,united states,42,77.1144999999999,98.12785388127854,76.01039392285287
University of Illinois at Urbana-Champaign,United States,2026,THE,43.0,77.072,university of illinois at urbana-champaign,united states,43,77.072,98.08219178082192,75.9620633187773
The Chinese University of Hong Kong,Hong Kong,2026,THE,44.0,77.0595,the chinese university of hong kong,hong kong,44,77.0595,98.03652968036529,75.94784843522562
University of British Columbia,Canada,2026,THE,45.0,77.029,university of british columbia,canada,45,77.029,97.99086757990868,75.91316411935954
KU Leuven,Belgium,2026,THE,46.0,76.8154999999999,ku leuven,belgium,46,76.8154999999999,97.94520547945206,75.67037390829684
"University of California, San Diego",United States,2026,THE,47.0,76.5385,"university of california, san diego",united states,47,76.5385,97.89954337899543,75.35537208879185
Paris Sciences et Lettres â€“ PSL Research University Paris,France,2026,THE,48.0,76.4815,paris sciences et lettres â€“ psl research university paris,france,48,76.4815,97.85388127853881,75.29055221979621
UniversitÃ¤t Heidelberg,Germany,2026,THE,49.0,76.3075,universitã¤t heidelberg,germany,49,76.3075,97.80821917808218,75.09268104075693
University of Texas at Austin,United States,2026,THE,50.0,75.828,university of texas at austin,united states,50,75.828,97.76255707762557,74.54739810771471
University of Science and Technology of China,China,2026,THE,51.0,75.6435,university of science and technology of china,china,51,75.6435,97.71689497716895,74.337586426492
London School of Economics and Political Science,United Kingdom,2026,THE,52.0,75.4525,london school of economics and political science,united kingdom,52,75.4525,97.67123287671234,74.12038300582242
The University of Sydney,Australia,2026,THE,53.0,75.06,the university of sydney,australia,53,75.06,97.62557077625571,73.67403566229986
University of Wisconsin-Madison,United States,2026,THE,54.0,75.0445,university of wisconsin-madison,united states,54,75.0445,97.57990867579909,73.65640920669578
Karolinska Institute,Sweden,2026,THE,55.0,74.9949999999999,karolinska institute,sweden,55,74.9949999999999,97.53424657534246,73.60011826783105
University of Manchester,United Kingdom,2026,THE,56.0,74.9325,university of manchester,united kingdom,56,74.9325,97.48858447488584,73.5290438500728
Delft University of Technology,Netherlands,2026,THE,57.0,74.246,delft university of technology,netherlands,57,74.246,97.44292237442922,72.74836244541486
The Hong Kong University of Science and Technology,Hong Kong,2026,THE,58.0,74.123,the hong kong university of science and technology,hong kong,58,74.123,97.3972602739726,72.60848799126639
Seoul National University,South Korea,2026,THE,59.0,74.094,seoul national university,south korea,59,74.094,97.35159817351598,72.57550946142649
Monash University,Australia,2026,THE,60.0,74.0899999999999,monash university,australia,60,74.0899999999999,97.30593607305936,72.57096069868986
Kyoto University,Japan,2026,THE,61.0,73.961,kyoto university,japan,61,73.961,97.26027397260275,72.42426310043668
University of Amsterdam,Netherlands,2026,THE,62.0,73.7445,university of amsterdam,netherlands,62,73.7445,97.21461187214612,72.17806131732169
Nanjing University,China,2026,THE,63.0,73.7139999999999,nanjing university,china,63,73.7139999999999,97.1689497716895,72.14337700145549
"University of California, Davis",United States,2026,THE,64.0,72.8189999999999,"university of california, davis",united states,64,72.8189999999999,97.12328767123287,71.12559133915565
Brown University,United States,2026,THE,65.0,72.5865,brown university,united states,65,72.5865,97.07762557077626,70.86119450509462
Wageningen University & Research,Netherlands,2026,THE,66.0,72.193,wageningen university & research,netherlands,66,72.193,97.03196347031964,70.41370997088792
Washington University in St Louis,United States,2026,THE,67.0,71.999,washington university in st louis,united states,67,71.999,96.98630136986301,70.19309497816593
UniversitÃ© Paris-Saclay,France,2026,THE,68.0,71.6445,universitã© paris-saclay,france,68,71.6445,96.94063926940639,69.78996088064046
Institut Polytechnique de Paris,France,2026,THE,69.0,71.6434999999999,institut polytechnique de paris,france,69,71.6434999999999,96.89497716894977,69.78882368995623
Leiden University,Netherlands,2026,THE,70.0,71.3344999999999,leiden university,netherlands,70,71.3344999999999,96.84931506849314,69.43743176855885
Korea Advanced Institute of Science and Technology (KAIST),South Korea,2026,THE,71.0,71.2865,korea advanced institute of science and technology (kaist),south korea,71,71.2865,96.80365296803653,69.38284661572052
"University of California, Santa Barbara",United States,2026,THE,72.0,71.2394999999999,"university of california, santa barbara",united states,72,71.2394999999999,96.7579908675799,69.32939865356612
City University of Hong Kong,Hong Kong,2026,THE,73.0,71.1404999999999,city university of hong kong,hong kong,73,71.1404999999999,96.7123287671233,69.21681677583686
Australian National University,Australia,2026,THE,74.0,71.1075,australian national university,australia,74,71.1075,96.66666666666667,69.17928948326056
University of Southern California,United States,2026,THE,75.0,71.0934999999999,university of southern california,united states,75,71.0934999999999,96.62100456621005,69.16336881368258
Sorbonne University,France,2026,THE,76.0,70.394,sorbonne university,france,76,70.394,96.57534246575342,68.367903930131
Boston University,United States,2026,THE,77.0,70.365,boston university,united states,77,70.365,96.5296803652968,68.33492540029113
University of North Carolina at Chapel Hill,United States,2026,THE,78.0,70.2734999999999,university of north carolina at chapel hill,united states,78,70.2734999999999,96.48401826484019,68.23087245269276
UNSW Sydney,Australia,2026,THE,79.0,70.0075,unsw sydney,australia,79,70.0075,96.43835616438356,67.92837973071325
University of Bristol,United Kingdom,2026,THE,80.0,69.737,university of bristol,united kingdom,80,69.737,96.39269406392694,67.62076965065502
The University of Queensland,Australia,2026,THE,81.0,69.7004999999999,the university of queensland,australia,81,69.7004999999999,96.34703196347031,67.57926219068403
The Hong Kong Polytechnic University,Hong Kong,2026,THE,82.0,69.6739999999999,the hong kong polytechnic university,hong kong,82,69.6739999999999,96.30136986301369,67.54912663755447
University of Groningen,Netherlands,2026,THE,83.0,69.2894999999999,university of groningen,netherlands,83,69.2894999999999,96.25570776255708,67.11187681950499
University of Glasgow,United Kingdom,2026,THE,84.0,68.9254999999999,university of glasgow,united kingdom,84,68.9254999999999,96.21004566210046,66.69793941048025
Purdue University West Lafayette,United States,2026,THE,85.0,68.7785,purdue university west lafayette,united states,85,68.7785,96.16438356164385,66.53077237991266
Yonsei University (Seoul campus),South Korea,2026,THE,86.0,68.4799999999999,yonsei university (seoul campus),south korea,86,68.4799999999999,96.11872146118722,66.19132096069859
Sungkyunkwan University (SKKU),South Korea,2026,THE,87.0,68.2645,sungkyunkwan university (skku),south korea,87,68.2645,96.0730593607306,65.94625636826783
University of Minnesota,United States,2026,THE,88.0,67.4769999999999,university of minnesota,united states,88,67.4769999999999,96.02739726027397,65.05071870451226
Humboldt University of Berlin,Germany,2026,THE,89.0,67.1969999999999,humboldt university of berlin,germany,89,67.1969999999999,95.98173515981735,64.73230531295478
University of Copenhagen,Denmark,2026,THE,90.0,67.1184999999999,university of copenhagen,denmark,90,67.1184999999999,95.93607305936072,64.64303584425025
CharitÃ© - UniversitÃ¤tsmedizin Berlin,Germany,2026,THE,91.0,66.937,charitã© - universitã¤tsmedizin berlin,germany,91,66.937,95.8904109589041,64.43663573508006
RWTH Aachen University,Germany,2026,THE,92.0,66.7479999999999,rwth aachen university,germany,92,66.7479999999999,95.84474885844749,64.22170669577865
Vanderbilt University,United States,2026,THE,93.0,66.736,vanderbilt university,united states,93,66.736,95.79908675799086,64.20806040756915
University of Bonn,Germany,2026,THE,94.0,66.6895,university of bonn,germany,94,66.6895,95.75342465753425,64.15518104075691
University of Vienna,Austria,2026,THE,95.0,66.601,university of vienna,austria,95,66.601,95.70776255707763,64.05453966521107
Lund University,Sweden,2026,THE,96.0,66.5655,lund university,sweden,96,66.5655,95.662100456621,64.01416939592431
"University of California, Irvine",United States,2026,THE,97.0,66.4315,"university of california, irvine",united states,97,66.4315,95.61643835616438,63.86178584425036
University of TÃ¼bingen,Germany,2026,THE,98.0,66.3254999999999,university of tã¼bingen,germany,98,66.3254999999999,95.57077625570777,63.74124363173207
KTH Royal Institute of Technology,Sweden,2026,THE,99.0,66.277,kth royal institute of technology,sweden,99,66.277,95.52511415525115,63.68608988355168
University of Birmingham,United Kingdom,2026,THE,100.0,66.258,university of birmingham,united kingdom,100,66.258,95.47945205479452,63.664483260553126
Aarhus University,Denmark,2026,THE,101.0,66.1985,aarhus university,denmark,101,66.1985,95.4337899543379,63.596820414847166
Emory University,United States,2026,THE,102.0,65.941,emory university,united states,102,65.941,95.38812785388127,63.30399381368269
Rice University,United States,2026,THE,103.0,65.8395,rice university,united states,103,65.8395,95.34246575342465,63.1885689592431
University of Helsinki,Finland,2026,THE,104.0,65.738,university of helsinki,finland,104,65.738,95.29680365296804,63.073144104803504
Tohoku University,Japan,2026,THE,105.0,65.7274999999999,tohoku university,japan,105,65.7274999999999,95.25114155251143,63.06120360261998
Michigan State University,United States,2026,THE,106.0,65.709,michigan state university,united states,106,65.709,95.2054794520548,63.040165574963616
Erasmus University Rotterdam,Netherlands,2026,THE,107.0,65.569,erasmus university rotterdam,netherlands,107,65.569,95.15981735159818,62.88095887918487
Ohio State University (Main campus),United States,2026,THE,108.0,65.432,ohio state university (main campus),united states,108,65.432,95.11415525114155,62.725163755458524
University of Bern,Switzerland,2026,THE,109.0,65.4255,university of bern,switzerland,109,65.4255,95.06849315068493,62.71777201601165
Penn State (Main campus),United States,2026,THE,110.0,65.404,penn state (main campus),united states,110,65.404,95.0228310502283,62.69332241630276
University of Sheffield,United Kingdom,2026,THE,111.0,65.3465,university of sheffield,united kingdom,111,65.3465,94.97716894977168,62.627933951965076
University of Massachusetts,United States,2026,THE,112.0,65.2779999999999,university of massachusetts,united states,112,65.2779999999999,94.93150684931507,62.550036390101795
Free University of Berlin,Germany,2026,THE,113.0,65.2344999999999,free university of berlin,germany,113,65.2344999999999,94.88584474885845,62.50056859534195
University of Oslo,Norway,2026,THE,114.0,65.1614999999999,university of oslo,norway,114,65.1614999999999,94.84018264840182,62.417553675400185
Ghent University,Belgium,2026,THE,115.0,65.1385,ghent university,belgium,115,65.1385,94.79452054794521,62.39139828966521
McMaster University,Canada,2026,THE,116.0,65.0209999999999,mcmaster university,canada,116,65.0209999999999,94.74885844748859,62.25777838427937
"University of Maryland, College Park",United States,2026,THE,117.0,64.9524999999999,"university of maryland, college park",united states,117,64.9524999999999,94.70319634703196,62.17988082241619
University of Leeds,United Kingdom,2026,THE,118.0,64.8795,university of leeds,united kingdom,118,64.8795,94.65753424657535,62.09686590247452
University of Alberta,Canada,2026,THE,119.0,64.6105,university of alberta,canada,119,64.6105,94.61187214611873,61.79096160844251
University of Basel,Switzerland,2026,THE,120.0,64.5279999999999,university of basel,switzerland,120,64.5279999999999,94.5662100456621,61.69714337700135
Technical University of Denmark,Denmark,2026,THE,121.0,64.34,technical university of denmark,denmark,121,64.34,94.52054794520548,61.48335152838429
University of GÃ¶ttingen,Germany,2026,THE,122.0,64.1135,university of gã¶ttingen,germany,122,64.1135,94.47488584474885,61.22577783842795
University of Warwick,United Kingdom,2026,THE,123.0,64.1125,university of warwick,united kingdom,123,64.1125,94.42922374429223,61.22464064774381
Wuhan University,China,2026,THE,124.0,64.104,wuhan university,china,124,64.104,94.3835616438356,61.21497452692868
University of Lausanne,Switzerland,2026,THE,125.0,63.7435,university of lausanne,switzerland,125,63.7435,94.337899543379,60.805017285298405
University of Hamburg,Germany,2026,THE,126.0,63.6855,university of hamburg,germany,126,63.6855,94.29223744292237,60.73906022561864
University of Rochester,United States,2026,THE,127.0,63.6134999999999,university of rochester,united states,127,63.6134999999999,94.24657534246576,60.65718249636088
Uppsala University,Sweden,2026,THE,128.0,63.4564999999999,uppsala university,sweden,128,63.4564999999999,94.20091324200914,60.47864355895185
University of Southampton,United Kingdom,2026,THE,129.0,63.3345,university of southampton,united kingdom,129,63.3345,94.15525114155251,60.33990629548763
University of Bologna,Italy,2026,THE,130.0,63.2854999999999,university of bologna,italy,130,63.2854999999999,94.10958904109589,60.284183951964955
Maastricht University,Netherlands,2026,THE,131.0,63.2565,maastricht university,netherlands,131,63.2565,94.06392694063926,60.25120542212519
Harbin Institute of Technology,China,2026,THE,132.0,63.2044999999999,harbin institute of technology,china,132,63.2044999999999,94.01826484018265,60.192071506550114
Lomonosov Moscow State University,Russian Federation,2026,THE,133.0,63.0545,lomonosov moscow state university,russian federation,133,63.0545,93.97260273972603,60.02149290393013
Adelaide University,Australia,2026,THE,134.0,63.0524999999999,adelaide university,australia,134,63.0524999999999,93.9269406392694,60.01921852256176
University of Florida,United States,2026,THE,135.0,62.92,university of florida,united states,135,62.92,93.88127853881278,59.86854075691412
Beijing Normal University,China,2026,THE,136.0,62.893,beijing normal university,china,136,62.893,93.83561643835617,59.83783660844251
Queen Mary University of London,United Kingdom,2026,THE,137.0,62.853,queen mary university of london,united kingdom,137,62.853,93.78995433789954,59.79234898107715
Scuola Normale Superiore di Pisa,Italy,2026,THE,138.0,62.7635,scuola normale superiore di pisa,italy,138,62.7635,93.74429223744293,59.690570414847166
University of Freiburg,Germany,2026,THE,139.0,62.643,university of freiburg,germany,139,62.643,93.69863013698631,59.55353893740904
University of Arizona,United States,2026,THE,140.0,62.555,university of arizona,united states,140,62.555,93.65296803652969,59.45346615720525
National Taiwan University (NTU),Taiwan,2026,THE,141.0,62.464,national taiwan university (ntu),taiwan,141,62.464,93.60730593607306,59.34998180494906
Pohang University of Science and Technology (POSTECH),South Korea,2026,THE,142.0,62.306,pohang university of science and technology (postech),south korea,142,62.306,93.56164383561644,59.1703056768559
Tongji University,China,2026,THE,143.0,62.2865,tongji university,china,143,62.2865,93.51598173515981,59.14813045851528
University of Liverpool,United Kingdom,2026,THE,144.0,62.2175,university of liverpool,united kingdom,144,62.2175,93.47031963470319,59.069664301310056
Newcastle University,United Kingdom,2026,THE,145.0,62.0815,newcastle university,united kingdom,145,62.0815,93.42465753424658,58.91500636826783
University of Nottingham,United Kingdom,2026,THE,146.0,62.0269999999999,university of nottingham,united kingdom,146,62.0269999999999,93.37899543378995,58.853029475982424
University of Macau,Macao,2026,THE,147.0,62.0075,university of macau,macao,147,62.0075,93.33333333333333,58.83085425764193
Case Western Reserve University,United States,2026,THE,148.0,61.97,case western reserve university,united states,148,61.97,93.28767123287672,58.78820960698691
University of Technology Sydney,Australia,2026,THE,149.0,61.9555,university of technology sydney,australia,149,61.9555,93.2420091324201,58.771720342066956
University of Barcelona,Spain,2026,THE,150.0,61.9329999999999,university of barcelona,spain,150,61.9329999999999,93.19634703196347,58.74613355167384
UniversitÃ© de MontrÃ©al,Canada,2026,THE,151.0,61.9154999999999,universitã© de montrã©al,canada,151,61.9154999999999,93.15068493150685,58.726232714701496
The University of Osaka,Japan,2026,THE,152.0,61.8439999999999,the university of osaka,japan,152,61.8439999999999,93.10502283105023,58.64492358078592
Texas A&M University,United States,2026,THE,153.0,61.7755,texas a&m university,united states,153,61.7755,93.05936073059361,58.56702601892286
The University of Western Australia,Australia,2026,THE,154.0,61.7164999999999,the university of western australia,australia,154,61.7164999999999,93.01369863013699,58.499931768558845
Radboud University Nijmegen,Netherlands,2026,THE,155.0,61.537,radboud university nijmegen,netherlands,155,61.537,92.96803652968036,58.295806040756915
University of York,United Kingdom,2026,THE,156.0,61.4895,university of york,united kingdom,156,61.4895,92.92237442922374,58.241789483260554
University of Pittsburgh-Pittsburgh campus,United States,2026,THE,157.0,61.4479999999999,university of pittsburgh-pittsburgh campus,united states,157,61.4479999999999,92.87671232876711,58.194596069868886
University of Auckland,New Zealand,2026,THE,158.0,61.428,university of auckland,new zealand,158,61.428,92.8310502283105,58.17185225618632
Korea University,South Korea,2026,THE,159.0,61.406,korea university,south korea,159,61.406,92.78538812785388,58.14683406113538
University of Colorado Boulder,United States,2026,THE,160.0,61.3184999999999,university of colorado boulder,united states,160,61.3184999999999,92.73972602739727,58.047329876273544
Technical University of Berlin,Germany,2026,THE,161.0,61.0665,technical university of berlin,germany,161,61.0665,92.69406392694064,57.76075782387191
Southern University of Science and Technology (SUSTech),China,2026,THE,162.0,60.9575,southern university of science and technology (sustech),china,162,60.9575,92.64840182648402,57.63680403930132
University of Waterloo,Canada,2026,THE,163.0,60.913,university of waterloo,canada,163,60.913,92.6027397260274,57.58619905385734
University of St Andrews,United Kingdom,2026,THE,164.0,60.9,university of st andrews,united kingdom,164,60.9,92.55707762557077,57.571415574963616
University of Cologne,Germany,2026,THE,165.0,60.8155,university of cologne,germany,165,60.8155,92.51141552511416,57.475322962154294
University of Cape Town,South Africa,2026,THE,166.0,60.7405,university of cape town,south africa,166,60.7405,92.46575342465754,57.39003366084425
Karlsruhe Institute of Technology,Germany,2026,THE,167.0,60.7369999999999,karlsruhe institute of technology,germany,167,60.7369999999999,92.42009132420091,57.38605349344967
University of Geneva,Switzerland,2026,THE,168.0,60.7164999999999,university of geneva,switzerland,168,60.7164999999999,92.37442922374429,57.36274108442492
Macquarie University,Australia,2026,THE,169.0,60.711,macquarie university,australia,169,60.711,92.32876712328768,57.3564865356623
Institute of Science Tokyo,Japan,2026,THE,170.0,60.6895,institute of science tokyo,japan,170,60.6895,92.28310502283105,57.332036935953425
University of Virginia (Main campus),United States,2026,THE,171.0,60.6799999999999,university of virginia (main campus),united states,171,60.6799999999999,92.23744292237443,57.32123362445404
Sapienza University of Rome,Italy,2026,THE,172.0,60.6509999999999,sapienza university of rome,italy,172,60.6509999999999,92.19178082191782,57.28825509461415
University of Antwerp,Belgium,2026,THE,173.0,60.6475,university of antwerp,belgium,173,60.6475,92.14611872146119,57.284274927219805
University of Exeter,United Kingdom,2026,THE,174.0,60.575,university of exeter,united kingdom,174,60.575,92.10045662100457,57.2018286026201
Trinity College Dublin,Ireland,2026,THE,175.0,60.495,trinity college dublin,ireland,175,60.495,92.05479452054794,57.11085334788938
TU Dresden,Germany,2026,THE,176.0,60.448,tu dresden,germany,176,60.448,92.00913242009132,57.05740538573508
Durham University,United Kingdom,2026,THE,177.0,60.262,durham university,united kingdom,177,60.262,91.9634703196347,56.84588791848617
Huazhong University of Science and Technology,China,2026,THE,178.0,60.2265,huazhong university of science and technology,china,178,60.2265,91.91780821917808,56.80551764919942
Vrije Universiteit Amsterdam,Netherlands,2026,THE,179.0,60.2059999999999,vrije universiteit amsterdam,netherlands,179,60.2059999999999,91.87214611872146,56.782205240174555
University of WÃ¼rzburg,Germany,2026,THE,180.0,60.1414999999999,university of wã¼rzburg,germany,180,60.1414999999999,91.82648401826484,56.70885644104793
Dartmouth College,United States,2026,THE,181.0,60.0104999999999,dartmouth college,united states,181,60.0104999999999,91.78082191780823,56.55988446142638
"University of California, Santa Cruz",United States,2026,THE,182.0,59.892,"university of california, santa cruz",united states,182,59.892,91.7351598173516,56.42512736535663
Medical University of Vienna,Austria,2026,THE,183.0,59.8765,medical university of vienna,austria,183,59.8765,91.68949771689498,56.40750090975255
Universitat AutÃ²noma de Barcelona (UAB),Spain,2026,THE,184.0,59.7619999999999,universitat autã²noma de barcelona (uab),spain,184,59.7619999999999,91.64383561643835,56.2772925764191
Lancaster University,United Kingdom,2026,THE,185.0,59.728,lancaster university,united kingdom,185,59.728,91.59817351598174,56.238628093158674
King Fahd University of Petroleum and Minerals,Saudi Arabia,2026,THE,186.0,59.69,king fahd university of petroleum and minerals,saudi arabia,186,59.69,91.55251141552512,56.19541484716157
UniversitÃ© Catholique de Louvain,Belgium,2026,THE,187.0,59.6735,universitã© catholique de louvain,belgium,187,59.6735,91.5068493150685,56.176651200873366
University of Ottawa,Canada,2026,THE,188.0,59.527,university of ottawa,canada,188,59.527,91.46118721461187,56.01005276564774
Pompeu Fabra University,Spain,2026,THE,189.0,59.4555,pompeu fabra university,spain,189,59.4555,91.41552511415524,55.92874363173217
Tufts University,United States,2026,THE,190.0,59.363,tufts university,united states,190,59.363,91.36986301369862,55.823553493449786
University of Twente,Netherlands,2026,THE,191.0,59.3175,university of twente,netherlands,191,59.3175,91.32420091324201,55.77181131732169
UniversitÃ© Paris CitÃ©,France,2026,THE,192.0,59.2905,universitã© paris citã©,france,192,59.2905,91.2785388127854,55.74110716885008
University of Leicester,United Kingdom,2026,THE,193.0,59.204,university of leicester,united kingdom,193,59.204,91.23287671232877,55.64274017467249
Eindhoven University of Technology,Netherlands,2026,THE,194.0,59.1714999999999,eindhoven university of technology,netherlands,194,59.1714999999999,91.18721461187215,55.60578147743803
University of Notre Dame,United States,2026,THE,195.0,59.0505,university of notre dame,united states,195,59.0505,91.14155251141553,55.46818140465793
Aalto University,Finland,2026,THE,196.0,59.017,aalto university,finland,196,59.017,91.0958904109589,55.43008551673946
The Education University of Hong Kong,Hong Kong,2026,THE,197.0,59.0104999999999,the education university of hong kong,hong kong,197,59.0104999999999,91.05022831050228,55.422693777292466
University of MÃ¼nster,Germany,2026,THE,198.0,58.9625,university of mã¼nster,germany,198,58.9625,91.00456621004567,55.36810862445415
Indiana University,United States,2026,THE,199.0,58.8775,indiana university,united states,199,58.8775,90.95890410958904,55.27144741630276
Queenâ€™s University Belfast,United Kingdom,2026,THE,200.0,58.785,queenâ€™s university belfast,united kingdom,200,58.785,90.91324200913242,55.16625727802038
University of Reading,United Kingdom,2026,THE,201.0,58.6515,university of reading,united kingdom,201,58.6515,90.8675799086758,55.014442321688506
University of Calgary,Canada,2026,THE,202.0,58.6335,university of calgary,canada,202,58.6335,90.82191780821918,54.993972889374085
Friedrich Schiller University Jena,Germany,2026,THE,203.0,58.553,friedrich schiller university jena,germany,203,58.553,90.77625570776256,54.90242903930132
Stockholm University,Sweden,2026,THE,204.0,58.4599999999999,stockholm university,sweden,204,58.4599999999999,90.73059360730593,54.79667030567674
Universiti Teknologi Petronas,Malaysia,2026,THE,205.0,58.3765,universiti teknologi petronas,malaysia,205,58.3765,90.68493150684932,54.70171488355168
University of Mannheim,Germany,2026,THE,206.0,58.3304999999999,university of mannheim,germany,206,58.3304999999999,90.6392694063927,54.6494041120814
University of Erlangen-Nuremberg,Germany,2026,THE,207.0,58.1815,university of erlangen-nuremberg,germany,207,58.1815,90.59360730593608,54.47996270014557
Tianjin University,China,2026,THE,208.0,58.056,tianjin university,china,208,58.056,90.54794520547945,54.33724526928675
Georgetown University,United States,2026,THE,209.0,57.9985,georgetown university,united states,209,57.9985,90.50228310502283,54.27185680494906
Deakin University,Australia,2026,THE,210.0,57.9975,deakin university,australia,210,57.9975,90.4566210045662,54.27071961426493
Queensland University of Technology,Australia,2026,THE,210.0,57.9975,queensland university of technology,australia,210,57.9975,90.4566210045662,54.27071961426493
University of Gothenburg,Sweden,2026,THE,212.0,57.9785,university of gothenburg,sweden,212,57.9785,90.36529680365297,54.24911299126638
Arizona State University (Tempe),United States,2026,THE,213.0,57.94,arizona state university (tempe),united states,213,57.94,90.31963470319636,54.20533114992722
Hong Kong Baptist University,Hong Kong,2026,THE,214.0,57.932,hong kong baptist university,hong kong,214,57.932,90.27397260273973,54.19623362445416
Western University,Canada,2026,THE,215.0,57.8839999999999,western university,canada,215,57.8839999999999,90.22831050228311,54.14164847161561
Politecnico di Milano,Italy,2026,THE,216.0,57.8525,politecnico di milano,italy,216,57.8525,90.18264840182648,54.1058269650655
Tel Aviv University,Israel,2026,THE,217.0,57.835,tel aviv university,israel,217,57.835,90.13698630136986,54.08592612809316
Nagoya University,Japan,2026,THE,218.0,57.7854999999999,nagoya university,japan,218,57.7854999999999,90.09132420091325,54.02963518922842
Goethe University Frankfurt,Germany,2026,THE,219.0,57.6534999999999,goethe university frankfurt,germany,219,57.6534999999999,90.04566210045662,53.87952601892274
University of Surrey,United Kingdom,2026,THE,220.0,57.5984999999999,university of surrey,united kingdom,220,57.5984999999999,90.0,53.81698053129538
Qatar University,Qatar,2026,THE,221.0,57.5884999999999,qatar university,qatar,221,57.5884999999999,89.95433789954338,53.80560862445404
University of SÃ£o Paulo,Brazil,2026,THE,222.0,57.5849999999999,university of sã£o paulo,brazil,222,57.5849999999999,89.90867579908675,53.80162845705957
University College Dublin,Ireland,2026,THE,223.0,57.4665,university college dublin,ireland,223,57.4665,89.86301369863014,53.66687136098982
UniversitÃ© Libre de Bruxelles,Belgium,2026,THE,224.0,57.458,universitã© libre de bruxelles,belgium,224,57.458,89.81735159817352,53.657205240174676
Sun Yat-sen University,China,2026,THE,225.0,57.3595,sun yat-sen university,china,225,57.3595,89.7716894977169,53.54519195778749
George Washington University,United States,2026,THE,226.0,57.349,george washington university,united states,226,57.349,89.72602739726028,53.53325145560408
University of Miami,United States,2026,THE,227.0,57.3404999999999,university of miami,united states,227,57.3404999999999,89.68036529680366,53.52358533478883
Xiâ€™an Jiaotong University,China,2026,THE,228.0,57.2654999999999,xiâ€™an jiaotong university,china,228,57.2654999999999,89.63470319634703,53.438296033478785
Sichuan University,China,2026,THE,229.0,57.248,sichuan university,china,229,57.248,89.58904109589041,53.41839519650655
University of Potsdam,Germany,2026,THE,230.0,57.2134999999999,university of potsdam,germany,230,57.2134999999999,89.54337899543378,53.37916211790381
Santâ€™Anna School of Advanced Studies â€“ Pisa,Italy,2026,THE,231.0,57.1739999999999,santâ€™anna school of advanced studies â€“ pisa,italy,231,57.1739999999999,89.49771689497716,53.33424308588053
Cardiff University,United Kingdom,2026,THE,232.0,57.1715,cardiff university,united kingdom,232,57.1715,89.45205479452055,53.33140010917031
Abu Dhabi University,United Arab Emirates,2026,THE,233.0,57.1709999999999,abu dhabi university,united arab emirates,233,57.1709999999999,89.40639269406392,53.33083151382812
Vrije Universiteit Brussel,Belgium,2026,THE,234.0,57.085,vrije universiteit brussel,belgium,234,57.085,89.3607305936073,53.23303311499272
United Arab Emirates University,United Arab Emirates,2026,THE,235.0,57.0629999999999,united arab emirates university,united arab emirates,235,57.0629999999999,89.31506849315069,53.20801491994167
University of Wollongong,Australia,2026,THE,236.0,56.9495,university of wollongong,australia,236,56.9495,89.26940639269407,53.07894377729257
University of Sussex,United Kingdom,2026,THE,237.0,56.9304999999999,university of sussex,united kingdom,237,56.9304999999999,89.22374429223744,53.057337154293926
Beijing Institute of Technology,China,2026,THE,238.0,56.9184999999999,beijing institute of technology,china,238,56.9184999999999,89.17808219178082,53.04369086608431
University of Utah,United States,2026,THE,239.0,56.9044999999999,university of utah,united states,239,56.9044999999999,89.1324200913242,53.02777019650644
Chalmers University of Technology,Sweden,2026,THE,240.0,56.8745,chalmers university of technology,sweden,240,56.8745,89.08675799086758,52.99365447598253
LinkÃ¶ping University,Sweden,2026,THE,241.0,56.7649999999999,linkã¶ping university,sweden,241,56.7649999999999,89.04109589041096,52.86913209606976
University of Padua,Italy,2026,THE,242.0,56.724,university of padua,italy,242,56.724,88.99543378995433,52.82250727802038
Ulsan National Institute of Science and Technology (UNIST),South Korea,2026,THE,243.0,56.7144999999999,ulsan national institute of science and technology (unist),south korea,243,56.7144999999999,88.94977168949771,52.811703966520994
University of Malaya,Malaysia,2026,THE,244.0,56.656,university of malaya,malaysia,244,56.656,88.9041095890411,52.745178311499274
"Northeastern University, US",United States,2026,THE,245.0,56.6119999999999,"northeastern university, us",united states,245,56.6119999999999,88.85844748858447,52.69514192139727
Medical University of Innsbruck,Austria,2026,THE,246.0,56.5685,medical university of innsbruck,austria,246,56.5685,88.81278538812786,52.64567412663755
Khalifa University,United Arab Emirates,2026,THE,247.0,56.564,khalifa university,united arab emirates,247,56.564,88.76712328767124,52.64055676855895
Medical University of Graz,Austria,2026,THE,248.0,56.5539999999999,medical university of graz,austria,248,56.5539999999999,88.72146118721462,52.629184861717505
University of Aberdeen,United Kingdom,2026,THE,249.0,56.4059999999999,university of aberdeen,united kingdom,249,56.4059999999999,88.67579908675799,52.46088064046568
University of Illinois Chicago,United States,2026,THE,250.0,56.3739999999999,university of illinois chicago,united states,250,56.3739999999999,88.63013698630137,52.4244905385734
Indian Institute of Science,India,2026,THE,251.0,56.367,indian institute of science,india,251,56.367,88.58447488584474,52.416530203784575
Beihang University,China,2026,THE,252.0,56.3285,beihang university,china,252,56.3285,88.53881278538813,52.37274836244542
Nankai University,China,2026,THE,253.0,56.3204999999999,nankai university,china,253,56.3204999999999,88.4931506849315,52.36365083697224
Kyung Hee University,South Korea,2026,THE,254.0,56.2245,kyung hee university,south korea,254,56.2245,88.44748858447488,52.254480531295485
University of Tasmania,Australia,2026,THE,255.0,56.1789999999999,university of tasmania,australia,255,56.1789999999999,88.40182648401826,52.20273835516729
Swinburne University of Technology,Australia,2026,THE,256.0,56.158,swinburne university of technology,australia,256,56.158,88.35616438356165,52.17885735080059
Vita-Salute San Raffaele University,Italy,2026,THE,257.0,56.1179999999999,vita-salute san raffaele university,italy,257,56.1179999999999,88.31050228310502,52.133369723435116
Humanitas University,Italy,2026,THE,258.0,56.117,humanitas university,italy,258,56.117,88.2648401826484,52.13223253275109
Aalborg University,Denmark,2026,THE,259.0,56.063,aalborg university,denmark,259,56.063,88.21917808219179,52.07082423580787
Macau University of Science and Technology,Macao,2026,THE,260.0,56.045,macau university of science and technology,macao,260,56.045,88.17351598173516,52.05035480349346
Hebrew University of Jerusalem,Israel,2026,THE,261.0,55.982,hebrew university of jerusalem,israel,261,55.982,88.12785388127854,51.97871179039302
UniversitÃ  della Svizzera italiana,Switzerland,2026,THE,262.0,55.9085,universitã della svizzera italiana,switzerland,262,55.9085,88.08219178082192,51.89512827510917
University of Bath,United Kingdom,2026,THE,263.0,55.894,university of bath,united kingdom,263,55.894,88.03652968036529,51.87863901018923
La Trobe University,Australia,2026,THE,264.0,55.857,la trobe university,australia,264,55.857,87.99086757990867,51.83656295487628
University of Luxembourg,Luxembourg,2026,THE,265.0,55.7969999999999,university of luxembourg,luxembourg,265,55.7969999999999,87.94520547945206,51.76833151382812
King Saud University,Saudi Arabia,2026,THE,266.0,55.745,king saud university,saudi arabia,266,55.745,87.89954337899543,51.709197598253276
RMIT University,Australia,2026,THE,267.0,55.7425,rmit university,australia,267,55.7425,87.85388127853881,51.706354621542935
Lebanese American University,Lebanon,2026,THE,268.0,55.731,lebanese american university,lebanon,268,55.731,87.8082191780822,51.6932769286754
Sejong University,South Korea,2026,THE,269.0,55.7189999999999,sejong university,south korea,269,55.7189999999999,87.76255707762557,51.67963064046569
Central European University,Austria,2026,THE,270.0,55.693,central european university,austria,270,55.693,87.71689497716895,51.650063682678315
Ruhr University Bochum,Germany,2026,THE,271.0,55.653,ruhr university bochum,germany,271,55.653,87.67123287671232,51.604576055312954
University of Oulu,Finland,2026,THE,272.0,55.6275,university of oulu,finland,272,55.6275,87.62557077625571,51.57557769286753
Semmelweis University,Hungary,2026,THE,273.0,55.5365,semmelweis university,hungary,273,55.5365,87.57990867579909,51.47209334061136
Northwestern Polytechnical University,China,2026,THE,274.0,55.5289999999999,northwestern polytechnical university,china,274,55.5289999999999,87.53424657534246,51.46356441048023
Shandong University,China,2026,THE,275.0,55.4925,shandong university,china,275,55.4925,87.48858447488584,51.422056950509464
Xiamen University,China,2026,THE,276.0,55.4865,xiamen university,china,276,55.4865,87.44292237442922,51.41523380640466
Southern Medical University,China,2026,THE,277.0,55.485,southern medical university,china,277,55.485,87.3972602739726,51.413528020378465
Technical University of Darmstadt,Germany,2026,THE,278.0,55.471,technical university of darmstadt,germany,278,55.471,87.35159817351598,51.39760735080058
Virginia Polytechnic Institute and State University,United States,2026,THE,279.0,55.3589999999999,virginia polytechnic institute and state university,united states,279,55.3589999999999,87.30593607305937,51.27024199417748
South China University of Technology,China,2026,THE,280.0,55.257,south china university of technology,china,280,55.257,87.26027397260275,51.154248544395934
University of Southern Denmark,Denmark,2026,THE,281.0,55.207,university of southern denmark,denmark,281,55.207,87.21461187214612,51.09738901018923
Boston College,United States,2026,THE,282.0,55.165,boston college,united states,282,55.165,87.1689497716895,51.04962700145561
University of Konstanz,Germany,2026,THE,283.0,55.1525,university of konstanz,germany,283,55.1525,87.12328767123287,51.03541211790393
Ulm University,Germany,2026,THE,284.0,55.0804999999999,ulm university,germany,284,55.0804999999999,87.07762557077625,50.95353438864618
Curtin University,Australia,2026,THE,285.0,54.924,curtin university,australia,285,54.924,87.03196347031964,50.77556404657933
East China Normal University,China,2026,THE,286.0,54.921,east china normal university,china,286,54.921,86.98630136986301,50.77215247452693
University of Bergen,Norway,2026,THE,287.0,54.9004999999999,university of bergen,norway,287,54.9004999999999,86.94063926940639,50.74884006550208
RCSI University of Medicine and Health Sciences,Ireland,2026,THE,288.0,54.854,rcsi university of medicine and health sciences,ireland,288,54.854,86.89497716894977,50.69596069868996
University of Newcastle,Australia,2026,THE,289.0,54.767,university of newcastle,australia,289,54.767,86.84931506849315,50.59702510917031
University of East Anglia,United Kingdom,2026,THE,290.0,54.7519999999999,university of east anglia,united kingdom,290,54.7519999999999,86.80365296803653,50.57996724890819
Griffith University,Australia,2026,THE,291.0,54.6964999999999,griffith university,australia,291,54.6964999999999,86.7579908675799,50.516853165938755
Southeast University,China,2026,THE,292.0,54.6924999999999,southeast university,china,292,54.6924999999999,86.7123287671233,50.51230440320222
University of Navarra,Spain,2026,THE,293.0,54.641,university of navarra,spain,293,54.641,86.66666666666667,50.45373908296943
University of Stuttgart,Germany,2026,THE,294.0,54.567,university of stuttgart,germany,294,54.567,86.62100456621005,50.36958697234353
Hanyang University,South Korea,2026,THE,295.0,54.3994999999999,hanyang university,south korea,295,54.3994999999999,86.57534246575342,50.179107532750976
Hunan University,China,2026,THE,296.0,54.3384999999999,hunan university,china,296,54.3384999999999,86.5296803652968,50.10973890101881
Central South University,China,2026,THE,297.0,54.3214999999999,central south university,china,297,54.3214999999999,86.48401826484017,50.090406659388535
UniversitÃ  Cattolica del Sacro Cuore,Italy,2026,THE,298.0,54.315,universitã cattolica del sacro cuore,italy,298,54.315,86.43835616438355,50.08301491994178
Heinrich Heine University DÃ¼sseldorf,Germany,2026,THE,299.0,54.312,heinrich heine university dã¼sseldorf,germany,299,54.312,86.39269406392694,50.07960334788938
University of Hawaiâ€™i at MÄnoa,United States,2026,THE,300.0,54.3094999999999,university of hawaiâ€™i at mänoa,united states,300,54.3094999999999,86.34703196347033,50.07676037117893
LUT University,Finland,2026,THE,301.0,54.27,lut university,finland,301,54.27,86.3013698630137,50.03184133915576
King Khalid University,Saudi Arabia,2026,THE,302.0,54.269,king khalid university,saudi arabia,302,54.269,86.25570776255708,50.030704148471614
North Carolina State University,United States,2026,THE,303.0,54.1879999999999,north carolina state university,united states,303,54.1879999999999,86.21004566210046,49.93859170305666
Queenâ€™s University,Canada,2026,THE,304.0,54.164,queenâ€™s university,canada,304,54.164,86.16438356164383,49.91129912663756
"City St George's, University of London",United Kingdom,2026,THE,305.0,54.122,"city st george's, university of london",united kingdom,305,54.122,86.11872146118722,49.86353711790393
Western Sydney University,Australia,2026,THE,306.0,54.0185,western sydney university,australia,306,54.0185,86.0730593607306,49.745837882096076
Sunway University,Malaysia,2026,THE,307.0,54.0054999999999,sunway university,malaysia,307,54.0054999999999,86.02739726027397,49.731054403202215
TU Wien,Austria,2026,THE,308.0,53.7705,tu wien,austria,308,53.7705,85.98173515981735,49.46381459243086
University of Iowa,United States,2026,THE,309.0,53.7415,university of iowa,united states,309,53.7415,85.93607305936072,49.430836062590984
Dublin City University,Ireland,2026,THE,310.0,53.6939999999999,dublin city university,ireland,310,53.6939999999999,85.89041095890411,49.3768195050945
Lingnan University Hong Kong,Hong Kong,2026,THE,311.0,53.6639999999999,lingnan university hong kong,hong kong,311,53.6639999999999,85.84474885844749,49.34270378457049
University of Duisburg-Essen,Germany,2026,THE,312.0,53.6054999999999,university of duisburg-essen,germany,312,53.6054999999999,85.79908675799088,49.276178129548654
Stony Brook University,United States,2026,THE,313.0,53.5595,stony brook university,united states,313,53.5595,85.75342465753425,49.22386735807861
University of LiÃ¨ge,Belgium,2026,THE,314.0,53.5354999999999,university of liã¨ge,belgium,314,53.5354999999999,85.70776255707763,49.19657478165927
Ã‰cole Normale SupÃ©rieure de Lyon,France,2026,THE,315.0,53.5239999999999,ã‰cole normale supã©rieure de lyon,france,315,53.5239999999999,85.662100456621,49.18349708879174
University of Victoria,Canada,2026,THE,316.0,53.4799999999999,university of victoria,canada,316,53.4799999999999,85.61643835616438,49.13346069868984
University at Buffalo,United States,2026,THE,317.0,53.4169999999999,university at buffalo,united states,317,53.4169999999999,85.57077625570776,49.06181768558941
University of the Witwatersrand,South Africa,2026,THE,318.0,53.2709999999999,university of the witwatersrand,south africa,318,53.2709999999999,85.52511415525113,48.895787845705854
Kyushu University,Japan,2026,THE,319.0,53.1885,kyushu university,japan,319,53.1885,85.47945205479452,48.80196961426492
Flinders University,Australia,2026,THE,320.0,53.172,flinders university,australia,320,53.172,85.4337899543379,48.78320596797671
Swansea University,United Kingdom,2026,THE,321.0,53.157,swansea university,united kingdom,321,53.157,85.38812785388129,48.7661481077147
Rutgers Universityâ€“New Brunswick,United States,2026,THE,322.0,53.1484999999999,rutgers universityâ€“new brunswick,united states,322,53.1484999999999,85.34246575342466,48.75648198689945
University of Milan,Italy,2026,THE,323.0,53.1184999999999,university of milan,italy,323,53.1184999999999,85.29680365296804,48.72236626637543
"China Medical University, Taiwan",Taiwan,2026,THE,324.0,52.9175,"china medical university, taiwan",taiwan,324,52.9175,85.25114155251141,48.49379093886463
University of Dundee,United Kingdom,2026,THE,325.0,52.849,university of dundee,united kingdom,325,52.849,85.2054794520548,48.41589337700146
Stellenbosch University,South Africa,2026,THE,326.0,52.815,stellenbosch university,south africa,326,52.815,85.15981735159818,48.377228893740906
University of Bayreuth,Germany,2026,THE,327.0,52.778,university of bayreuth,germany,327,52.778,85.11415525114155,48.335152838427945
University of Bremen,Germany,2026,THE,328.0,52.7665,university of bremen,germany,328,52.7665,85.06849315068493,48.32207514556041
"University of California, Riverside",United States,2026,THE,329.0,52.7615,"university of california, riverside",united states,329,52.7615,85.0228310502283,48.31638919213974
Tilburg University,Netherlands,2026,THE,330.0,52.7114999999999,tilburg university,netherlands,330,52.7114999999999,84.97716894977168,48.25952965793293
Norwegian University of Science and Technology,Norway,2026,THE,331.0,52.6365,norwegian university of science and technology,norway,331,52.6365,84.93150684931507,48.174240356623
University of Innsbruck,Austria,2026,THE,332.0,52.623,university of innsbruck,austria,332,52.623,84.88584474885845,48.15888828238719
University of Electronic Science and Technology of China,China,2026,THE,333.0,52.511,university of electronic science and technology of china,china,333,52.511,84.84018264840184,48.0315229257642
University of Hohenheim,Germany,2026,THE,334.0,52.3614999999999,university of hohenheim,germany,334,52.3614999999999,84.79452054794521,47.861512918486056
Simon Fraser University,Canada,2026,THE,335.0,52.312,simon fraser university,canada,335,52.312,84.74885844748859,47.80522197962154
Illinois Institute of Technology,United States,2026,THE,336.0,52.2945,illinois institute of technology,united states,336,52.2945,84.70319634703196,47.7853211426492
University of Rome II â€“ Tor Vergata,Italy,2026,THE,337.0,52.2645,university of rome ii â€“ tor vergata,italy,337,52.2645,84.65753424657534,47.75120542212518
University of Sharjah,United Arab Emirates,2026,THE,338.0,52.2429999999999,university of sharjah,united arab emirates,338,52.2429999999999,84.61187214611871,47.726755822416195
Loughborough University,United Kingdom,2026,THE,339.0,52.1499999999999,loughborough university,united kingdom,339,52.1499999999999,84.5662100456621,47.62099708879174
Bauman Moscow State Technical University,Russian Federation,2026,THE,340.0,52.136,bauman moscow state technical university,russian federation,340,52.136,84.52054794520548,47.60507641921398
Florida State University,United States,2026,THE,341.0,52.0819999999999,florida state university,united states,341,52.0819999999999,84.47488584474885,47.54366812227063
Johannes Gutenberg University of Mainz,Germany,2026,THE,342.0,52.0765,johannes gutenberg university of mainz,germany,342,52.0765,84.42922374429223,47.53741357350801
Technion Israel Institute of Technology,Israel,2026,THE,343.0,52.0575,technion israel institute of technology,israel,343,52.0575,84.38356164383562,47.51580695050946
University of Turku,Finland,2026,THE,344.0,52.018,university of turku,finland,344,52.018,84.337899543379,47.47088791848618
Hasselt University,Belgium,2026,THE,345.0,51.979,hasselt university,belgium,345,51.979,84.29223744292239,47.42653748180496
Tampere University,Finland,2026,THE,346.0,51.9299999999999,tampere university,finland,346,51.9299999999999,84.24657534246576,47.370815138282275
Universiti Kebangsaan Malaysia,Malaysia,2026,THE,347.0,51.7855,universiti kebangsaan malaysia,malaysia,347,51.7855,84.20091324200914,47.20649108442504
University of Naples Federico II,Italy,2026,THE,348.0,51.732,university of naples federico ii,italy,348,51.732,84.15525114155251,47.14565138282387
"Birkbeck, University of London",United Kingdom,2026,THE,349.0,51.717,"birkbeck, university of london",united kingdom,349,51.717,84.10958904109589,47.128593522561864
University of Essex,United Kingdom,2026,THE,350.0,51.683,university of essex,united kingdom,350,51.683,84.06392694063926,47.08992903930132
KoÃ§ University,Turkey,2026,THE,351.0,51.626,koã§ university,turkey,351,51.626,84.01826484018264,47.025109170305676
Prince Mohammad Bin Fahd University,Saudi Arabia,2026,THE,352.0,51.6155,prince mohammad bin fahd university,saudi arabia,352,51.6155,83.97260273972603,47.01316866812227
University of Tartu,Estonia,2026,THE,353.0,51.5649999999999,university of tartu,estonia,353,51.5649999999999,83.9269406392694,46.955740538573394
Dalhousie University,Canada,2026,THE,354.0,51.4795,dalhousie university,canada,354,51.4795,83.8812785388128,46.85851073508006
University of Florence,Italy,2026,THE,355.0,51.4234999999999,university of florence,italy,355,51.4234999999999,83.83561643835617,46.794828056768445
University of Galway,Ireland,2026,THE,356.0,51.33,university of galway,ireland,356,51.33,83.78995433789954,46.68850072780204
James Cook University,Australia,2026,THE,357.0,51.2615,james cook university,australia,357,51.2615,83.74429223744292,46.61060316593886
Sharif University of Technology,Iran,2026,THE,358.0,51.162,sharif university of technology,iran,358,51.162,83.6986301369863,46.49745269286754
Oregon Health and Science University,United States,2026,THE,359.0,51.0679999999999,oregon health and science university,united states,359,51.0679999999999,83.65296803652969,46.39055676855884
University of Trento,Italy,2026,THE,360.0,51.0595,university of trento,italy,360,51.0595,83.60730593607306,46.38089064774382
University of Kiel,Germany,2026,THE,361.0,51.0545,university of kiel,germany,361,51.0545,83.56164383561644,46.37520469432314
University of Strathclyde,United Kingdom,2026,THE,362.0,51.0185,university of strathclyde,united kingdom,362,51.0185,83.51598173515981,46.334265829694324
Daegu Gyeongbuk Institute of Science and Technology (DGIST),South Korea,2026,THE,363.0,51.0099999999999,daegu gyeongbuk institute of science and technology (dgist),south korea,363,51.0099999999999,83.47031963470319,46.32459970887907
Justus Liebig University Giessen,Germany,2026,THE,364.0,50.9974999999999,justus liebig university giessen,germany,364,50.9974999999999,83.42465753424658,46.310384825327404
University of Tsukuba,Japan,2026,THE,365.0,50.9419999999999,university of tsukuba,japan,365,50.9419999999999,83.37899543378995,46.24727074235797
Swedish University of Agricultural Sciences,Sweden,2026,THE,366.0,50.9115,swedish university of agricultural sciences,sweden,366,50.9115,83.33333333333334,46.21258642649199
University College Cork,Ireland,2026,THE,367.0,50.9105,university college cork,ireland,367,50.9105,83.28767123287672,46.21144923580786
University of Pavia,Italy,2026,THE,368.0,50.8974999999999,university of pavia,italy,368,50.8974999999999,83.2420091324201,46.196665756914015
University of Colorado Denver/Anschutz Medical Campus,United States,2026,THE,369.0,50.8655,university of colorado denver/anschutz medical campus,united states,369,50.8655,83.19634703196347,46.160275655021834
Moscow Institute of Physics and Technology (MIPT),Russian Federation,2026,THE,370.0,50.845,moscow institute of physics and technology (mipt),russian federation,370,50.845,83.15068493150685,46.136963245997094
University of Siena,Italy,2026,THE,371.0,50.795,university of siena,italy,371,50.795,83.10502283105022,46.0801037117904
Saveetha Institute of Medical and Technical Sciences,India,2026,THE,372.0,50.7375,saveetha institute of medical and technical sciences,india,372,50.7375,83.05936073059361,46.01471524745269
University of Southern Queensland,Australia,2026,THE,373.0,50.7099999999999,university of southern queensland,australia,373,50.7099999999999,83.01369863013699,45.9834425036389
Universiti Brunei Darussalam,Brunei Darussalam,2026,THE,374.0,50.641,universiti brunei darussalam,brunei darussalam,374,50.641,82.96803652968036,45.90497634643377
University of Kansas,United States,2026,THE,375.0,50.6319999999999,university of kansas,united states,375,50.6319999999999,82.92237442922374,45.89474163027646
Hokkaido University,Japan,2026,THE,376.0,50.6284999999999,hokkaido university,japan,376,50.6284999999999,82.87671232876713,45.89076146288199
University of Otago,New Zealand,2026,THE,377.0,50.5809999999999,university of otago,new zealand,377,50.5809999999999,82.8310502283105,45.836744905385615
Leibniz University Hannover,Germany,2026,THE,378.0,50.4684999999999,leibniz university hannover,germany,378,50.4684999999999,82.78538812785388,45.70881095342056
University of Campinas,Brazil,2026,THE,379.0,50.4679999999999,university of campinas,brazil,379,50.4679999999999,82.73972602739727,45.708242358078486
University of St Gallen,Switzerland,2026,THE,380.0,50.4174999999999,university of st gallen,switzerland,380,50.4174999999999,82.69406392694064,45.650814228529725
Edith Cowan University,Australia,2026,THE,381.0,50.3384999999999,edith cowan university,australia,381,50.3384999999999,82.64840182648402,45.560976164483144
Shenzhen University,China,2026,THE,382.0,50.3255,shenzhen university,china,382,50.3255,82.6027397260274,45.54619268558952
University of South Florida,United States,2026,THE,383.0,50.3245,university of south florida,united states,383,50.3245,82.55707762557077,45.54505549490539
Autonomous University of Madrid,Spain,2026,THE,384.0,50.303,autonomous university of madrid,spain,384,50.303,82.51141552511415,45.52060589519651
Middle East Technical University,Turkey,2026,THE,385.0,50.2755,middle east technical university,turkey,385,50.2755,82.46575342465754,45.48933315138283
Amirkabir University of Technology,Iran,2026,THE,385.0,50.2755,amirkabir university of technology,iran,385,50.2755,82.46575342465754,45.48933315138283
Kermanshah University of Medical Sciences,Iran,2026,THE,387.0,50.2059999999999,kermanshah university of medical sciences,iran,387,50.2059999999999,82.3744292237443,45.4102983988354
University of Johannesburg,South Africa,2026,THE,388.0,50.2024999999999,university of johannesburg,south africa,388,50.2024999999999,82.32876712328768,45.40631823144094
Chongqing University,China,2026,THE,389.0,50.1979999999999,chongqing university,china,389,50.1979999999999,82.28310502283105,45.401200873362335
Prince Sultan University (PSU),Saudi Arabia,2026,THE,390.0,50.1375,prince sultan university (psu),saudi arabia,390,50.1375,82.23744292237443,45.33240083697235
University of Georgia (USA),United States,2026,THE,391.0,50.126,university of georgia (usa),united states,391,50.126,82.1917808219178,45.31932314410481
University of Brescia,Italy,2026,THE,391.0,50.126,university of brescia,italy,391,50.126,82.1917808219178,45.31932314410481
SabancÄ± University,Turkey,2026,THE,393.0,50.117,sabancä± university,turkey,393,50.117,82.10045662100457,45.3090884279476
University of Pisa,Italy,2026,THE,394.0,50.0295,university of pisa,italy,394,50.0295,82.05479452054794,45.209584243085885
University of Connecticut,United States,2026,THE,395.0,50.0274999999999,university of connecticut,united states,395,50.0274999999999,82.00913242009132,45.2073098617175
UniversitÃ© Grenoble Alpes,France,2026,THE,396.0,50.0249999999999,universitã© grenoble alpes,france,396,50.0249999999999,81.9634703196347,45.204466885007164
University of Saskatchewan,Canada,2026,THE,397.0,49.9565,university of saskatchewan,canada,397,49.9565,81.91780821917808,45.1265693231441
Verona University,Italy,2026,THE,398.0,49.925,verona university,italy,398,49.925,81.87214611872146,45.09074781659388
King Abdulaziz University,Saudi Arabia,2026,THE,399.0,49.876,king abdulaziz university,saudi arabia,399,49.876,81.82648401826485,45.03502547307133
Mohammed VI Polytechnic University,Morocco,2026,THE,400.0,49.8754999999999,mohammed vi polytechnic university,morocco,400,49.8754999999999,81.78082191780823,45.03445687772915
Institut Agro,France,2026,THE,401.0,49.8219999999999,institut agro,france,401,49.8219999999999,81.7351598173516,44.97361717612798
Gwangju Institute of Science and Technology (GIST),South Korea,2026,THE,402.0,49.7879999999999,gwangju institute of science and technology (gist),south korea,402,49.7879999999999,81.68949771689498,44.93495269286743
Montpellier University,France,2026,THE,403.0,49.7354999999999,montpellier university,france,403,49.7354999999999,81.64383561643835,44.8752501819504
Dalian University of Technology,China,2026,THE,404.0,49.714,dalian university of technology,china,404,49.714,81.59817351598173,44.85080058224163
UmeÃ¥ University,Sweden,2026,THE,405.0,49.6945,umeã¥ university,sweden,405,49.6945,81.55251141552512,44.82862536390102
Murdoch University,Australia,2026,THE,406.0,49.657,murdoch university,australia,406,49.657,81.5068493150685,44.78598071324599
"University of California, Merced",United States,2026,THE,407.0,49.6395,"university of california, merced",united states,407,49.6395,81.46118721461187,44.76607987627366
National Tsing Hua University,Taiwan,2026,THE,408.0,49.5619999999999,national tsing hua university,taiwan,408,49.5619999999999,81.41552511415526,44.67794759825316
University of Marburg,Germany,2026,THE,409.0,49.5344999999999,university of marburg,germany,409,49.5344999999999,81.36986301369863,44.64667485443948
University of Genoa,Italy,2026,THE,410.0,49.5295,university of genoa,italy,410,49.5295,81.32420091324201,44.64098890101892
Ajman University,United Arab Emirates,2026,THE,411.0,49.5085,ajman university,united arab emirates,411,49.5085,81.27853881278538,44.61710789665211
Universiti Sains Malaysia,Malaysia,2026,THE,412.0,49.4999999999999,universiti sains malaysia,malaysia,412,49.4999999999999,81.23287671232877,44.60744177583686
UniversitÃ© Laval,Canada,2026,THE,413.0,49.3255,universitã© laval,canada,413,49.3255,81.18721461187215,44.409002001455605
Brunel University of London,United Kingdom,2026,THE,414.0,49.2875,brunel university of london,united kingdom,414,49.2875,81.14155251141553,44.36578875545852
University of Porto,Portugal,2026,THE,415.0,49.2525,university of porto,portugal,415,49.2525,81.0958904109589,44.32598708151383
Iran University of Science and Technology,Iran,2026,THE,416.0,49.2149999999999,iran university of science and technology,iran,416,49.2149999999999,81.05022831050228,44.28334243085869
Temple University,United States,2026,THE,417.0,49.19,temple university,united states,417,49.19,81.00456621004565,44.254912663755455
Taipei Medical University,Taiwan,2026,THE,418.0,49.1855,taipei medical university,taiwan,418,49.1855,80.95890410958904,44.249795305676855
Johannes Kepler University of Linz,Austria,2026,THE,419.0,49.1225,johannes kepler university of linz,austria,419,49.1225,80.91324200913242,44.17815229257642
"Royal Holloway, University of London",United Kingdom,2026,THE,420.0,49.111,"royal holloway, university of london",united kingdom,420,49.111,80.86757990867581,44.16507459970888
Drexel University,United States,2026,THE,421.0,49.066,drexel university,united states,421,49.066,80.82191780821918,44.11390101892286
York University,Canada,2026,THE,422.0,49.0635,york university,canada,422,49.0635,80.77625570776256,44.11105804221252
University of Fribourg,Switzerland,2026,THE,423.0,49.0299999999999,university of fribourg,switzerland,423,49.0299999999999,80.73059360730593,44.07296215429392
Iowa State University,United States,2026,THE,424.0,48.9599999999999,iowa state university,united states,424,48.9599999999999,80.68493150684931,43.99335880640455
Australian Catholic University,Australia,2026,THE,425.0,48.927,australian catholic university,australia,425,48.927,80.6392694063927,43.955831513828244
University of Lisbon,Portugal,2026,THE,426.0,48.871,university of lisbon,portugal,426,48.871,80.59360730593608,43.89214883551674
Aston University,United Kingdom,2026,THE,427.0,48.8409999999999,aston university,united kingdom,427,48.8409999999999,80.54794520547945,43.85803311499261
Al Ain University,United Arab Emirates,2026,THE,428.0,48.8045,al ain university,united arab emirates,428,48.8045,80.50228310502283,43.816525655021834
University of Vaasa,Finland,2026,THE,429.0,48.7694999999999,university of vaasa,finland,429,48.7694999999999,80.45662100456622,43.77672398107704
IMT Atlantique,France,2026,THE,430.0,48.7405,imt atlantique,france,430,48.7405,80.41095890410959,43.74374545123727
Wake Forest University,United States,2026,THE,431.0,48.6825,wake forest university,united states,431,48.6825,80.36529680365297,43.6777883915575
Free University of Bozen-Bolzano,Italy,2026,THE,432.0,48.641,free university of bozen-bolzano,italy,432,48.641,80.31963470319636,43.63059497816594
Tulane University,United States,2026,THE,433.0,48.528,tulane university,united states,433,48.528,80.27397260273973,43.50209243085881
Victoria University of Wellington,New Zealand,2026,THE,434.0,48.5209999999999,victoria university of wellington,new zealand,434,48.5209999999999,80.22831050228311,43.49413209606976
Washington State University,United States,2026,THE,435.0,48.4695,washington state university,united states,435,48.4695,80.18264840182648,43.43556677583697
National Yang Ming Chiao Tung University (NYCU Taiwan),Taiwan,2026,THE,436.0,48.4439999999999,national yang ming chiao tung university (nycu taiwan),taiwan,436,48.4439999999999,80.13698630136986,43.40656841339145
Universiti Teknologi Malaysia,Malaysia,2026,THE,437.0,48.429,universiti teknologi malaysia,malaysia,437,48.429,80.09132420091323,43.389510553129554
University of Kent,United Kingdom,2026,THE,438.0,48.4195,university of kent,united kingdom,438,48.4195,80.04566210045661,43.37870724163027
George Mason University,United States,2026,THE,439.0,48.3779999999999,george mason university,united states,439,48.3779999999999,80.0,43.33151382823861
Prince Sattam Bin Abdulaziz University,Saudi Arabia,2026,THE,440.0,48.3704999999999,prince sattam bin abdulaziz university,saudi arabia,440,48.3704999999999,79.95433789954338,43.322984898107606
Al-Ahliyya Amman University,Jordan,2026,THE,441.0,48.3609999999999,al-ahliyya amman university,jordan,441,48.3609999999999,79.90867579908677,43.312181586608325
University of Canberra,Australia,2026,THE,442.0,48.3339999999999,university of canberra,australia,442,48.3339999999999,79.86301369863014,43.28147743813671
University of Kentucky,United States,2026,THE,443.0,48.318,university of kentucky,united states,443,48.318,79.81735159817352,43.263282387190685
University of JyvÃ¤skylÃ¤,Finland,2026,THE,444.0,48.1554999999999,university of jyvã¤skylã¤,finland,444,48.1554999999999,79.77168949771689,43.07848890101881
Brandeis University,United States,2026,THE,445.0,48.1299999999999,brandeis university,united states,445,48.1299999999999,79.72602739726027,43.0494905385734
University of Guelph,Canada,2026,THE,446.0,48.1089999999999,university of guelph,canada,446,48.1089999999999,79.68036529680366,43.02560953420659
Universiti Utara Malaysia,Malaysia,2026,THE,447.0,48.104,universiti utara malaysia,malaysia,447,48.104,79.63470319634703,43.01992358078603
University of Portsmouth,United Kingdom,2026,THE,448.0,48.0605,university of portsmouth,united kingdom,448,48.0605,79.58904109589041,42.9704557860262
University of Delaware,United States,2026,THE,449.0,48.053,university of delaware,united states,449,48.053,79.54337899543378,42.96192685589519
The University of Tennessee-Knoxville,United States,2026,THE,450.0,48.032,the university of tennessee-knoxville,united states,450,48.032,79.49771689497716,42.938045851528386
Beijing University of Chemical Technology,China,2026,THE,451.0,48.0089999999999,beijing university of chemical technology,china,451,48.0089999999999,79.45205479452055,42.91189046579319
University of Regensburg,Germany,2026,THE,452.0,47.9945,university of regensburg,germany,452,47.9945,79.40639269406392,42.895401200873366
University of Coimbra,Portugal,2026,THE,453.0,47.9884999999999,university of coimbra,portugal,453,47.9884999999999,79.36073059360731,42.88857805676845
Shoolini University of Biotechnology and Management Sciences,India,2026,THE,454.0,47.9845,shoolini university of biotechnology and management sciences,india,454,47.9845,79.31506849315069,42.884029294032025
Virginia Commonwealth University,United States,2026,THE,455.0,47.9664999999999,virginia commonwealth university,united states,455,47.9664999999999,79.26940639269407,42.8635598617175
Chung-Ang University,South Korea,2026,THE,456.0,47.924,chung-ang university,south korea,456,47.924,79.22374429223744,42.815229257641924
University of Milan-Bicocca,Italy,2026,THE,457.0,47.7699999999999,university of milan-bicocca,italy,457,47.7699999999999,79.17808219178082,42.64010189228518
University of Oregon,United States,2026,THE,458.0,47.7035,university of oregon,united states,458,47.7035,79.13242009132419,42.56447871179039
University of Houston,United States,2026,THE,459.0,47.6915,university of houston,united states,459,47.6915,79.08675799086758,42.550832423580786
Syracuse University,United States,2026,THE,460.0,47.6219999999999,syracuse university,united states,460,47.6219999999999,79.04109589041096,42.471797671033364
University of Waikato,New Zealand,2026,THE,461.0,47.526,university of waikato,new zealand,461,47.526,78.99543378995433,42.36262736535663
Bond University,Australia,2026,THE,462.0,47.509,bond university,australia,462,47.509,78.94977168949772,42.34329512372635
National Taiwan University of Science and Technology (Taiwan Tech),Taiwan,2026,THE,463.0,47.4329999999999,national taiwan university of science and technology (taiwan tech),taiwan,463,47.4329999999999,78.9041095890411,42.25686863173206
Arabian Gulf University,Bahrain,2026,THE,464.0,47.409,arabian gulf university,bahrain,464,47.409,78.85844748858447,42.229576055312954
Charles University,Czechia,2026,THE,465.0,47.347,charles university,czechia,465,47.347,78.81278538812785,42.15907023289665
Northumbria University,United Kingdom,2026,THE,466.0,47.2739999999999,northumbria university,united kingdom,466,47.2739999999999,78.76712328767124,42.07605531295477
Charles Darwin University,Australia,2026,THE,467.0,47.2335,charles darwin university,australia,467,47.2335,78.72146118721462,42.02999909024746
Pontificia Universidad CatÃ³lica de Chile,Chile,2026,THE,468.0,47.212,pontificia universidad catã³lica de chile,chile,468,47.212,78.67579908675799,42.00554949053858
University of Turin,Italy,2026,THE,468.0,47.212,university of turin,italy,468,47.212,78.67579908675799,42.00554949053858
Colorado School of Mines,United States,2026,THE,470.0,47.2099999999999,colorado school of mines,united states,470,47.2099999999999,78.58447488584474,42.0032751091702
Bournemouth University,United Kingdom,2026,THE,471.0,47.175,bournemouth university,united kingdom,471,47.175,78.53881278538812,41.963473435225616
University of Bordeaux,France,2026,THE,472.0,47.1329999999999,university of bordeaux,france,472,47.1329999999999,78.4931506849315,41.91571142649189
Central Queensland University,Australia,2026,THE,473.0,47.129,central queensland university,australia,473,47.129,78.44748858447488,41.911162663755455
Ajou University,South Korea,2026,THE,474.0,47.1194999999999,ajou university,south korea,474,47.1194999999999,78.40182648401827,41.900359352256075
Polytechnic University of Turin,Italy,2026,THE,475.0,47.035,polytechnic university of turin,italy,475,47.035,78.35616438356165,41.804266739446874
University of Texas at Dallas,United States,2026,THE,476.0,47.0149999999999,university of texas at dallas,united states,476,47.0149999999999,78.31050228310502,41.78152292576408
SOAS University of London,United Kingdom,2026,THE,477.0,46.998,soas university of london,united kingdom,477,46.998,78.2648401826484,41.76219068413391
University of Central Florida,United States,2026,THE,478.0,46.9885,university of central florida,united states,478,46.9885,78.21917808219177,41.751387372634646
Roskilde University,Denmark,2026,THE,479.0,46.9679999999999,roskilde university,denmark,479,46.9679999999999,78.17351598173516,41.728074963609785
Donghua University,China,2026,THE,480.0,46.924,donghua university,china,480,46.924,78.12785388127854,41.67803857350801
Rush University,United States,2026,THE,481.0,46.8834999999999,rush university,united states,481,46.8834999999999,78.08219178082192,41.63198235080047
University of Eastern Finland,Finland,2026,THE,482.0,46.8674999999999,university of eastern finland,finland,482,46.8674999999999,78.03652968036529,41.61378729985433
Near East University,Northern Cyprus,2026,THE,483.0,46.852,near east university,northern cyprus,483,46.852,77.99086757990867,41.59616084425036
Quaid-i-Azam University,Pakistan,2026,THE,484.0,46.8424999999999,quaid-i-azam university,pakistan,484,46.8424999999999,77.94520547945206,41.58535753275098
Nazarbayev University,Kazakhstan,2026,THE,485.0,46.8354999999999,nazarbayev university,kazakhstan,485,46.8354999999999,77.89954337899543,41.57739719796204
BoÄŸaziÃ§i University,Turkey,2026,THE,486.0,46.8244999999999,boäÿaziã§i university,turkey,486,46.8244999999999,77.85388127853882,41.56488810043657
Jamia Millia Islamia,India,2026,THE,487.0,46.7825,jamia millia islamia,india,487,46.7825,77.8082191780822,41.51712609170306
University of South Carolina-Columbia,United States,2026,THE,488.0,46.7745,university of south carolina-columbia,united states,488,46.7745,77.76255707762557,41.508028566229996
Florida International University,United States,2026,THE,489.0,46.7604999999999,florida international university,united states,489,46.7604999999999,77.71689497716895,41.492107896652
University of Tehran,Iran,2026,THE,490.0,46.655,university of tehran,iran,490,46.655,77.67123287671232,41.372134279475986
Umm Al-Qura University,Saudi Arabia,2026,THE,491.0,46.61,umm al-qura university,saudi arabia,491,46.61,77.6255707762557,41.32096069868996
"Asia University, Taiwan",Taiwan,2026,THE,492.0,46.5824999999999,"asia university, taiwan",taiwan,492,46.5824999999999,77.57990867579909,41.28968795487616
University of Cyprus,Cyprus,2026,THE,493.0,46.554,university of cyprus,cyprus,493,46.554,77.53424657534246,41.257278020378465
University of Greifswald,Germany,2026,THE,494.0,46.4684999999999,university of greifswald,germany,494,46.4684999999999,77.48858447488584,41.160048216884896
Marche Polytechnic University,Italy,2026,THE,495.0,46.4334999999999,marche polytechnic university,italy,495,46.4334999999999,77.44292237442923,41.120246542940215
Applied Science Private University,Jordan,2026,THE,496.0,46.3795,applied science private university,jordan,496,46.3795,77.3972602739726,41.058838245997094
Zayed University,United Arab Emirates,2026,THE,497.0,46.3715,zayed university,united arab emirates,497,46.3715,77.35159817351598,41.04974072052402
Leuphana University of LÃ¼neburg,Germany,2026,THE,498.0,46.3355,leuphana university of lã¼neburg,germany,498,46.3355,77.30593607305936,41.00880185589521
Southern Cross University,Australia,2026,THE,499.0,46.3175,southern cross university,australia,499,46.3175,77.26027397260275,40.98833242358079
University of Nizwa,Oman,2026,THE,500.0,46.2744999999999,university of nizwa,oman,500,46.2744999999999,77.21461187214612,40.93943322416291
Heriot-Watt University,United Kingdom,2026,THE,501.0,46.2545,heriot-watt university,united kingdom,501,46.2545,77.1689497716895,40.91668941048035
National and Kapodistrian University of Athens,Greece,2026,THE,502.0,46.2475,national and kapodistrian university of athens,greece,502,46.2475,77.12328767123287,40.90872907569142
Saint Louis University,United States,2026,THE,503.0,46.2425,saint louis university,united states,503,46.2425,77.07762557077625,40.903043122270745
Princess Nourah bint Abdulrahman University,Saudi Arabia,2026,THE,504.0,46.2145,princess nourah bint abdulrahman university,saudi arabia,504,46.2145,77.03196347031962,40.871201783115
Complutense University of Madrid,Spain,2026,THE,505.0,46.123,complutense university of madrid,spain,505,46.123,76.98630136986301,40.767148835516736
Tehran University of Medical Sciences,Iran,2026,THE,506.0,46.0985,tehran university of medical sciences,iran,506,46.0985,76.9406392694064,40.73928766375546
Bangor University,United Kingdom,2026,THE,507.0,46.0389999999999,bangor university,united kingdom,507,46.0389999999999,76.89497716894978,40.67162481804938
Shanghai University,China,2026,THE,508.0,46.028,shanghai university,china,508,46.028,76.84931506849315,40.65911572052402
University of Trieste,Italy,2026,THE,509.0,45.993,university of trieste,italy,509,45.993,76.80365296803653,40.61931404657933
"Colorado State University, Fort Collins",United States,2026,THE,510.0,45.986,"colorado state university, fort collins",united states,510,45.986,76.7579908675799,40.61135371179039
National Yunlin University of Science and Technology,Taiwan,2026,THE,511.0,45.9565,national yunlin university of science and technology,taiwan,511,45.9565,76.71232876712328,40.577806586608446
Istanbul Technical University,Turkey,2026,THE,512.0,45.952,istanbul technical university,turkey,512,45.952,76.66666666666667,40.57268922852984
University of Nebraska Medical Center,United States,2026,THE,513.0,45.9465,university of nebraska medical center,united states,513,45.9465,76.62100456621005,40.566434679767106
University of Nicosia,Cyprus,2026,THE,514.0,45.9054999999999,university of nicosia,cyprus,514,45.9054999999999,76.57534246575342,40.5198098617175
Wayne State University,United States,2026,THE,515.0,45.876,wayne state university,united states,515,45.876,76.5296803652968,40.486262736535664
University of Stirling,United Kingdom,2026,THE,516.0,45.8614999999999,university of stirling,united kingdom,516,45.8614999999999,76.48401826484019,40.46977347161561
Rensselaer Polytechnic Institute,United States,2026,THE,517.0,45.8455,rensselaer polytechnic institute,united states,517,45.8455,76.43835616438356,40.451578420669584
Constructor University,Germany,2026,THE,518.0,45.7994999999999,constructor university,germany,518,45.7994999999999,76.39269406392694,40.39926764919931
Massey University,New Zealand,2026,THE,519.0,45.7665,massey university,new zealand,519,45.7665,76.34703196347033,40.361740356623
Stevens Institute of Technology,United States,2026,THE,520.0,45.762,stevens institute of technology,united states,520,45.762,76.3013698630137,40.3566229985444
University of Iceland,Iceland,2026,THE,521.0,45.748,university of iceland,iceland,521,45.748,76.25570776255708,40.34070232896652
Saarland University,Germany,2026,THE,522.0,45.7434999999999,saarland university,germany,522,45.7434999999999,76.21004566210046,40.33558497088781
University of Siegen,Germany,2026,THE,523.0,45.735,university of siegen,germany,523,45.735,76.16438356164383,40.32591885007278
HSE University,Russian Federation,2026,THE,524.0,45.7225,hse university,russian federation,524,45.7225,76.1187214611872,40.31170396652111
University of Hull,United Kingdom,2026,THE,525.0,45.7105,university of hull,united kingdom,525,45.7105,76.07305936073058,40.29805767831151
Wroclaw Medical University,Poland,2026,THE,526.0,45.71,wroclaw medical university,poland,526,45.71,76.02739726027397,40.297489082969435
Memorial University of Newfoundland,Canada,2026,THE,527.0,45.7005,memorial university of newfoundland,canada,527,45.7005,75.98173515981735,40.28668577147016
Jiangsu University,China,2026,THE,528.0,45.6815,jiangsu university,china,528,45.6815,75.93607305936074,40.265079148471614
Pusan National University,South Korea,2026,THE,529.0,45.6805,pusan national university,south korea,529,45.6805,75.89041095890411,40.26394195778749
Yangzhou University,China,2026,THE,530.0,45.6679999999999,yangzhou university,china,530,45.6679999999999,75.84474885844749,40.2497270742357
Jinan University (China),China,2026,THE,531.0,45.646,jinan university (china),china,531,45.646,75.79908675799086,40.22470887918487
National Cheng Kung University (NCKU),Taiwan,2026,THE,532.0,45.6269999999999,national cheng kung university (ncku),taiwan,532,45.6269999999999,75.75342465753425,40.203102256186206
University of International Business and Economics,China,2026,THE,533.0,45.6239999999999,university of international business and economics,china,533,45.6239999999999,75.70776255707763,40.19969068413381
University of Modena and Reggio Emilia,Italy,2026,THE,534.0,45.5929999999999,university of modena and reggio emilia,italy,534,45.5929999999999,75.662100456621,40.16443777292565
Caâ€™ Foscari University of Venice,Italy,2026,THE,535.0,45.5845,caâ€™ foscari university of venice,italy,535,45.5845,75.61643835616438,40.154771652110625
University of Windsor,Canada,2026,THE,536.0,45.5445,university of windsor,canada,536,45.5445,75.57077625570776,40.10928402474527
University of Limerick,Ireland,2026,THE,537.0,45.5299999999999,university of limerick,ireland,537,45.5299999999999,75.52511415525115,40.09279475982522
University of Messina,Italy,2026,THE,538.0,45.508,university of messina,italy,538,45.508,75.47945205479452,40.06777656477439
Campus Bio-Medico University of Rome,Italy,2026,THE,539.0,45.4475,campus bio-medico university of rome,italy,539,45.4475,75.43378995433791,39.998976528384276
University of Huddersfield,United Kingdom,2026,THE,540.0,45.4024999999999,university of huddersfield,united kingdom,540,45.4024999999999,75.38812785388129,39.947802947598134
UniversitÃ© du QuÃ©bec,Canada,2026,THE,541.0,45.3784999999999,universitã© du quã©bec,canada,541,45.3784999999999,75.34246575342466,39.92051037117893
The University of Tulsa,United States,2026,THE,542.0,45.3724999999999,the university of tulsa,united states,542,45.3724999999999,75.29680365296804,39.91368722707413
University of Valencia,Spain,2026,THE,543.0,45.369,university of valencia,spain,543,45.369,75.25114155251141,39.90970705967977
"Soochow University, China",China,2026,THE,544.0,45.324,"soochow university, china",china,544,45.324,75.20547945205479,39.85853347889374
University of Ulsan,South Korea,2026,THE,545.0,45.287,university of ulsan,south korea,545,45.287,75.15981735159816,39.816457423580786
University of Toulouse,France,2026,THE,546.0,45.2779999999999,university of toulouse,france,546,45.2779999999999,75.11415525114155,39.806222707423466
Federation University Australia,Australia,2026,THE,547.0,45.2759999999999,federation university australia,australia,547,45.2759999999999,75.06849315068493,39.8039483260552
University of Nebraska-Lincoln,United States,2026,THE,548.0,45.2619999999999,university of nebraska-lincoln,united states,548,45.2619999999999,75.0228310502283,39.788027656477325
Missouri University of Science and Technology,United States,2026,THE,549.0,45.2155,missouri university of science and technology,united states,549,45.2155,74.9771689497717,39.73514828966521
Maynooth University,Ireland,2026,THE,550.0,45.1635,maynooth university,ireland,550,45.1635,74.93150684931507,39.676014374090244
University of Catania,Italy,2026,THE,551.0,45.153,university of catania,italy,551,45.153,74.88584474885845,39.664073871906844
Universiti Putra Malaysia,Malaysia,2026,THE,552.0,45.152,universiti putra malaysia,malaysia,552,45.152,74.84018264840184,39.66293668122271
University of Plymouth,United Kingdom,2026,THE,553.0,45.0999999999999,university of plymouth,united kingdom,553,45.0999999999999,74.79452054794521,39.603802765647636
Mizzou - University of Missouri,United States,2026,THE,554.0,45.0909999999999,mizzou - university of missouri,united states,554,45.0909999999999,74.74885844748859,39.59356804949043
Cyprus University of Technology,Cyprus,2026,THE,555.0,45.0689999999999,cyprus university of technology,cyprus,555,45.0689999999999,74.70319634703196,39.56854985443948
NOVA University of Lisbon,Portugal,2026,THE,556.0,45.057,nova university of lisbon,portugal,556,45.057,74.65753424657534,39.55490356622999
Royal Veterinary College,United Kingdom,2026,THE,557.0,45.0565,royal veterinary college,united kingdom,557,45.0565,74.61187214611871,39.55433497088792
TU Dortmund University,Germany,2026,THE,558.0,45.0544999999999,tu dortmund university,germany,558,45.0544999999999,74.56621004566209,39.55206058951954
Konkuk University,South Korea,2026,THE,559.0,45.0345,konkuk university,south korea,559,45.0345,74.52054794520548,39.529316775836975
American University of Sharjah,United Arab Emirates,2026,THE,560.0,44.9389999999999,american university of sharjah,united arab emirates,560,44.9389999999999,74.47488584474885,39.42071506550207
University of Salerno,Italy,2026,THE,561.0,44.8865,university of salerno,italy,561,44.8865,74.42922374429224,39.36101255458515
Imam Abdulrahman Bin Faisal University,Saudi Arabia,2026,THE,562.0,44.8695,imam abdulrahman bin faisal university,saudi arabia,562,44.8695,74.38356164383562,39.34168031295488
Keele University,United Kingdom,2026,THE,563.0,44.861,keele university,united kingdom,563,44.861,74.337899543379,39.33201419213974
University of Manitoba,Canada,2026,THE,564.0,44.8375,university of manitoba,canada,564,44.8375,74.29223744292237,39.30529021106259
Zhejiang University of Technology,China,2026,THE,565.0,44.8095,zhejiang university of technology,china,565,44.8095,74.24657534246575,39.273448871906844
University of KwaZulu-Natal,South Africa,2026,THE,566.0,44.7854999999999,university of kwazulu-natal,south africa,566,44.7854999999999,74.20091324200914,39.246156295487516
Mahatma Gandhi University,India,2026,THE,567.0,44.7685,mahatma gandhi university,india,567,44.7685,74.15525114155251,39.22682405385736
Liverpool John Moores University,United Kingdom,2026,THE,568.0,44.705,liverpool john moores university,united kingdom,568,44.705,74.10958904109589,39.15461244541485
University of Bradford,United Kingdom,2026,THE,569.0,44.6864999999999,university of bradford,united kingdom,569,44.6864999999999,74.06392694063926,39.13357441775826
National Taiwan Normal University,Taiwan,2026,THE,570.0,44.5895,national taiwan normal university,taiwan,570,44.5895,74.01826484018265,39.02326692139738
Shiraz University of Technology,Iran,2026,THE,571.0,44.5689999999999,shiraz university of technology,iran,571,44.5689999999999,73.97260273972603,38.999954512372526
University of Missouri-Kansas City,United States,2026,THE,572.0,44.559,university of missouri-kansas city,united states,572,44.559,73.92694063926942,38.9885826055313
Indian Institute of Technology Indore,India,2026,THE,573.0,44.5425,indian institute of technology indore,india,573,44.5425,73.8812785388128,38.969818959243085
Polytechnic University of Bari,Italy,2026,THE,574.0,44.5325,polytechnic university of bari,italy,574,44.5325,73.83561643835617,38.958447052401745
"Goldsmiths, University of London",United Kingdom,2026,THE,575.0,44.506,"goldsmiths, university of london",united kingdom,575,44.506,73.78995433789954,38.9283114992722
Kyungpook National University (KNU),South Korea,2026,THE,576.0,44.4974999999999,kyungpook national university (knu),south korea,576,44.4974999999999,73.74429223744292,38.91864537845695
Sultan Qaboos University,Oman,2026,THE,577.0,44.45,sultan qaboos university,oman,577,44.45,73.6986301369863,38.864628820960704
University of the Sunshine Coast,Australia,2026,THE,578.0,44.3555,university of the sunshine coast,australia,578,44.3555,73.65296803652967,38.75716430131004
Chulalongkorn University,Thailand,2026,THE,579.0,44.3495,chulalongkorn university,thailand,579,44.3495,73.60730593607306,38.75034115720524
Carleton University,Canada,2026,THE,580.0,44.331,carleton university,canada,580,44.331,73.56164383561644,38.72930312954877
Tashkent Institute of Irrigation and Agricultural Mechanisation,Uzbekistan,2026,THE,581.0,44.3204999999999,tashkent institute of irrigation and agricultural mechanisation,uzbekistan,581,44.3204999999999,73.51598173515981,38.71736262736525
University of Ferrara,Italy,2026,THE,582.0,44.3124999999999,university of ferrara,italy,582,44.3124999999999,73.4703196347032,38.708265101892174
Ewha Womans University,South Korea,2026,THE,583.0,44.246,ewha womans university,south korea,583,44.246,73.42465753424658,38.632641921397386
UPES,India,2026,THE,584.0,44.2434999999999,upes,india,584,44.2434999999999,73.37899543378995,38.62979894468693
University of Graz,Austria,2026,THE,585.0,44.2375,university of graz,austria,585,44.2375,73.33333333333333,38.622975800582246
Alfaisal University,Saudi Arabia,2026,THE,586.0,44.2099999999999,alfaisal university,saudi arabia,586,44.2099999999999,73.28767123287672,38.59170305676845
Auckland University of Technology,New Zealand,2026,THE,587.0,44.1984999999999,auckland university of technology,new zealand,587,44.1984999999999,73.2420091324201,38.57862536390091
University of Pretoria,South Africa,2026,THE,588.0,44.1755,university of pretoria,south africa,588,44.1755,73.19634703196347,38.552469978165945
"Northeastern University, China",China,2026,THE,589.0,44.1305,"northeastern university, china",china,589,44.1305,73.15068493150685,38.50129639737992
Georgia State University,United States,2026,THE,590.0,44.076,georgia state university,united states,590,44.076,73.10502283105022,38.439319505094616
New Jersey Institute of Technology,United States,2026,THE,591.0,44.062,new jersey institute of technology,united states,591,44.062,73.0593607305936,38.423398835516736
Yeungnam University,South Korea,2026,THE,592.0,44.0375,yeungnam university,south korea,592,44.0375,73.01369863013699,38.39553766375546
"China University of Petroleum, Beijing",China,2026,THE,593.0,43.9745,"china university of petroleum, beijing",china,593,43.9745,72.96803652968038,38.32389465065502
Lovely Professional University,India,2026,THE,594.0,43.9434999999999,lovely professional university,india,594,43.9434999999999,72.92237442922375,38.28864173944676
Hamburg University of Technology,Germany,2026,THE,595.0,43.9244999999999,hamburg university of technology,germany,595,43.9244999999999,72.87671232876713,38.26703511644822
Gachon University,South Korea,2026,THE,596.0,43.9119999999999,gachon university,south korea,596,43.9119999999999,72.8310502283105,38.25282023289654
Victoria University,Australia,2026,THE,597.0,43.8669999999999,victoria university,australia,597,43.8669999999999,72.78538812785388,38.20164665211051
UEH University,Vietnam,2026,THE,598.0,43.811,ueh university,vietnam,598,43.811,72.73972602739725,38.137963973799124
RPTU University Kaiserslautern-Landau,Germany,2026,THE,599.0,43.661,rptu university kaiserslautern-landau,germany,599,43.661,72.69406392694064,37.96738537117904
University of Palermo,Italy,2026,THE,600.0,43.6415,university of palermo,italy,600,43.6415,72.64840182648402,37.945210152838435
KIIT University,India,2026,THE,601.0,43.64,kiit university,india,601,43.64,72.6027397260274,37.94350436681223
Juntendo University,Japan,2026,THE,602.0,43.6379999999999,juntendo university,japan,602,43.6379999999999,72.55707762557077,37.94122998544385
Lincoln University (New Zealand),New Zealand,2026,THE,603.0,43.6335,lincoln university (new zealand),new zealand,603,43.6335,72.51141552511416,37.936112627365354
Middlesex University,United Kingdom,2026,THE,604.0,43.6104999999999,middlesex university,united kingdom,604,43.6104999999999,72.46575342465754,37.90995724163017
Banaras Hindu University,India,2026,THE,605.0,43.5905,banaras hindu university,india,605,43.5905,72.42009132420091,37.8872134279476
Jagiellonian University,Poland,2026,THE,606.0,43.5905,jagiellonian university,poland,606,43.5905,72.3744292237443,37.8872134279476
University of Haifa,Israel,2026,THE,607.0,43.555,university of haifa,israel,607,43.555,72.32876712328768,37.846843158660846
University of Denver,United States,2026,THE,608.0,43.547,university of denver,united states,608,43.547,72.28310502283105,37.83774563318777
Graphic Era University,India,2026,THE,609.0,43.516,graphic era university,india,609,43.516,72.23744292237443,37.80249272197962
SUNY University at Albany,United States,2026,THE,610.0,43.4325,suny university at albany,united states,610,43.4325,72.1917808219178,37.70753729985444
Nottingham Trent University,United Kingdom,2026,THE,611.0,43.4214999999999,nottingham trent university,united kingdom,611,43.4214999999999,72.14611872146118,37.69502820232886
Sciences Po,France,2026,THE,612.0,43.403,sciences po,france,612,43.403,72.10045662100457,37.67399017467249
Imam Mohammad Ibn Saud Islamic University,Saudi Arabia,2026,THE,613.0,43.3695,imam mohammad ibn saud islamic university,saudi arabia,613,43.3695,72.05479452054794,37.63589428675401
American University of the Middle East,Kuwait,2026,THE,614.0,43.3375,american university of the middle east,kuwait,614,43.3375,72.00913242009133,37.59950418486172
Aligarh Muslim University,India,2026,THE,615.0,43.331,aligarh muslim university,india,615,43.331,71.96347031963471,37.592112445414855
University of Greenwich,United Kingdom,2026,THE,616.0,43.3034999999999,university of greenwich,united kingdom,616,43.3034999999999,71.91780821917808,37.560839701601054
University of Wuppertal,Germany,2026,THE,617.0,43.295,university of wuppertal,germany,617,43.295,71.87214611872146,37.55117358078603
National University of Sciences and Technology,Pakistan,2026,THE,618.0,43.253,national university of sciences and technology,pakistan,618,43.253,71.82648401826484,37.5034115720524
University of Passau,Germany,2026,THE,619.0,43.2325,university of passau,germany,619,43.2325,71.78082191780823,37.48009916302766
Manchester Metropolitan University,United Kingdom,2026,THE,620.0,43.214,manchester metropolitan university,united kingdom,620,43.214,71.7351598173516,37.45906113537118
Centrale Nantes,France,2026,THE,621.0,43.1775,centrale nantes,france,621,43.1775,71.68949771689498,37.41755367540029
Nanjing University of Science and Technology (NJUST),China,2026,THE,622.0,43.1345,nanjing university of science and technology (njust),china,622,43.1345,71.64383561643835,37.36865447598254
University of Arkansas,United States,2026,THE,623.0,43.131,university of arkansas,united states,623,43.131,71.59817351598173,37.364674308588064
Anglia Ruskin University (ARU),United Kingdom,2026,THE,624.0,42.9604999999999,anglia ruskin university (aru),united kingdom,624,42.9604999999999,71.55251141552512,37.170783296943114
Lehigh University,United States,2026,THE,625.0,42.958,lehigh university,united states,625,42.958,71.5068493150685,37.167940320232894
Tabriz University of Medical Sciences,Iran,2026,THE,626.0,42.9385,tabriz university of medical sciences,iran,626,42.9385,71.46118721461188,37.14576510189229
Tarbiat Modares University,Iran,2026,THE,627.0,42.917,tarbiat modares university,iran,627,42.917,71.41552511415526,37.121315502183414
University of NeuchÃ¢tel,Switzerland,2026,THE,628.0,42.9044999999999,university of neuchã¢tel,switzerland,628,42.9044999999999,71.36986301369863,37.10710061863162
The Catholic University of Korea (CUK),South Korea,2026,THE,629.0,42.858,the catholic university of korea (cuk),south korea,629,42.858,71.32420091324201,37.054221251819506
Mahidol University,Thailand,2026,THE,630.0,42.797,mahidol university,thailand,630,42.797,71.27853881278538,36.98485262008733
Bilkent University,Turkey,2026,THE,631.0,42.7829999999999,bilkent university,turkey,631,42.7829999999999,71.23287671232876,36.96893195050935
University of Canterbury,New Zealand,2026,THE,632.0,42.7575,university of canterbury,new zealand,632,42.7575,71.18721461187215,36.93993358806405
Graz University of Technology,Austria,2026,THE,633.0,42.6604999999999,graz university of technology,austria,633,42.6604999999999,71.14155251141553,36.82962609170294
Nanjing Forestry University,China,2026,THE,634.0,42.6525,nanjing forestry university,china,634,42.6525,71.0958904109589,36.820528566229996
Ã‰cole Nationale des Travaux Publics de l'Ã‰tat (ENTPE),France,2026,THE,635.0,42.6475,ã‰cole nationale des travaux publics de l'ã‰tat (entpe),france,635,42.6475,71.05022831050228,36.814842612809315
TU Braunschweig,Germany,2026,THE,636.0,42.6445,tu braunschweig,germany,636,42.6445,71.00456621004567,36.811431040756915
University of Klagenfurt,Austria,2026,THE,637.0,42.6369999999999,university of klagenfurt,austria,637,42.6369999999999,70.95890410958904,36.8029021106258
Hiroshima University,Japan,2026,THE,638.0,42.6219999999999,hiroshima university,japan,638,42.6219999999999,70.91324200913242,36.785844250363795
The University of Jordan,Jordan,2026,THE,639.0,42.6115,the university of jordan,jordan,639,42.6115,70.86757990867581,36.773903748180494
Ã–rebro University,Sweden,2026,THE,640.0,42.5915,ã–rebro university,sweden,640,42.5915,70.82191780821918,36.75115993449782
University of North Carolina at Charlotte,United States,2026,THE,641.0,42.5565,university of north carolina at charlotte,united states,641,42.5565,70.77625570776256,36.711358260553126
University of Granada,Spain,2026,THE,642.0,42.5495,university of granada,spain,642,42.5495,70.73059360730593,36.7033979257642
University of Alaska Fairbanks,United States,2026,THE,643.0,42.519,university of alaska fairbanks,united states,643,42.519,70.68493150684931,36.668713609898106
Auburn University,United States,2026,THE,644.0,42.5055,auburn university,united states,644,42.5055,70.63926940639269,36.6533615356623
Universiti Pendidikan Sultan Idris,Malaysia,2026,THE,645.0,42.4999999999999,universiti pendidikan sultan idris,malaysia,645,42.4999999999999,70.59360730593608,36.64710698689945
University of Lincoln,United Kingdom,2026,THE,646.0,42.4539999999999,university of lincoln,united kingdom,646,42.4539999999999,70.54794520547945,36.59479621542929
"University of Nevada, Las Vegas",United States,2026,THE,647.0,42.452,"university of nevada, las vegas",united states,647,42.452,70.50228310502284,36.59252183406114
University of Mons,Belgium,2026,THE,648.0,42.4409999999999,university of mons,belgium,648,42.4409999999999,70.45662100456622,36.58001273653556
University of Crete,Greece,2026,THE,649.0,42.3925,university of crete,greece,649,42.3925,70.41095890410959,36.52485898835517
Ulster University,United Kingdom,2026,THE,650.0,42.345,ulster university,united kingdom,650,42.345,70.36529680365297,36.47084243085881
Universiti Malaysia Pahang Al-Sultan Abdullah (UMPSA),Malaysia,2026,THE,651.0,42.326,universiti malaysia pahang al-sultan abdullah (umpsa),malaysia,651,42.326,70.31963470319634,36.44923580786026
UniversitÃ© CÃ´te d'Azur,France,2026,THE,652.0,42.3194999999999,universitã© cã´te d'azur,france,652,42.3194999999999,70.27397260273973,36.441844068413275
University of Tabriz,Iran,2026,THE,653.0,42.3005,university of tabriz,iran,653,42.3005,70.22831050228311,36.42023744541485
University of Calabria,Italy,2026,THE,654.0,42.299,university of calabria,italy,654,42.299,70.18264840182648,36.41853165938865
Babol Noshirvani University of Technology,Iran,2026,THE,655.0,42.275,babol noshirvani university of technology,iran,655,42.275,70.13698630136986,36.391239082969435
University of Lâ€™Aquila,Italy,2026,THE,656.0,42.2469999999999,university of lâ€™aquila,italy,656,42.2469999999999,70.09132420091323,36.359397743813574
East China University of Science and Technology,China,2026,THE,657.0,42.1849999999999,east china university of science and technology,china,657,42.1849999999999,70.04566210045662,36.28889192139727
COMSATS University Islamabad,Pakistan,2026,THE,658.0,42.1595,comsats university islamabad,pakistan,658,42.1595,70.0,36.259893558951966
Concordia University,Canada,2026,THE,659.0,42.1419999999999,concordia university,canada,659,42.1419999999999,69.95433789954339,36.23999272197951
Egypt-Japan University of Science and Technology (E-JUST),Egypt,2026,THE,660.0,42.132,egypt-japan university of science and technology (e-just),egypt,660,42.132,69.90867579908677,36.22862081513828
Management & Science University (MSU),Malaysia,2026,THE,661.0,42.1275,management & science university (msu),malaysia,661,42.1275,69.86301369863014,36.22350345705968
"Amity University, Noida",India,2026,THE,662.0,42.127,"amity university, noida",india,662,42.127,69.81735159817352,36.22293486171762
University of Minho,Portugal,2026,THE,663.0,42.1055,university of minho,portugal,663,42.1055,69.77168949771689,36.19848526200873
Isfahan University of Technology,Iran,2026,THE,664.0,42.0945,isfahan university of technology,iran,664,42.0945,69.72602739726027,36.18597616448326
Panjab University,India,2026,THE,665.0,42.09,panjab university,india,665,42.09,69.68036529680364,36.180858806404665
University of Udine,Italy,2026,THE,666.0,41.9795,university of udine,italy,666,41.9795,69.63470319634703,36.05519923580787
Jiangnan University,China,2026,THE,667.0,41.9615,jiangnan university,china,667,41.9615,69.58904109589041,36.034729803493455
Tomsk State University,Russian Federation,2026,THE,668.0,41.9429999999999,tomsk state university,russian federation,668,41.9429999999999,69.54337899543378,36.01369177583686
UiT The Arctic University of Norway,Norway,2026,THE,669.0,41.9385,uit the arctic university of norway,norway,669,41.9385,69.49771689497717,36.00857441775837
Universitat PolitÃ¨cnica de Catalunya,Spain,2026,THE,670.0,41.9124999999999,universitat politã¨cnica de catalunya,spain,670,41.9124999999999,69.45205479452055,35.97900745997078
Majmaah University,Saudi Arabia,2026,THE,671.0,41.899,majmaah university,saudi arabia,671,41.899,69.40639269406392,35.96365538573508
Tallinn University of Technology,Estonia,2026,THE,672.0,41.898,tallinn university of technology,estonia,672,41.898,69.3607305936073,35.962518195050954
Universiti Tenaga Nasional (UNITEN),Malaysia,2026,THE,673.0,41.888,universiti tenaga nasional (uniten),malaysia,673,41.888,69.31506849315069,35.95114628820961
Edinburgh Napier University,United Kingdom,2026,THE,674.0,41.886,edinburgh napier university,united kingdom,674,41.886,69.26940639269407,35.94887190684135
ISCTE-University Institute of Lisbon,Portugal,2026,THE,675.0,41.878,iscte-university institute of lisbon,portugal,675,41.878,69.22374429223744,35.939774381368274
University of Lille,France,2026,THE,676.0,41.8105,university of lille,france,676,41.8105,69.17808219178082,35.863014010189225
Dhofar University,Oman,2026,THE,677.0,41.8025,dhofar university,oman,677,41.8025,69.13242009132419,35.853916484716166
Oklahoma State University,United States,2026,THE,678.0,41.7874999999999,oklahoma state university,united states,678,41.7874999999999,69.08675799086758,35.83685862445404
Ocean University of China,China,2026,THE,679.0,41.7865,ocean university of china,china,679,41.7865,69.04109589041096,35.83572143377001
"UEES, Espiritu Santo University",Ecuador,2026,THE,680.0,41.7715,"uees, espiritu santo university",ecuador,680,41.7715,68.99543378995435,35.81866357350801
University of Cagliari,Italy,2026,THE,681.0,41.7665,university of cagliari,italy,681,41.7665,68.94977168949772,35.81297762008734
Claude Bernard University Lyon 1,France,2026,THE,682.0,41.72,claude bernard university lyon 1,france,682,41.72,68.9041095890411,35.76009825327511
Nantes UniversitÃ©,France,2026,THE,683.0,41.7185,nantes universitã©,france,683,41.7185,68.85844748858447,35.7583924672489
Sukkur IBA University,Pakistan,2026,THE,684.0,41.7044999999999,sukkur iba university,pakistan,684,41.7044999999999,68.81278538812785,35.74247179767093
Coventry University,United Kingdom,2026,THE,685.0,41.677,coventry university,united kingdom,685,41.677,68.76712328767123,35.71119905385735
Aberystwyth University,United Kingdom,2026,THE,686.0,41.66,aberystwyth university,united kingdom,686,41.66,68.72146118721462,35.691866812227076
Toronto Metropolitan University,Canada,2026,THE,687.0,41.6279999999999,toronto metropolitan university,canada,687,41.6279999999999,68.67579908675799,35.655476710334675
Amedeo Avogadro University of Eastern Piedmont,Italy,2026,THE,688.0,41.6249999999999,amedeo avogadro university of eastern piedmont,italy,688,41.6249999999999,68.63013698630137,35.652065138282275
Symbiosis International University,India,2026,THE,689.0,41.613,symbiosis international university,india,689,41.613,68.58447488584474,35.63841885007278
Paderborn University,Germany,2026,THE,690.0,41.5835,paderborn university,germany,690,41.5835,68.53881278538813,35.60487172489083
Manipal Academy of Higher Education,India,2026,THE,691.0,41.5795,manipal academy of higher education,india,691,41.5795,68.4931506849315,35.6003229621543
Thapar Institute of Engineering and Technology,India,2026,THE,692.0,41.5709999999999,thapar institute of engineering and technology,india,692,41.5709999999999,68.44748858447488,35.59065684133904
Zhejiang Normal University,China,2026,THE,693.0,41.5545,zhejiang normal university,china,693,41.5545,68.40182648401827,35.57189319505095
Central University of Punjab,India,2026,THE,694.0,41.5404999999999,central university of punjab,india,694,41.5404999999999,68.35616438356165,35.55597252547296
Duy Tan University,Vietnam,2026,THE,695.0,41.532,duy tan university,vietnam,695,41.532,68.31050228310502,35.546306404657926
Harokopio University of Athens,Greece,2026,THE,696.0,41.5145,harokopio university of athens,greece,696,41.5145,68.2648401826484,35.526405567685586
Masaryk University,Czechia,2026,THE,697.0,41.4989999999999,masaryk university,czechia,697,41.4989999999999,68.21917808219177,35.508779112081406
Nanjing University of Aeronautics and Astronautics,China,2026,THE,698.0,41.4785,nanjing university of aeronautics and astronautics,china,698,41.4785,68.17351598173515,35.485466703056765
University of Tuscia,Italy,2026,THE,699.0,41.477,university of tuscia,italy,699,41.477,68.12785388127854,35.483760917030565
King Faisal University,Saudi Arabia,2026,THE,700.0,41.45,king faisal university,saudi arabia,700,41.45,68.08219178082192,35.45305676855895
Lorestan University of Medical Sciences,Iran,2026,THE,701.0,41.4385,lorestan university of medical sciences,iran,701,41.4385,68.0365296803653,35.43997907569141
National Research Nuclear University MEPhI,Russian Federation,2026,THE,702.0,41.4345,national research nuclear university mephi,russian federation,702,41.4345,67.99086757990868,35.43543031295488
Iran University of Medical Sciences,Iran,2026,THE,703.0,41.4344999999999,iran university of medical sciences,iran,703,41.4344999999999,67.94520547945206,35.435430312954765
Xidian University,China,2026,THE,704.0,41.434,xidian university,china,704,41.434,67.89954337899543,35.43486171761281
The University of Texas at San Antonio,United States,2026,THE,705.0,41.4225,the university of texas at san antonio,united states,705,41.4225,67.85388127853881,35.42178402474527
University of New Brunswick UNB,Canada,2026,THE,706.0,41.421,university of new brunswick unb,canada,706,41.421,67.8082191780822,35.42007823871907
Golestan University,Iran,2026,THE,707.0,41.3454999999999,golestan university,iran,707,41.3454999999999,67.76255707762557,35.33422034206685
Shiraz University of Medical Sciences,Iran,2026,THE,708.0,41.312,shiraz university of medical sciences,iran,708,41.312,67.71689497716895,35.29612445414847
University of Insubria,Italy,2026,THE,709.0,41.306,university of insubria,italy,709,41.306,67.67123287671232,35.28930131004367
"University of Maryland, Baltimore County",United States,2026,THE,710.0,41.2795,"university of maryland, baltimore county",united states,710,41.2795,67.6255707762557,35.259165756914115
TecnolÃ³gico de Monterrey,Mexico,2026,THE,711.0,41.0834999999999,tecnolã³gico de monterrey,mexico,711,41.0834999999999,67.57990867579909,35.03627638282376
Indian Institute of Technology Patna,India,2026,THE,712.0,41.061,indian institute of technology patna,india,712,41.061,67.53424657534246,35.01068959243086
London South Bank University,United Kingdom,2026,THE,713.0,41.0239999999999,london south bank university,united kingdom,713,41.0239999999999,67.48858447488585,34.96861353711779
Rovira i Virgili University,Spain,2026,THE,714.0,40.9679999999999,rovira i virgili university,spain,714,40.9679999999999,67.44292237442923,34.90493085880629
Bar-Ilan University,Israel,2026,THE,715.0,40.939,bar-ilan university,israel,715,40.939,67.3972602739726,34.87195232896652
University of Hertfordshire,United Kingdom,2026,THE,716.0,40.8465,university of hertfordshire,united kingdom,716,40.8465,67.35159817351598,34.76676219068413
Chitkara University,India,2026,THE,717.0,40.8105,chitkara university,india,717,40.8105,67.30593607305936,34.72582332605531
Cyprus International University,Northern Cyprus,2026,THE,718.0,40.8025,cyprus international university,northern cyprus,718,40.8025,67.26027397260273,34.716725800582246
Urmia University of Medical Sciences,Iran,2026,THE,719.0,40.7795,urmia university of medical sciences,iran,719,40.7795,67.21461187214612,34.69057041484716
Yarmouk University,Jordan,2026,THE,720.0,40.7555,yarmouk university,jordan,720,40.7555,67.1689497716895,34.663277838427945
Worcester Polytechnic Institute,United States,2026,THE,721.0,40.711,worcester polytechnic institute,united states,721,40.711,67.12328767123287,34.61267285298399
Obuda University,Hungary,2026,THE,722.0,40.6819999999999,obuda university,hungary,722,40.6819999999999,67.07762557077626,34.579694323144
Federal University of Rio de Janeiro,Brazil,2026,THE,723.0,40.681,federal university of rio de janeiro,brazil,723,40.681,67.03196347031964,34.57855713245997
University of Beira Interior,Portugal,2026,THE,724.0,40.655,university of beira interior,portugal,724,40.655,66.98630136986301,34.5489901746725
University of the West of Scotland,United Kingdom,2026,THE,725.0,40.6265,university of the west of scotland,united kingdom,725,40.6265,66.94063926940639,34.516580240174676
Ã‰cole des Mines de Saint-Ã‰tienne,France,2026,THE,726.0,40.6164999999999,ã‰cole des mines de saint-ã‰tienne,france,726,40.6164999999999,66.89497716894978,34.50520833333323
Kadir Has University,Turkey,2026,THE,727.0,40.5655,kadir has university,turkey,727,40.5655,66.84931506849315,34.44721160844251
Kobe University,Japan,2026,THE,728.0,40.556,kobe university,japan,728,40.556,66.80365296803653,34.436408296943235
Air University,Pakistan,2026,THE,729.0,40.54,air university,pakistan,729,40.54,66.7579908675799,34.41821324599709
Jouf University,Saudi Arabia,2026,THE,730.0,40.5015,jouf university,saudi arabia,730,40.5015,66.71232876712328,34.37443140465793
Malaviya National Institute of Technology,India,2026,THE,731.0,40.4325,malaviya national institute of technology,india,731,40.4325,66.66666666666666,34.29596524745269
SRUC (Scotlandâ€™s Rural College),United Kingdom,2026,THE,732.0,40.4,sruc (scotlandâ€™s rural college),united kingdom,732,40.4,66.62100456621005,34.25900655021834
Louisiana State University,United States,2026,THE,733.0,40.3665,louisiana state university,united states,733,40.3665,66.57534246575342,34.22091066229986
University of the Basque Country,Spain,2026,THE,734.0,40.3505,university of the basque country,spain,734,40.3505,66.52968036529681,34.20271561135371
Shahid Beheshti University of Medical Sciences,Iran,2026,THE,735.0,40.3339999999999,shahid beheshti university of medical sciences,iran,735,40.3339999999999,66.48401826484019,34.18395196506538
New Mexico State University (Main campus),United States,2026,THE,736.0,40.317,new mexico state university (main campus),united states,736,40.317,66.43835616438356,34.16461972343523
Mississippi State University,United States,2026,THE,737.0,40.3109999999999,mississippi state university,united states,737,40.3109999999999,66.39269406392694,34.15779657933031
Ben-Gurion University of the Negev,Israel,2026,THE,738.0,40.3075,ben-gurion university of the negev,israel,738,40.3075,66.34703196347031,34.15381641193595
Qingdao University,China,2026,THE,739.0,40.2955,qingdao university,china,739,40.2955,66.3013698630137,34.14017012372634
Paris Lodron UniversitÃ¤t Salzburg,Austria,2026,THE,740.0,40.282,paris lodron universitã¤t salzburg,austria,740,40.282,66.25570776255708,34.124818049490536
University of Aveiro,Portugal,2026,THE,741.0,40.2814999999999,university of aveiro,portugal,741,40.2814999999999,66.21004566210046,34.12424945414836
South China Normal University,China,2026,THE,742.0,40.2795,south china normal university,china,742,40.2795,66.16438356164383,34.1219750727802
Capital Medical University,China,2026,THE,743.0,40.2615,capital medical university,china,743,40.2615,66.1187214611872,34.10150564046579
Yuan Ze University,Taiwan,2026,THE,744.0,40.2605,yuan ze university,taiwan,744,40.2605,66.0730593607306,34.10036844978166
Universidade Estadual Paulista (Unesp),Brazil,2026,THE,745.0,40.249,universidade estadual paulista (unesp),brazil,745,40.249,66.02739726027397,34.08729075691412
University of Bari Aldo Moro,Italy,2026,THE,746.0,40.2435,university of bari aldo moro,italy,746,40.2435,65.98173515981736,34.08103620815138
UWE Bristol (University of the West of England),United Kingdom,2026,THE,747.0,40.228,uwe bristol (university of the west of england),united kingdom,747,40.228,65.93607305936074,34.06340975254731
Otto von Guericke University of Magdeburg,Germany,2026,THE,748.0,40.218,otto von guericke university of magdeburg,germany,748,40.218,65.89041095890411,34.052037845705975
Guangdong University of Technology,China,2026,THE,749.0,40.2164999999999,guangdong university of technology,china,749,40.2164999999999,65.84474885844749,34.05033205967965
Government College University Faisalabad,Pakistan,2026,THE,750.0,40.1685,government college university faisalabad,pakistan,750,40.1685,65.79908675799086,33.99574690684135
De Montfort University,United Kingdom,2026,THE,751.0,40.111,de montfort university,united kingdom,751,40.111,65.75342465753424,33.93035844250364
London Metropolitan University,United Kingdom,2026,THE,752.0,40.1084999999999,london metropolitan university,united kingdom,752,40.1084999999999,65.70776255707761,33.92751546579319
University of the Western Cape,South Africa,2026,THE,753.0,40.0635,university of the western cape,south africa,753,40.0635,65.662100456621,33.87634188500728
Xiâ€™an Jiaotong-Liverpool University,China,2026,THE,754.0,40.0455,xiâ€™an jiaotong-liverpool university,china,754,40.0455,65.61643835616438,33.855872452692864
Polytechnic University of Valencia,Spain,2026,THE,755.0,40.0085,polytechnic university of valencia,spain,755,40.0085,65.57077625570777,33.81379639737992
Texas Tech University,United States,2026,THE,756.0,39.9905,texas tech university,united states,756,39.9905,65.52511415525115,33.7933269650655
American University,United States,2026,THE,757.0,39.9395,american university,united states,757,39.9395,65.47945205479452,33.735330240174676
Universiti Teknologi Brunei,Brunei Darussalam,2026,THE,758.0,39.908,universiti teknologi brunei,brunei darussalam,758,39.908,65.4337899543379,33.699508733624455
SUNY Binghamton University,United States,2026,THE,759.0,39.8964999999999,suny binghamton university,united states,759,39.8964999999999,65.38812785388129,33.6864310407568
Teesside University,United Kingdom,2026,THE,760.0,39.8785,teesside university,united kingdom,760,39.8785,65.34246575342466,33.66596160844251
Keio University,Japan,2026,THE,761.0,39.875,keio university,japan,761,39.875,65.29680365296804,33.66198144104804
Isfahan University of Medical Sciences,Iran,2026,THE,762.0,39.8685,isfahan university of medical sciences,iran,762,39.8685,65.25114155251141,33.65458970160116
Eastern Mediterranean University,Northern Cyprus,2026,THE,763.0,39.8354999999999,eastern mediterranean university,northern cyprus,763,39.8354999999999,65.20547945205479,33.617062409024626
Ton Duc Thang University,Vietnam,2026,THE,764.0,39.782,ton duc thang university,vietnam,764,39.782,65.15981735159816,33.55622270742358
Czech University of Life Sciences Prague (CZU),Czechia,2026,THE,765.0,39.729,czech university of life sciences prague (czu),czechia,765,39.729,65.11415525114155,33.495951601164485
City University of Macau,Macao,2026,THE,766.0,39.7235,city university of macau,macao,766,39.7235,65.06849315068493,33.48969705240175
University of Haâ€™il,Saudi Arabia,2026,THE,767.0,39.7004999999999,university of haâ€™il,saudi arabia,767,39.7004999999999,65.02283105022832,33.46354166666655
The University of Aizu,Japan,2026,THE,768.0,39.6874999999999,the university of aizu,japan,768,39.6874999999999,64.9771689497717,33.44875818777282
University of Parma,Italy,2026,THE,769.0,39.6584999999999,university of parma,italy,769,39.6584999999999,64.93150684931507,33.41577965793292
University of Warsaw,Poland,2026,THE,770.0,39.6505,university of warsaw,poland,770,39.6505,64.88584474885845,33.40668213245998
VIT University,India,2026,THE,771.0,39.6385,vit university,india,771,39.6385,64.84018264840182,33.39303584425037
Parthenope University of Naples,Italy,2026,THE,772.0,39.6345,parthenope university of naples,italy,772,39.6345,64.7945205479452,33.38848708151384
Sharda University,India,2026,THE,773.0,39.6299999999999,sharda university,india,773,39.6299999999999,64.74885844748859,33.383369723435116
Babol University of Medical Sciences,Iran,2026,THE,774.0,39.6225,babol university of medical sciences,iran,774,39.6225,64.70319634703196,33.37484079330423
Charles Sturt University,Australia,2026,THE,775.0,39.6219999999999,charles sturt university,australia,775,39.6219999999999,64.65753424657534,33.37427219796204
National Sun Yat-Sen University,Taiwan,2026,THE,776.0,39.614,national sun yat-sen university,taiwan,776,39.614,64.61187214611871,33.36517467248908
University of Santiago de Compostela,Spain,2026,THE,777.0,39.613,university of santiago de compostela,spain,777,39.613,64.5662100456621,33.36403748180495
National Institute of Technology Rourkela,India,2026,THE,778.0,39.6069999999999,national institute of technology rourkela,india,778,39.6069999999999,64.52054794520548,33.35721433770003
University of Texas at Arlington,United States,2026,THE,779.0,39.556,university of texas at arlington,united states,779,39.556,64.47488584474887,33.299217612809315
University of Tabuk,Saudi Arabia,2026,THE,780.0,39.551,university of tabuk,saudi arabia,780,39.551,64.42922374429224,33.29353165938865
Kansas State University,United States,2026,THE,781.0,39.5015,kansas state university,united states,781,39.5015,64.38356164383562,33.23724072052402
Taif University,Saudi Arabia,2026,THE,782.0,39.4995,taif university,saudi arabia,782,39.4995,64.337899543379,33.23496633915575
"International Institute of Information Technology, Hyderabad",India,2026,THE,783.0,39.483,"international institute of information technology, hyderabad",india,783,39.483,64.29223744292237,33.21620269286753
Bahauddin Zakariya University,Pakistan,2026,THE,784.0,39.461,bahauddin zakariya university,pakistan,784,39.461,64.24657534246575,33.19118449781659
Harbin Engineering University,China,2026,THE,785.0,39.4575,harbin engineering university,china,785,39.4575,64.20091324200912,33.187204330422134
University of Brighton,United Kingdom,2026,THE,786.0,39.4359999999999,university of brighton,united kingdom,786,39.4359999999999,64.15525114155251,33.16275473071313
Jazan University,Saudi Arabia,2026,THE,787.0,39.4199999999999,jazan university,saudi arabia,787,39.4199999999999,64.10958904109589,33.14455967976699
University of Rennes 1,France,2026,THE,788.0,39.4034999999999,university of rennes 1,france,788,39.4034999999999,64.06392694063928,33.125796033478785
University of Toledo,United States,2026,THE,789.0,39.3819999999999,university of toledo,united states,789,39.3819999999999,64.01826484018265,33.101346433769905
YÄ±ldÄ±z Technical University,Turkey,2026,THE,790.0,39.357,yä±ldä±z technical university,turkey,790,39.357,63.97260273972603,33.07291666666667
Rochester Institute of Technology,United States,2026,THE,791.0,39.3374999999999,rochester institute of technology,united states,791,39.3374999999999,63.926940639269404,33.050741448325944
University of Lahore,Pakistan,2026,THE,792.0,39.297,university of lahore,pakistan,792,39.297,63.88127853881278,33.00468522561863
University of Derby,United Kingdom,2026,THE,793.0,39.293,university of derby,united kingdom,793,39.293,63.83561643835617,33.0001364628821
Nanjing Tech University,China,2026,THE,794.0,39.2609999999999,nanjing tech university,china,794,39.2609999999999,63.789954337899545,32.9637463609897
American University in Cairo,Egypt,2026,THE,795.0,39.249,american university in cairo,egypt,795,39.249,63.74429223744292,32.95010007278021
Universidade Federal do Rio Grande do Sul,Brazil,2026,THE,796.0,39.2215,universidade federal do rio grande do sul,brazil,796,39.2215,63.6986301369863,32.91882732896652
Kafrelsheikh University,Egypt,2026,THE,797.0,39.1669999999999,kafrelsheikh university,egypt,797,39.1669999999999,63.65296803652968,32.856850436681114
Alborz University of Medical Sciences,Iran,2026,THE,798.0,39.1239999999999,alborz university of medical sciences,iran,798,39.1239999999999,63.607305936073054,32.80795123726335
Beirut Arab University,Lebanon,2026,THE,799.0,39.079,beirut arab university,lebanon,799,39.079,63.561643835616444,32.75677765647744
"University of Veterinary and Animal Sciences, Lahore",Pakistan,2026,THE,800.0,39.053,"university of veterinary and animal sciences, lahore",pakistan,800,39.053,63.51598173515982,32.72721069868996
Qazvin University of Medical Sciences,Iran,2026,THE,801.0,39.0375,qazvin university of medical sciences,iran,801,39.0375,63.4703196347032,32.709584243085885
University of Delhi,India,2026,THE,802.0,39.0049999999999,university of delhi,india,802,39.0049999999999,63.42465753424658,32.67262554585142
Ohio University (Main campus),United States,2026,THE,803.0,38.992,ohio university (main campus),united states,803,38.992,63.37899543378995,32.657842066957784
Isra University (Jordan),Jordan,2026,THE,804.0,38.974,isra university (jordan),jordan,804,38.974,63.33333333333333,32.63737263464338
Chang Gung University,Taiwan,2026,THE,805.0,38.972,chang gung university,taiwan,805,38.972,63.287671232876704,32.63509825327511
Bharathiar University,India,2026,THE,806.0,38.9675,bharathiar university,india,806,38.9675,63.242009132420094,32.62998089519651
Baylor University,United States,2026,THE,807.0,38.9465,baylor university,united states,807,38.9465,63.19634703196348,32.6060998908297
Qassim University,Saudi Arabia,2026,THE,808.0,38.9424999999999,qassim university,saudi arabia,808,38.9424999999999,63.15068493150685,32.60155112809305
Fuzhou University,China,2026,THE,809.0,38.9024999999999,fuzhou university,china,809,38.9024999999999,63.10502283105023,32.55606350072769
"University of Engineering and Technology, Taxila",Pakistan,2026,THE,810.0,38.9009999999999,"university of engineering and technology, taxila",pakistan,810,38.9009999999999,63.0593607305936,32.55435771470149
Kurdistan University of Medical Sciences,Iran,2026,THE,811.0,38.885,kurdistan university of medical sciences,iran,811,38.885,63.013698630136986,32.536162663755455
William & Mary,United States,2026,THE,812.0,38.8835,william & mary,united states,812,38.8835,62.96803652968036,32.534456877729255
Northeast Agricultural University,China,2026,THE,813.0,38.876,northeast agricultural university,china,813,38.876,62.92237442922375,32.525927947598255
Pontifical Catholic University of Rio de Janeiro (PUC-Rio),Brazil,2026,THE,814.0,38.8495,pontifical catholic university of rio de janeiro (puc-rio),brazil,814,38.8495,62.87671232876713,32.4957923944687
JÃ¶nkÃ¶ping University,Sweden,2026,THE,815.0,38.8384999999999,jã¶nkã¶ping university,sweden,815,38.8384999999999,62.8310502283105,32.483283296943114
Future University in Egypt,Egypt,2026,THE,816.0,38.7529999999999,future university in egypt,egypt,816,38.7529999999999,62.78538812785388,32.386053493449666
Birjand University of Medical Sciences,Iran,2026,THE,817.0,38.692,birjand university of medical sciences,iran,817,38.692,62.73972602739726,32.31668486171762
"Birla Institute of Technology and Science, Pilani",India,2026,THE,818.0,38.69,"birla institute of technology and science, pilani",india,818,38.69,62.694063926940636,32.314410480349345
Oxford Brookes University,United Kingdom,2026,THE,819.0,38.6359999999999,oxford brookes university,united kingdom,819,38.6359999999999,62.648401826484026,32.253002183406004
Shahroud University of Medical Sciences,Iran,2026,THE,820.0,38.5915,shahroud university of medical sciences,iran,820,38.5915,62.6027397260274,32.20239719796216
Jawaharlal Nehru University,India,2026,THE,821.0,38.5834999999999,jawaharlal nehru university,india,821,38.5834999999999,62.55707762557078,32.193299672488976
Leeds Beckett University,United Kingdom,2026,THE,822.0,38.5725,leeds beckett university,united kingdom,822,38.5725,62.51141552511415,32.18079057496361
National Technical University of Athens,Greece,2026,THE,823.0,38.5325,national technical university of athens,greece,823,38.5325,62.465753424657535,32.135302947598255
Jordan University of Science and Technology,Jordan,2026,THE,824.0,38.5284999999999,jordan university of science and technology,jordan,824,38.5284999999999,62.42009132420091,32.13075418486161
RUDN University,Russian Federation,2026,THE,825.0,38.509,rudn university,russian federation,825,38.509,62.374429223744286,32.10857896652111
Kerman University of Medical Sciences,Iran,2026,THE,826.0,38.4924999999999,kerman university of medical sciences,iran,826,38.4924999999999,62.328767123287676,32.08981532023279
University of JaÃ©n,Spain,2026,THE,827.0,38.4864999999999,university of jaã©n,spain,827,38.4864999999999,62.28310502283105,32.08299217612798
Robert Gordon University,United Kingdom,2026,THE,828.0,38.43,robert gordon university,united kingdom,828,38.43,62.23744292237443,32.018740902474526
Rafsanjan University of Medical Sciences,Iran,2026,THE,829.0,38.337,rafsanjan university of medical sciences,iran,829,38.337,62.19178082191781,31.91298216885008
PanthÃ©on-Sorbonne University â€“ Paris 1,France,2026,THE,830.0,38.3325,panthã©on-sorbonne university â€“ paris 1,france,830,38.3325,62.146118721461185,31.907864810771475
Abdul Wali Khan University Mardan,Pakistan,2026,THE,831.0,38.3315,abdul wali khan university mardan,pakistan,831,38.3315,62.10045662100456,31.906727620087338
National Autonomous University of Mexico,Mexico,2026,THE,832.0,38.3165,national autonomous university of mexico,mexico,832,38.3165,62.054794520547944,31.889669759825328
Cankaya University,Turkey,2026,THE,833.0,38.2315,cankaya university,turkey,833,38.2315,62.009132420091326,31.79300855167394
Urmia University,Iran,2026,THE,834.0,38.225,urmia university,iran,834,38.225,61.96347031963471,31.78561681222708
University of Tunis El Manar,Tunisia,2026,THE,835.0,38.1955,university of tunis el manar,tunisia,835,38.1955,61.917808219178085,31.752069687045125
Southwest Jiaotong University,China,2026,THE,836.0,38.1925,southwest jiaotong university,china,836,38.1925,61.87214611872146,31.74865811499273
Northeast Normal University,China,2026,THE,837.0,38.179,northeast normal university,china,837,38.179,61.826484018264836,31.73330604075692
Southern Illinois University Carbondale,United States,2026,THE,838.0,38.1699999999999,southern illinois university carbondale,united states,838,38.1699999999999,61.78082191780822,31.7230713245996
Nanjing Normal University,China,2026,THE,839.0,38.1675,nanjing normal university,china,839,38.1675,61.7351598173516,31.720228347889375
Nanjing Medical University,China,2026,THE,840.0,38.1605,nanjing medical university,china,840,38.1605,61.689497716894984,31.712268013100438
University of Seville,Spain,2026,THE,841.0,38.1474999999999,university of seville,spain,841,38.1474999999999,61.64383561643836,31.697484534206584
University of Namur,Belgium,2026,THE,842.0,38.14,university of namur,belgium,842,38.14,61.598173515981735,31.68895560407569
Istanbul Medipol University,Turkey,2026,THE,843.0,38.1374999999999,istanbul medipol university,turkey,843,38.1374999999999,61.55251141552511,31.686112627365247
King Saud bin Abdulaziz University for Health Sciences,Saudi Arabia,2026,THE,844.0,38.136,king saud bin abdulaziz university for health sciences,saudi arabia,844,38.136,61.50684931506849,31.684406841339158
University of Management and Technology,Pakistan,2026,THE,845.0,38.079,university of management and technology,pakistan,845,38.079,61.46118721461187,31.619586972343527
Cairo University,Egypt,2026,THE,846.0,38.036,cairo university,egypt,846,38.036,61.41552511415526,31.570687772925766
Guru Gobind Singh Indraprastha University,India,2026,THE,847.0,38.028,guru gobind singh indraprastha university,india,847,38.028,61.369863013698634,31.561590247452692
University of Indonesia,Indonesia,2026,THE,848.0,38.0234999999999,university of indonesia,indonesia,848,38.0234999999999,61.32420091324201,31.55647288937398
National Institute of Applied Sciences of Lyon (INSA Lyon),France,2026,THE,849.0,38.0195,national institute of applied sciences of lyon (insa lyon),france,849,38.0195,61.278538812785385,31.55192412663756
Guilan University of Medical Sciences,Iran,2026,THE,850.0,38.0085,guilan university of medical sciences,iran,850,38.0085,61.23287671232877,31.539415029112085
University of Salford,United Kingdom,2026,THE,851.0,38.007,university of salford,united kingdom,851,38.007,61.18721461187214,31.53770924308588
Empress Catherine II Saint Petersburg Mining University,Russian Federation,2026,THE,852.0,37.9965,empress catherine ii saint petersburg mining university,russian federation,852,37.9965,61.14155251141552,31.52576874090247
University of Malakand,Pakistan,2026,THE,853.0,37.9795,university of malakand,pakistan,853,37.9795,61.09589041095891,31.5064364992722
European University Cyprus,Cyprus,2026,THE,854.0,37.9584999999999,european university cyprus,cyprus,854,37.9584999999999,61.050228310502284,31.482555494905274
National University of Science and Technology (MISiS),Russian Federation,2026,THE,855.0,37.9115,national university of science and technology (misis),russian federation,855,37.9115,61.00456621004567,31.42910753275109
University of Rhode Island,United States,2026,THE,856.0,37.9,university of rhode island,united states,856,37.9,60.95890410958904,31.416029839883553
Najran University,Saudi Arabia,2026,THE,857.0,37.865,najran university,saudi arabia,857,37.865,60.91324200913242,31.37622816593887
University of Ljubljana,Slovenia,2026,THE,858.0,37.862,university of ljubljana,slovenia,858,37.862,60.86757990867579,31.372816593886466
ReykjavÃ­k University,Iceland,2026,THE,859.0,37.8349999999999,reykjavã­k university,iceland,859,37.8349999999999,60.82191780821918,31.342112445414738
University of CÃ³rdoba,Spain,2026,THE,860.0,37.833,university of cã³rdoba,spain,860,37.833,60.77625570776256,31.339838064046578
International University of Rabat,Morocco,2026,THE,861.0,37.8305,international university of rabat,morocco,861,37.8305,60.73059360730594,31.336995087336245
Jeonbuk National University,South Korea,2026,THE,862.0,37.83,jeonbuk national university,south korea,862,37.83,60.68493150684932,31.336426491994178
Norwegian University of Life Sciences,Norway,2026,THE,863.0,37.8204999999999,norwegian university of life sciences,norway,863,37.8204999999999,60.63926940639269,31.325623180494798
Mashhad University of Medical Sciences,Iran,2026,THE,864.0,37.8035,mashhad university of medical sciences,iran,864,37.8035,60.59360730593607,31.306290938864628
Chonnam National University,South Korea,2026,THE,865.0,37.7795,chonnam national university,south korea,865,37.7795,60.54794520547945,31.278998362445414
Kaohsiung Medical University,Taiwan,2026,THE,866.0,37.7789999999999,kaohsiung medical university,taiwan,866,37.7789999999999,60.50228310502283,31.278429767103233
The Islamia University of Bahawalpur,Pakistan,2026,THE,867.0,37.7469999999999,the islamia university of bahawalpur,pakistan,867,37.7469999999999,60.456621004566216,31.242039665210953
Vilnius University,Lithuania,2026,THE,868.0,37.738,vilnius university,lithuania,868,37.738,60.41095890410959,31.23180494905386
KL University,India,2026,THE,869.0,37.7275,kl university,india,869,37.7275,60.36529680365297,31.219864446870453
National Institute of Technology Silchar,India,2026,THE,870.0,37.7134999999999,national institute of technology silchar,india,870,37.7134999999999,60.31963470319634,31.20394377729246
The University of Alabama,United States,2026,THE,871.0,37.7005,the university of alabama,united states,871,37.7005,60.273972602739725,31.189160298398832
Wenzhou University,China,2026,THE,872.0,37.698,wenzhou university,china,872,37.698,60.2283105022831,31.1863173216885
SR University,India,2026,THE,873.0,37.6849999999999,sr university,india,873,37.6849999999999,60.18264840182649,31.171533842794652
The Catholic University of America,United States,2026,THE,874.0,37.6745,the catholic university of america,united states,874,37.6745,60.136986301369866,31.15959334061136
University of Westminster,United Kingdom,2026,THE,875.0,37.673,university of westminster,united kingdom,875,37.673,60.09132420091324,31.157887554585155
University of Debrecen,Hungary,2026,THE,876.0,37.6635,university of debrecen,hungary,876,37.6635,60.04566210045662,31.14708424308588
Hacettepe University,Turkey,2026,THE,877.0,37.6329999999999,hacettepe university,turkey,877,37.6329999999999,60.0,31.112399927219688
Waseda University,Japan,2026,THE,878.0,37.5985,waseda university,japan,878,37.5985,59.954337899543376,31.073166848617177
University of Vigo,Spain,2026,THE,879.0,37.5849999999999,university of vigo,spain,879,37.5849999999999,59.90867579908675,31.05781477438126
Inha University,South Korea,2026,THE,880.0,37.5615,inha university,south korea,880,37.5615,59.86301369863014,31.031090793304227
Clark University,United States,2026,THE,881.0,37.559,clark university,united states,881,37.559,59.817351598173516,31.028247816593886
Daffodil International University (DIU),Bangladesh,2026,THE,882.0,37.5585,daffodil international university (diu),bangladesh,882,37.5585,59.77168949771689,31.027679221251823
University of Salento,Italy,2026,THE,883.0,37.552,university of salento,italy,883,37.552,59.726027397260275,31.02028748180495
JSS Academy of Higher Education and Research,India,2026,THE,884.0,37.551,jss academy of higher education and research,india,884,37.551,59.68036529680365,31.019150291120816
MontanuniversitÃ¤t Leoben,Austria,2026,THE,885.0,37.5275,montanuniversitã¤t leoben,austria,885,37.5275,59.634703196347026,30.992426310043676
Shiraz University,Iran,2026,THE,886.0,37.5069999999999,shiraz university,iran,886,37.5069999999999,59.589041095890416,30.969113901018808
Arts et MÃ©tiers,France,2026,THE,887.0,37.477,arts et mã©tiers,france,887,37.477,59.54337899543379,30.934998180494905
University of Wyoming,United States,2026,THE,888.0,37.469,university of wyoming,united states,888,37.469,59.497716894977174,30.925900655021838
Catholic University of Portugal,Portugal,2026,THE,889.0,37.3429999999999,catholic university of portugal,portugal,889,37.3429999999999,59.45205479452055,30.78261462882084
University of Medicine and Pharmacy Carol Davila,Romania,2026,THE,890.0,37.3274999999999,university of medicine and pharmacy carol davila,romania,890,37.3274999999999,59.406392694063925,30.76498817321677
University of Hagen,Germany,2026,THE,891.0,37.32,university of hagen,germany,891,37.32,59.3607305936073,30.75645924308588
Mansoura University,Egypt,2026,THE,892.0,37.306,mansoura university,egypt,892,37.306,59.31506849315068,30.740538573508005
Zhejiang Gongshang University,China,2026,THE,893.0,37.3054999999999,zhejiang gongshang university,china,893,37.3054999999999,59.269406392694066,30.73996997816583
Gorgan University of Agricultural Sciences and Natural Resources,Iran,2026,THE,894.0,37.281,gorgan university of agricultural sciences and natural resources,iran,894,37.281,59.22374429223745,30.712108806404657
The University of Notre Dame Australia,Australia,2026,THE,895.0,37.2725,the university of notre dame australia,australia,895,37.2725,59.178082191780824,30.70244268558952
Federal University of Minas Gerais,Brazil,2026,THE,896.0,37.2164999999999,federal university of minas gerais,brazil,896,37.2164999999999,59.1324200913242,30.638760007277906
Shri Mata Vaishno Devi University,India,2026,THE,897.0,37.2055,shri mata vaishno devi university,india,897,37.2055,59.086757990867575,30.62625090975255
North-West University,South Africa,2026,THE,898.0,37.2044999999999,north-west university,south africa,898,37.2044999999999,59.04109589041096,30.625113719068302
Government College University Lahore,Pakistan,2026,THE,899.0,37.2024999999999,government college university lahore,pakistan,899,37.2024999999999,58.99543378995433,30.622839337700036
Universitat Ramon Llull,Spain,2026,THE,900.0,37.1875,universitat ramon llull,spain,900,37.1875,58.94977168949772,30.60578147743814
Iqra University,Pakistan,2026,THE,901.0,37.181,iqra university,pakistan,901,37.181,58.9041095890411,30.598389737991265
"International Islamic University, Islamabad",Pakistan,2026,THE,902.0,37.178,"international islamic university, islamabad",pakistan,902,37.178,58.858447488584474,30.594978165938862
University of the Punjab,Pakistan,2026,THE,903.0,37.1609999999999,university of the punjab,pakistan,903,37.1609999999999,58.81278538812785,30.575645924308475
Ain Shams University,Egypt,2026,THE,904.0,37.1545,ain shams university,egypt,904,37.1545,58.76712328767123,30.568254184861715
Azerbaijan State University of Economics,Azerbaijan,2026,THE,905.0,37.1509999999999,azerbaijan state university of economics,azerbaijan,905,37.1509999999999,58.72146118721461,30.564274017467135
Sogang University,South Korea,2026,THE,906.0,37.1445,sogang university,south korea,906,37.1445,58.675799086758,30.55688227802038
Capital University of Science and Technology,Pakistan,2026,THE,907.0,37.125,capital university of science and technology,pakistan,907,37.125,58.63013698630137,30.534707059679768
Chengdu University,China,2026,THE,908.0,37.1245,chengdu university,china,908,37.1245,58.58447488584475,30.5341384643377
Siksha â€˜Oâ€™ Anusandhan,India,2026,THE,909.0,37.043,siksha â€˜oâ€™ anusandhan,india,909,37.043,58.53881278538813,30.441457423580786
Zanjan University of Medical Sciences,Iran,2026,THE,910.0,37.025,zanjan university of medical sciences,iran,910,37.025,58.49315068493151,30.420987991266372
Northern Border University,Saudi Arabia,2026,THE,911.0,36.997,northern border university,saudi arabia,911,36.997,58.44748858447488,30.389146652110625
Carlos III University of Madrid,Spain,2026,THE,912.0,36.983,carlos iii university of madrid,spain,912,36.983,58.40182648401826,30.373225982532748
Glasgow Caledonian University,United Kingdom,2026,THE,913.0,36.9795,glasgow caledonian university,united kingdom,913,36.9795,58.35616438356165,30.369245815138285
An-Najah National University,Palestine,2026,THE,914.0,36.9589999999999,an-najah national university,palestine,914,36.9589999999999,58.31050228310502,30.345933406113424
Open University of Catalonia,Spain,2026,THE,915.0,36.9544999999999,open university of catalonia,spain,915,36.9544999999999,58.264840182648406,30.340816048034824
University of Salamanca,Spain,2026,THE,916.0,36.9534999999999,university of salamanca,spain,916,36.9534999999999,58.21917808219178,30.339678857350687
Ozyegin University,Turkey,2026,THE,917.0,36.9209999999999,ozyegin university,turkey,917,36.9209999999999,58.17351598173516,30.302720160116337
Abdullah GÃ¼l University,Turkey,2026,THE,918.0,36.9179999999999,abdullah gã¼l university,turkey,918,36.9179999999999,58.12785388127853,30.299308588063933
Universidade Federal de SÃ£o Paulo (UNIFESP),Brazil,2026,THE,919.0,36.9075,universidade federal de sã£o paulo (unifesp),brazil,919,36.9075,58.082191780821915,30.28736808588064
Hanoi Medical University,Vietnam,2026,THE,920.0,36.9055,hanoi medical university,vietnam,920,36.9055,58.0365296803653,30.285093704512377
Bucharest University of Economic Studies,Romania,2026,THE,921.0,36.8739999999999,bucharest university of economic studies,romania,921,36.8739999999999,57.99086757990868,30.249272197962046
University of Nova Gorica,Slovenia,2026,THE,922.0,36.867,university of nova gorica,slovenia,922,36.867,57.945205479452056,30.241311863173216
Makerere University,Uganda,2026,THE,923.0,36.856,makerere university,uganda,923,36.856,57.89954337899543,30.22880276564775
Ferdowsi University of Mashhad,Iran,2026,THE,924.0,36.8429999999999,ferdowsi university of mashhad,iran,924,36.8429999999999,57.85388127853881,30.214019286753885
Ahvaz Jundishapur University of Medical Sciences (AJUMS),Iran,2026,THE,925.0,36.8164999999999,ahvaz jundishapur university of medical sciences (ajums),iran,925,36.8164999999999,57.80821917808219,30.183883733624338
University of Malta,Malta,2026,THE,926.0,36.7905,university of malta,malta,926,36.7905,57.76255707762557,30.154316775836975
University of Vic â€“ Central University of Catalonia,Spain,2026,THE,927.0,36.771,university of vic â€“ central university of catalonia,spain,927,36.771,57.716894977168955,30.13214155749636
Al-Zaytoonah University of Jordan,Jordan,2026,THE,928.0,36.753,al-zaytoonah university of jordan,jordan,928,36.753,57.67123287671233,30.111672125181954
Nanjing University of Information Science and Technology,China,2026,THE,929.0,36.7455,nanjing university of information science and technology,china,929,36.7455,57.62557077625571,30.103143195050947
University of Regina,Canada,2026,THE,930.0,36.7385,university of regina,canada,930,36.7385,57.57990867579908,30.09518286026201
University of Dhaka,Bangladesh,2026,THE,931.0,36.7315,university of dhaka,bangladesh,931,36.7315,57.534246575342465,30.087222525473067
Guangzhou Medical University,China,2026,THE,932.0,36.7179999999999,guangzhou medical university,china,932,36.7179999999999,57.48858447488584,30.07187045123715
Shahrekord University of Medical Sciences,Iran,2026,THE,933.0,36.697,shahrekord university of medical sciences,iran,933,36.697,57.44292237442923,30.047989446870453
University of Petra,Jordan,2026,THE,934.0,36.665,university of petra,jordan,934,36.665,57.397260273972606,30.01159934497817
Gazipur Agricultural University,Bangladesh,2026,THE,935.0,36.6415,gazipur agricultural university,bangladesh,935,36.6415,57.35159817351598,29.98487536390102
Aristotle University of Thessaloniki,Greece,2026,THE,936.0,36.6215,aristotle university of thessaloniki,greece,936,36.6215,57.30593607305936,29.96213155021834
Ilam University of Medical Sciences,Iran,2026,THE,937.0,36.6175,ilam university of medical sciences,iran,937,36.6175,57.26027397260274,29.957582787481808
Zahedan University of Medical Sciences,Iran,2026,THE,938.0,36.5635,zahedan university of medical sciences,iran,938,36.5635,57.214611872146115,29.896174490538574
North South University,Bangladesh,2026,THE,939.0,36.5615,north south university,bangladesh,939,36.5615,57.16894977168949,29.893900109170307
Halmstad University,Sweden,2026,THE,940.0,36.5609999999999,halmstad university,sweden,940,36.5609999999999,57.12328767123288,29.893331513828127
Jahangirnagar University,Bangladesh,2026,THE,941.0,36.5274999999999,jahangirnagar university,bangladesh,941,36.5274999999999,57.077625570776256,29.855235625909636
University of Ibadan,Nigeria,2026,THE,942.0,36.4749999999999,university of ibadan,nigeria,942,36.4749999999999,57.03196347031964,29.79553311499261
EÃ¶tvÃ¶s LorÃ¡nd University,Hungary,2026,THE,943.0,36.4544999999999,eã¶tvã¶s lorã¡nd university,hungary,943,36.4544999999999,56.986301369863014,29.772220705967868
Medical University of Lodz,Poland,2026,THE,944.0,36.436,medical university of lodz,poland,944,36.436,56.94063926940639,29.7511826783115
Shahid Beheshti University,Iran,2026,THE,945.0,36.425,shahid beheshti university,iran,945,36.425,56.894977168949765,29.738673580786024
University of Roehampton,United Kingdom,2026,THE,946.0,36.4065,university of roehampton,united kingdom,946,36.4065,56.849315068493155,29.71763555312955
Ontario Tech University,Canada,2026,THE,947.0,36.406,ontario tech university,canada,947,36.406,56.80365296803653,29.71706695778748
Florida Atlantic University,United States,2026,THE,948.0,36.384,florida atlantic university,united states,948,36.384,56.75799086757991,29.69204876273654
Khwaja Fareed University of Engineering and Information Technology,Pakistan,2026,THE,949.0,36.3724999999999,khwaja fareed university of engineering and information technology,pakistan,949,36.3724999999999,56.71232876712329,29.678971069868886
Old Dominion University,United States,2026,THE,950.0,36.347,old dominion university,united states,950,36.347,56.666666666666664,29.649972707423583
University of Lleida,Spain,2026,THE,951.0,36.3145,university of lleida,spain,951,36.3145,56.62100456621004,29.613014010189232
Birmingham City University,United Kingdom,2026,THE,952.0,36.297,birmingham city university,united kingdom,952,36.297,56.57534246575342,29.593113173216885
AtatÃ¼rk University,Turkey,2026,THE,953.0,36.2749999999999,atatã¼rk university,turkey,953,36.2749999999999,56.529680365296805,29.568094978165828
K.N. Toosi University of Technology,Iran,2026,THE,954.0,36.2645,k.n. toosi university of technology,iran,954,36.2645,56.48401826484019,29.55615447598253
University of Central Punjab,Pakistan,2026,THE,955.0,36.254,university of central punjab,pakistan,955,36.254,56.43835616438356,29.544213973799128
Ural Federal University,Russian Federation,2026,THE,956.0,36.239,ural federal university,russian federation,956,36.239,56.39269406392694,29.527156113537117
University of Rome III,Italy,2026,THE,957.0,36.2235,university of rome iii,italy,957,36.2235,56.347031963470315,29.509529657933044
University of AlcalÃ¡,Spain,2026,THE,958.0,36.2159999999999,university of alcalã¡,spain,958,36.2159999999999,56.3013698630137,29.50100072780193
Northern Illinois University,United States,2026,THE,959.0,36.199,northern illinois university,united states,959,36.199,56.25570776255707,29.48166848617176
Al al-Bayt University,Jordan,2026,THE,960.0,36.1979999999999,al al-bayt university,jordan,960,36.1979999999999,56.21004566210046,29.480531295487516
Baqiyatallah University of Medical Sciences,Iran,2026,THE,961.0,36.1924999999999,baqiyatallah university of medical sciences,iran,961,36.1924999999999,56.16438356164384,29.474276746724783
Jamia Hamdard University,India,2026,THE,962.0,36.1515,jamia hamdard university,india,962,36.1515,56.118721461187214,29.427651928675402
Mazandaran University of Medical Sciences,Iran,2026,THE,963.0,36.1104999999999,mazandaran university of medical sciences,iran,963,36.1104999999999,56.073059360730596,29.3810271106258
Peter the Great St Petersburg Polytechnic University,Russian Federation,2026,THE,964.0,36.1075,peter the great st petersburg polytechnic university,russian federation,964,36.1075,56.02739726027397,29.377615538573508
University of Wolverhampton,United Kingdom,2026,THE,965.0,36.1045,university of wolverhampton,united kingdom,965,36.1045,55.98173515981735,29.37420396652111
Alagappa University,India,2026,THE,966.0,36.092,alagappa university,india,966,36.092,55.93607305936074,29.359989082969435
Tomsk Polytechnic University,Russian Federation,2026,THE,967.0,36.0819999999999,tomsk polytechnic university,russian federation,967,36.0819999999999,55.89041095890411,29.348617176127984
Innopolis University,Russian Federation,2026,THE,968.0,36.0775,innopolis university,russian federation,968,36.0775,55.84474885844749,29.34349981804949
Savitribai Phule Pune University,India,2026,THE,969.0,36.044,savitribai phule pune university,india,969,36.044,55.79908675799087,29.305403930131003
Al-Azhar University,Egypt,2026,THE,970.0,36.033,al-azhar university,egypt,970,36.033,55.75342465753425,29.292894832605533
The Open University,United Kingdom,2026,THE,971.0,36.0304999999999,the open university,united kingdom,971,36.0304999999999,55.70776255707762,29.290051855895083
University of Gujrat,Pakistan,2026,THE,972.0,36.0169999999999,university of gujrat,pakistan,972,36.0169999999999,55.662100456621,29.27469978165928
University of Lagos,Nigeria,2026,THE,973.0,35.991,university of lagos,nigeria,973,35.991,55.61643835616439,29.245132823871906
BahÃ§eÅŸehir University,Turkey,2026,THE,974.0,35.971,bahã§eåÿehir university,turkey,974,35.971,55.57077625570776,29.222389010189225
Lahore University of Management Sciences,Pakistan,2026,THE,974.0,35.971,lahore university of management sciences,pakistan,974,35.971,55.57077625570776,29.222389010189225
Sheffield Hallam University,United Kingdom,2026,THE,976.0,35.935,sheffield hallam university,united kingdom,976,35.935,55.47945205479452,29.18145014556041
UniversitÃ© de Bretagne Occidentale,France,2026,THE,977.0,35.9125,universitã© de bretagne occidentale,france,977,35.9125,55.4337899543379,29.155863355167398
Marie and Louis Pasteur University,France,2026,THE,978.0,35.8739999999999,marie and louis pasteur university,france,978,35.8739999999999,55.38812785388127,29.11208151382813
King Mongkutâ€™s University of Technology Thonburi,Thailand,2026,THE,979.0,35.839,king mongkutâ€™s university of technology thonburi,thailand,979,35.839,55.342465753424655,29.072279839883553
Alexandria University,Egypt,2026,THE,980.0,35.8275,alexandria university,egypt,980,35.8275,55.29680365296804,29.059202147016013
"National Institute of Technology, Tiruchirappalli",India,2026,THE,981.0,35.8125,"national institute of technology, tiruchirappalli",india,981,35.8125,55.25114155251142,29.042144286754006
Pablo de Olavide University,Spain,2026,THE,982.0,35.8069999999999,pablo de olavide university,spain,982,35.8069999999999,55.205479452054796,29.035889737991155
University of Patras,Greece,2026,THE,983.0,35.7945,university of patras,greece,983,35.7945,55.15981735159817,29.021674854439595
Anna University,India,2026,THE,984.0,35.773,anna university,india,984,35.773,55.11415525114155,28.99722525473072
Portland State University,United States,2026,THE,985.0,35.77,portland state university,united states,985,35.77,55.06849315068493,28.993813682678315
Siberian Federal University,Russian Federation,2026,THE,986.0,35.7465,siberian federal university,russian federation,986,35.7465,55.02283105022832,28.96708970160116
Delhi Technological University,India,2026,THE,987.0,35.7329999999999,delhi technological university,india,987,35.7329999999999,54.977168949771695,28.951737627365244
Ghulam Ishaq Khan Institute of Engineering Sciences and Technology,Pakistan,2026,THE,988.0,35.6984999999999,ghulam ishaq khan institute of engineering sciences and technology,pakistan,988,35.6984999999999,54.93150684931507,28.91250454876263
Kazan Federal University,Russian Federation,2026,THE,989.0,35.684,kazan federal university,russian federation,989,35.684,54.885844748858446,28.89601528384279
National Veterinary School of Alfort (EnvA),France,2026,THE,990.0,35.67,national veterinary school of alfort (enva),france,990,35.67,54.84018264840182,28.880094614264923
"Amity University Rajasthan, Jaipur",India,2026,THE,991.0,35.6685,"amity university rajasthan, jaipur",india,991,35.6685,54.794520547945204,28.87838882823872
Mahsa University,Malaysia,2026,THE,992.0,35.6135,mahsa university,malaysia,992,35.6135,54.74885844748858,28.81584334061136
Kingston University,United Kingdom,2026,THE,992.0,35.6135,kingston university,united kingdom,992,35.6135,54.74885844748858,28.81584334061136
Wakayama Medical University,Japan,2026,THE,994.0,35.587,wakayama medical university,japan,994,35.587,54.657534246575345,28.78570778748181
Ã‰cole Centrale de Lyon,France,2026,THE,995.0,35.5785,ã‰cole centrale de lyon,france,995,35.5785,54.61187214611872,28.776041666666668
University of the Balearic Islands,Spain,2026,THE,996.0,35.555,university of the balearic islands,spain,996,35.555,54.5662100456621,28.74931768558952
German Jordanian University,Jordan,2026,THE,997.0,35.5169999999999,german jordanian university,jordan,997,35.5169999999999,54.52054794520548,28.706104439592323
University of Foggia,Italy,2026,THE,998.0,35.511,university of foggia,italy,998,35.511,54.474885844748854,28.699281295487634
Reichman University,Israel,2026,THE,999.0,35.501,reichman university,israel,999,35.501,54.42922374429223,28.687909388646286
Gabriele dâ€˜Annunzio University,Italy,2026,THE,1000.0,35.4755,gabriele dâ€˜annunzio university,italy,1000,35.4755,54.38356164383562,28.658911026200872
IMT Nord Europe,France,2026,THE,1001.0,35.4715,imt nord europe,france,1001,35.4715,54.337899543378995,28.65436226346434
University of Cape Coast,Ghana,2026,THE,1002.0,35.4674999999999,university of cape coast,ghana,1002,35.4674999999999,54.29223744292238,28.64981350072769
Chungbuk National University,South Korea,2026,THE,1003.0,35.4239999999999,chungbuk national university,south korea,1003,35.4239999999999,54.24657534246575,28.600345705967868
Jawaharlal Nehru Technological University Anantapur (JNTUA),India,2026,THE,1004.0,35.407,jawaharlal nehru technological university anantapur (jntua),india,1004,35.407,54.20091324200913,28.581013464337694
Delta University for Science and Technology,Egypt,2026,THE,1005.0,35.3704999999999,delta university for science and technology,egypt,1005,35.3704999999999,54.155251141552505,28.5395060043667
Lithuanian University of Health Sciences,Lithuania,2026,THE,1006.0,35.3595,lithuanian university of health sciences,lithuania,1006,35.3595,54.109589041095894,28.52699690684134
Indian Institute of Technology Ropar,India,2026,THE,1007.0,35.3505,indian institute of technology ropar,india,1007,35.3505,54.06392694063927,28.51676219068413
University of Colombo,Sri Lanka,2026,THE,1008.0,35.3414999999999,university of colombo,sri lanka,1008,35.3414999999999,54.01826484018265,28.50652747452681
University of Hradec KrÃ¡lovÃ©,Czechia,2026,THE,1009.0,35.3195,university of hradec krã¡lovã©,czechia,1009,35.3195,53.97260273972603,28.48150927947598
China Pharmaceutical University,China,2026,THE,1010.0,35.2975,china pharmaceutical university,china,1010,35.2975,53.926940639269404,28.45649108442504
Tishk International University,Iraq,2026,THE,1011.0,35.245,tishk international university,iraq,1011,35.245,53.88127853881278,28.396788573508005
University of Campania Luigi Vanvitelli,Italy,2026,THE,1012.0,35.2385,university of campania luigi vanvitelli,italy,1012,35.2385,53.83561643835616,28.389396834061138
University of Angers,France,2026,THE,1013.0,35.2365,university of angers,france,1013,35.2365,53.789954337899545,28.38712245269287
University of Girona,Spain,2026,THE,1014.0,35.1665,university of girona,spain,1014,35.1665,53.74429223744293,28.30751910480349
Zagazig University,Egypt,2026,THE,1015.0,35.147,zagazig university,egypt,1015,35.147,53.6986301369863,28.285343886462883
PMAS Arid Agriculture University Rawalpindi,Pakistan,2026,THE,1016.0,35.115,pmas arid agriculture university rawalpindi,pakistan,1016,35.115,53.65296803652968,28.248953784570602
Universiti Malaysia Terengganu (UMT),Malaysia,2026,THE,1017.0,35.1089999999999,universiti malaysia terengganu (umt),malaysia,1017,35.1089999999999,53.60730593607306,28.242130640465685
ITMO University,Russian Federation,2026,THE,1018.0,35.1055,itmo university,russian federation,1018,35.1055,53.56164383561644,28.23815047307133
Islamic University of Madinah,Saudi Arabia,2026,THE,1019.0,35.102,islamic university of madinah,saudi arabia,1019,35.102,53.51598173515981,28.234170305676855
"Arab Academy for Science, Technology and Maritime Transport",Egypt,2026,THE,1020.0,35.0975,"arab academy for science, technology and maritime transport",egypt,1020,35.0975,53.4703196347032,28.229052947598248
Hamadan University of Medical Sciences (UMSHA),Iran,2026,THE,1021.0,35.0655,hamadan university of medical sciences (umsha),iran,1021,35.0655,53.42465753424658,28.192662845705968
Kyoto Prefectural University of Medicine,Japan,2026,THE,1022.0,35.0599999999999,kyoto prefectural university of medicine,japan,1022,35.0599999999999,53.37899543378995,28.18640829694312
University of Hyderabad,India,2026,THE,1023.0,35.048,university of hyderabad,india,1023,35.048,53.333333333333336,28.172762008733628
Indian Institute of Technology Gandhinagar,India,2026,THE,1024.0,35.0445,indian institute of technology gandhinagar,india,1024,35.0445,53.28767123287671,28.168781841339158
Okayama University,Japan,2026,THE,1025.0,35.0304999999999,okayama university,japan,1025,35.0304999999999,53.24200913242009,28.152861171761167
GLA University,India,2026,THE,1026.0,35.018,gla university,india,1026,35.018,53.19634703196348,28.138646288209607
University of Memphis,United States,2026,THE,1027.0,34.9995,university of memphis,united states,1027,34.9995,53.15068493150685,28.11760826055313
Covenant University,Nigeria,2026,THE,1028.0,34.9875,covenant university,nigeria,1028,34.9875,53.10502283105023,28.103961972343523
University of Kashan,Iran,2026,THE,1029.0,34.951,university of kashan,iran,1029,34.951,53.05936073059361,28.062454512372636
"University of the Andes, Colombia",Colombia,2026,THE,1030.0,34.934,"university of the andes, colombia",colombia,1030,34.934,53.013698630136986,28.043122270742355
University of Zaragoza,Spain,2026,THE,1031.0,34.9115,university of zaragoza,spain,1031,34.9115,52.96803652968036,28.01753548034934
Bangladesh University of Engineering and Technology,Bangladesh,2026,THE,1032.0,34.891,bangladesh university of engineering and technology,bangladesh,1032,34.891,52.92237442922374,27.994223071324598
University of Rajshahi,Bangladesh,2026,THE,1033.0,34.8724999999999,university of rajshahi,bangladesh,1033,34.8724999999999,52.87671232876713,27.973185043668014
UniversitÃ© Bourgogne Europe,France,2026,THE,1034.0,34.8565,universitã© bourgogne europe,france,1034,34.8565,52.8310502283105,27.95498999272198
Universidade Federal de Santa Catarina,Brazil,2026,THE,1035.0,34.8394999999999,universidade federal de santa catarina,brazil,1035,34.8394999999999,52.785388127853885,27.93565775109159
Yokohama City University,Japan,2026,THE,1036.0,34.8184999999999,yokohama city university,japan,1036,34.8184999999999,52.73972602739726,27.911776746724783
University of Kurdistan,Iran,2026,THE,1037.0,34.8155,university of kurdistan,iran,1037,34.8155,52.694063926940636,27.90836517467249
Riphah International University,Pakistan,2026,THE,1038.0,34.8055,riphah international university,pakistan,1038,34.8055,52.64840182648401,27.896993267831157
ZHAW Zurich University of Applied Sciences,Switzerland,2026,THE,1039.0,34.8049999999999,zhaw zurich university of applied sciences,switzerland,1039,34.8049999999999,52.602739726027394,27.896424672488973
University of Savoie Mont Blanc,France,2026,THE,1040.0,34.7965,university of savoie mont blanc,france,1040,34.7965,52.557077625570784,27.886758551673946
Institute for Advanced Studies in Basic Sciences (IASBS),Iran,2026,THE,1041.0,34.795,institute for advanced studies in basic sciences (iasbs),iran,1041,34.795,52.51141552511416,27.885052765647742
Tokyo Medical University,Japan,2026,THE,1042.0,34.7705,tokyo medical university,japan,1042,34.7705,52.465753424657535,27.85719159388646
University of Ghana,Ghana,2026,THE,1043.0,34.7575,university of ghana,ghana,1043,34.7575,52.42009132420091,27.842408114992722
University of Sannio,Italy,2026,THE,1044.0,34.7295,university of sannio,italy,1044,34.7295,52.374429223744286,27.810566775836975
University of Murcia,Spain,2026,THE,1045.0,34.6795,university of murcia,spain,1045,34.6795,52.32876712328767,27.753707241630277
Chiang Mai University,Thailand,2026,THE,1046.0,34.6645,chiang mai university,thailand,1046,34.6645,52.28310502283106,27.736649381368267
Cochin University of Science and Technology,India,2026,THE,1047.0,34.6615,cochin university of science and technology,india,1047,34.6615,52.237442922374434,27.733237809315863
University of Texas at El Paso,United States,2026,THE,1048.0,34.6284999999999,university of texas at el paso,united states,1048,34.6284999999999,52.19178082191781,27.695710516739336
Lakehead University,Canada,2026,THE,1049.0,34.6255,lakehead university,canada,1049,34.6255,52.146118721461185,27.69229894468705
SRM Institute of Science and Technology,India,2026,THE,1050.0,34.616,srm institute of science and technology,india,1050,34.616,52.10045662100457,27.681495633187776
Jashore University of Science and Technology,Bangladesh,2026,THE,1051.0,34.605,jashore university of science and technology,bangladesh,1051,34.605,52.054794520547944,27.6689865356623
Tallinn University,Estonia,2026,THE,1052.0,34.5849999999999,tallinn university,estonia,1052,34.5849999999999,52.00913242009132,27.646242721979508
Ming Chi University of Technology,Taiwan,2026,THE,1053.0,34.5445,ming chi university of technology,taiwan,1053,34.5445,51.96347031963471,27.6001864992722
TU Bergakademie Freiberg,Germany,2026,THE,1054.0,34.5425,tu bergakademie freiberg,germany,1054,34.5425,51.917808219178085,27.597912117903928
Chiba University,Japan,2026,THE,1055.0,34.54,chiba university,japan,1055,34.54,51.87214611872146,27.595069141193594
Florida Institute of Technology,United States,2026,THE,1055.0,34.54,florida institute of technology,united states,1055,34.54,51.87214611872146,27.595069141193594
The University of Haripur,Pakistan,2026,THE,1057.0,34.5329999999999,the university of haripur,pakistan,1057,34.5329999999999,51.78082191780822,27.587108806404547
University of Chile,Chile,2026,THE,1058.0,34.5295,university of chile,chile,1058,34.5295,51.735159817351594,27.58312863901019
PalackÃ½ University Olomouc,Czechia,2026,THE,1059.0,34.4535,palackã½ university olomouc,czechia,1059,34.4535,51.68949771689497,27.496702147016013
University of Camerino (Unicam),Italy,2026,THE,1060.0,34.441,university of camerino (unicam),italy,1060,34.441,51.64383561643836,27.48248726346434
Technische UniversitÃ¤t Ilmenau,Germany,2026,THE,1061.0,34.44,technische universitã¤t ilmenau,germany,1061,34.44,51.598173515981735,27.481350072780202
BRAC University,Bangladesh,2026,THE,1062.0,34.4115,brac university,bangladesh,1062,34.4115,51.55251141552512,27.448940138282385
University of Algarve,Portugal,2026,THE,1063.0,34.319,university of algarve,portugal,1063,34.319,51.50684931506849,27.343750000000007
University of Lancashire,United Kingdom,2026,THE,1064.0,34.3055,university of lancashire,united kingdom,1064,34.3055,51.46118721461187,27.328397925764197
Shantou University,China,2026,THE,1065.0,34.28,shantou university,china,1065,34.28,51.415525114155244,27.299399563318783
University of Bucharest,Romania,2026,THE,1066.0,34.2785,university of bucharest,romania,1066,34.2785,51.369863013698634,27.29769377729258
"University of Technology, Iraq",Iraq,2026,THE,1067.0,34.254,"university of technology, iraq",iraq,1067,34.254,51.32420091324201,27.269832605531295
Florida Agricultural and Mechanical University,United States,2026,THE,1068.0,34.253,florida agricultural and mechanical university,united states,1068,34.253,51.27853881278539,27.268695414847162
University of Belgrade,Serbia,2026,THE,1069.0,34.25,university of belgrade,serbia,1069,34.25,51.23287671232877,27.265283842794762
Ateneo de Manila University,Philippines,2026,THE,1070.0,34.245,ateneo de manila university,philippines,1070,34.245,51.18721461187214,27.25959788937409
Jaume I University,Spain,2026,THE,1071.0,34.2429999999999,jaume i university,spain,1071,34.2429999999999,51.141552511415526,27.257323508005715
European University of Madrid,Spain,2026,THE,1072.0,34.2285,european university of madrid,spain,1072,34.2285,51.0958904109589,27.240834243085878
GdaÅ„sk University of Technology,Poland,2026,THE,1073.0,34.198,gdaå„sk university of technology,poland,1073,34.198,51.05022831050229,27.206149927219798
Indian Institute of Technology Mandi,India,2026,THE,1074.0,34.1539999999999,indian institute of technology mandi,india,1074,34.1539999999999,51.00456621004567,27.156113537117786
CY Cergy Paris University,France,2026,THE,1075.0,34.1509999999999,cy cergy paris university,france,1075,34.1509999999999,50.95890410958904,27.152701965065383
University of East London,United Kingdom,2026,THE,1076.0,34.0995,university of east london,united kingdom,1076,34.0995,50.91324200913242,27.094136644832606
Shanghai Normal University,China,2026,THE,1077.0,34.098,shanghai normal university,china,1077,34.098,50.8675799086758,27.092430858806406
Kaunas University of Technology,Lithuania,2026,THE,1078.0,34.0819999999999,kaunas university of technology,lithuania,1078,34.0819999999999,50.821917808219176,27.074235807860152
Universidad Peruana Cayetano Heredia,Peru,2026,THE,1079.0,34.0635,universidad peruana cayetano heredia,peru,1079,34.0635,50.77625570776255,27.05319778020378
Universiti Sultan Zainal Abidin,Malaysia,2026,THE,1080.0,34.0614999999999,universiti sultan zainal abidin,malaysia,1080,34.0614999999999,50.73059360730594,27.05092339883541
Shaqra University,Saudi Arabia,2026,THE,1081.0,34.0595,shaqra university,saudi arabia,1081,34.0595,50.68493150684932,27.048649017467252
University of Oviedo,Spain,2026,THE,1082.0,34.0575,university of oviedo,spain,1082,34.0575,50.63926940639269,27.04637463609898
Hangzhou Normal University,China,2026,THE,1083.0,34.0539999999999,hangzhou normal university,china,1083,34.0539999999999,50.593607305936075,27.0423944687044
Technical University of Madrid,Spain,2026,THE,1084.0,34.043,technical university of madrid,spain,1084,34.043,50.54794520547945,27.02988537117904
University of Alicante,Spain,2026,THE,1085.0,34.0315,university of alicante,spain,1085,34.0315,50.502283105022826,27.0168076783115
University of Seoul,South Korea,2026,THE,1086.0,34.015,university of seoul,south korea,1086,34.015,50.456621004566216,26.998044032023294
Kumamoto University,Japan,2026,THE,1087.0,33.9539999999999,kumamoto university,japan,1087,33.9539999999999,50.41095890410959,26.92867540029101
Tashkent State Technical University,Uzbekistan,2026,THE,1088.0,33.938,tashkent state technical university,uzbekistan,1088,33.938,50.36529680365297,26.910480349344983
Chungnam National University,South Korea,2026,THE,1089.0,33.9375,chungnam national university,south korea,1089,33.9375,50.31963470319635,26.909911754002913
University of la Costa,Colombia,2026,THE,1090.0,33.9255,university of la costa,colombia,1090,33.9255,50.273972602739725,26.896265465793306
Ä°stinye University,Turkey,2026,THE,1091.0,33.9124999999999,ä°stinye university,turkey,1091,33.9124999999999,50.2283105022831,26.881481986899452
Edge Hill University,United Kingdom,2026,THE,1092.0,33.866,edge hill university,united kingdom,1092,33.866,50.18264840182648,26.828602620087338
Jaypee University of Information Technology,India,2026,THE,1093.0,33.8535,jaypee university of information technology,india,1093,33.8535,50.136986301369866,26.81438773653566
University of the Aegean,Greece,2026,THE,1094.0,33.8494999999999,university of the aegean,greece,1094,33.8494999999999,50.09132420091325,26.809838973799017
University of Bedfordshire,United Kingdom,2026,THE,1095.0,33.808,university of bedfordshire,united kingdom,1095,33.808,50.045662100456624,26.76264556040757
Beni-Suef University,Egypt,2026,THE,1096.0,33.79,beni-suef university,egypt,1096,33.79,50.0,26.74217612809316
Taiz University,Yemen,2026,THE,1097.0,33.781,taiz university,yemen,1097,33.781,49.954337899543376,26.731941411935956
Khulna University of Engineering and Technology (KUET),Bangladesh,2026,THE,1098.0,33.758,khulna university of engineering and technology (kuet),bangladesh,1098,33.758,49.90867579908676,26.70578602620088
University of Okara,Pakistan,2026,THE,1099.0,33.7339999999999,university of okara,pakistan,1099,33.7339999999999,49.86301369863014,26.67849344978155
University of Latvia,Latvia,2026,THE,1100.0,33.7089999999999,university of latvia,latvia,1100,33.7089999999999,49.817351598173516,26.650063682678194
"National Institute of Technology, Raipur",India,2026,THE,1101.0,33.7,"national institute of technology, raipur",india,1101,33.7,49.77168949771689,26.63982896652111
University of Gloucestershire,United Kingdom,2026,THE,1102.0,33.6845,university of gloucestershire,united kingdom,1102,33.6845,49.726027397260275,26.62220251091703
University of Clermont Auvergne,France,2026,THE,1103.0,33.629,university of clermont auvergne,france,1103,33.629,49.68036529680365,26.559088427947597
University of Castilla-La Mancha,Spain,2026,THE,1104.0,33.626,university of castilla-la mancha,spain,1104,33.626,49.63470319634703,26.555676855895193
Central Michigan University,United States,2026,THE,1105.0,33.6095,central michigan university,united states,1105,33.6095,49.589041095890416,26.536913209606983
Datta Meghe Institute of Higher Education & Research (Deemed to be University),India,2026,THE,1106.0,33.5465,datta meghe institute of higher education & research (deemed to be university),india,1106,33.5465,49.54337899543379,26.46527019650655
Landmark University,Nigeria,2026,THE,1107.0,33.539,landmark university,nigeria,1107,33.539,49.49771689497717,26.45674126637555
Mae Fah Luang University,Thailand,2026,THE,1108.0,33.5389999999999,mae fah luang university,thailand,1108,33.5389999999999,49.45205479452055,26.456741266375435
Fujita Health University,Japan,2026,THE,1109.0,33.515,fujita health university,japan,1109,33.515,49.406392694063925,26.429448689956338
Nippon Medical School,Japan,2026,THE,1110.0,33.4985,nippon medical school,japan,1110,33.4985,49.36073059360731,26.410685043668124
Montana State University,United States,2026,THE,1111.0,33.492,montana state university,united states,1111,33.492,49.31506849315068,26.403293304221247
Bangladesh Agricultural University (BAU),Bangladesh,2026,THE,1112.0,33.49,bangladesh agricultural university (bau),bangladesh,1112,33.49,49.269406392694066,26.401018922852987
Damietta University,Egypt,2026,THE,1113.0,33.4755,damietta university,egypt,1113,33.4755,49.22374429223744,26.384529657933037
Kalasalingam Academy of Research and Education,India,2026,THE,1114.0,33.471,kalasalingam academy of research and education,india,1114,33.471,49.17808219178082,26.379412299854437
South Dakota Mines,United States,2026,THE,1115.0,33.467,south dakota mines,united states,1115,33.467,49.1324200913242,26.374863537117903
University of the South Pacific,Fiji,2026,THE,1116.0,33.412,university of the south pacific,fiji,1116,33.412,49.08675799086758,26.31231804949054
University of Peshawar,Pakistan,2026,THE,1117.0,33.387,university of peshawar,pakistan,1117,33.387,49.04109589041096,26.283888282387192
Clarkson University,United States,2026,THE,1118.0,33.384,clarkson university,united states,1118,33.384,48.99543378995434,26.28047671033479
"Adam Mickiewicz University, PoznaÅ„",Poland,2026,THE,1119.0,33.3769999999999,"adam mickiewicz university, poznaå„",poland,1119,33.3769999999999,48.949771689497716,26.27251637554574
Sechenov University,Russian Federation,2026,THE,1120.0,33.3605,sechenov university,russian federation,1120,33.3605,48.90410958904109,26.253752729257645
"Maulana Abul Kalam Azad University of Technology, West Bengal",India,2026,THE,1121.0,33.3585,"maulana abul kalam azad university of technology, west bengal",india,1121,33.3585,48.858447488584474,26.251478347889375
Birla Institute of Technology,India,2026,THE,1122.0,33.3439999999999,birla institute of technology,india,1122,33.3439999999999,48.81278538812786,26.234989082969324
University of Hafr Al Batin,Saudi Arabia,2026,THE,1123.0,33.3319999999999,university of hafr al batin,saudi arabia,1123,33.3319999999999,48.76712328767123,26.221342794759718
Central University of Jammu,India,2026,THE,1124.0,33.3259999999999,central university of jammu,india,1124,33.3259999999999,48.72146118721461,26.21451965065491
AGH University of Krakow,Poland,2026,THE,1125.0,33.3244999999999,agh university of krakow,poland,1125,33.3244999999999,48.67579908675799,26.21281386462871
Multimedia University,Malaysia,2026,THE,1126.0,33.2785,multimedia university,malaysia,1126,33.2785,48.63013698630137,26.160503093158667
University of La Laguna,Spain,2026,THE,1127.0,33.2774999999999,university of la laguna,spain,1127,33.2774999999999,48.58447488584475,26.159365902474413
Hazara University Mansehra,Pakistan,2026,THE,1128.0,33.2574999999999,hazara university mansehra,pakistan,1128,33.2574999999999,48.53881278538813,26.13662208879174
Cardiff Metropolitan University,United Kingdom,2026,THE,1129.0,33.2545,cardiff metropolitan university,united kingdom,1129,33.2545,48.49315068493151,26.133210516739446
Istanbul Gelisim University,Turkey,2026,THE,1130.0,33.2125,istanbul gelisim university,turkey,1130,33.2125,48.44748858447488,26.085448508005822
York St John University,United Kingdom,2026,THE,1131.0,33.197,york st john university,united kingdom,1131,33.197,48.401826484018265,26.067822052401752
Universiti Tunku Abdul Rahman (UTAR),Malaysia,2026,THE,1132.0,33.1879999999999,universiti tunku abdul rahman (utar),malaysia,1132,33.1879999999999,48.35616438356165,26.05758733624443
Tanta University,Egypt,2026,THE,1133.0,33.1674999999999,tanta university,egypt,1133,33.1674999999999,48.31050228310502,26.03427492721968
Imam Khomeini International University,Iran,2026,THE,1134.0,33.163,imam khomeini international university,iran,1134,33.163,48.2648401826484,26.02915756914119
Changsha University of Science and Technology,China,2026,THE,1135.0,33.1385,changsha university of science and technology,china,1135,33.1385,48.21917808219178,26.001296397379914
Novosibirsk State University,Russian Federation,2026,THE,1136.0,33.0895,novosibirsk state university,russian federation,1136,33.0895,48.17351598173516,25.94557405385735
Anhui University,China,2026,THE,1137.0,33.086,anhui university,china,1137,33.086,48.12785388127854,25.941593886462883
Gonabad University of Medical Sciences,Iran,2026,THE,1138.0,33.0845,gonabad university of medical sciences,iran,1138,33.0845,48.08219178082192,25.939888100436683
Semnan University,Iran,2026,THE,1139.0,33.0375,semnan university,iran,1139,33.0375,48.0365296803653,25.886440138282392
Al-Balqa Applied University,Jordan,2026,THE,1140.0,33.031,al-balqa applied university,jordan,1140,33.031,47.990867579908674,25.87904839883552
Silesian University of Technology,Poland,2026,THE,1141.0,33.0304999999999,silesian university of technology,poland,1141,33.0304999999999,47.94520547945205,25.87847980349333
New Valley University,Egypt,2026,THE,1142.0,33.0209999999999,new valley university,egypt,1142,33.0209999999999,47.89954337899543,25.867676491994068
"University of Engineering and Technology, Peshawar",Pakistan,2026,THE,1143.0,32.9805,"university of engineering and technology, peshawar",pakistan,1143,32.9805,47.853881278538815,25.821620269286754
Nguyen Tat Thanh University,Vietnam,2026,THE,1144.0,32.9529999999999,nguyen tat thanh university,vietnam,1144,32.9529999999999,47.80821917808219,25.790347525472963
University of Sadat City,Egypt,2026,THE,1145.0,32.9275,university of sadat city,egypt,1145,32.9275,47.76255707762557,25.76134916302766
Nova Southeastern University,United States,2026,THE,1146.0,32.926,nova southeastern university,united states,1146,32.926,47.71689497716895,25.759643377001456
Kanazawa University,Japan,2026,THE,1147.0,32.917,kanazawa university,japan,1147,32.917,47.671232876712324,25.749408660844253
SelÃ§uk University,Turkey,2026,THE,1148.0,32.9165,selã§uk university,turkey,1148,32.9165,47.625570776255714,25.748840065502183
University of AlmerÃ­a,Spain,2026,THE,1149.0,32.8995,university of almerã­a,spain,1149,32.8995,47.57990867579909,25.729507823871913
Suez University,Egypt,2026,THE,1150.0,32.8825,suez university,egypt,1150,32.8825,47.534246575342465,25.71017558224163
Bartin University,Turkey,2026,THE,1151.0,32.876,bartin university,turkey,1151,32.876,47.48858447488584,25.70278384279476
University of Tours,France,2026,THE,1152.0,32.8694999999999,university of tours,france,1152,32.8694999999999,47.44292237442922,25.695392103347782
University of Sulaimani,Iraq,2026,THE,1153.0,32.862,university of sulaimani,iraq,1153,32.862,47.397260273972606,25.68686317321689
Fujian Agriculture and Forestry University,China,2026,THE,1154.0,32.838,fujian agriculture and forestry university,china,1154,32.838,47.35159817351598,25.65957059679767
Medical University of GdaÅ„sk,Poland,2026,THE,1155.0,32.8184999999999,medical university of gdaå„sk,poland,1155,32.8184999999999,47.305936073059364,25.637395378456944
Veltech University,India,2026,THE,1156.0,32.775,veltech university,india,1156,32.775,47.26027397260274,25.587927583697233
Izmir Institute of Technology,Turkey,2026,THE,1157.0,32.7499999999999,izmir institute of technology,turkey,1157,32.7499999999999,47.214611872146115,25.559497816593773
National Central University,Taiwan,2026,THE,1158.0,32.729,national central university,taiwan,1158,32.729,47.1689497716895,25.535616812227076
University of South Dakota,United States,2026,THE,1159.0,32.7195,university of south dakota,united states,1159,32.7195,47.12328767123288,25.5248135007278
Changâ€™an University,China,2026,THE,1160.0,32.713,changâ€™an university,china,1160,32.713,47.077625570776256,25.517421761280936
Hamamatsu University School of Medicine,Japan,2026,THE,1161.0,32.693,hamamatsu university school of medicine,japan,1161,32.693,47.03196347031963,25.494677947598255
Dr B.R. Ambedkar National Institute of Technology Jalandhar,India,2026,THE,1162.0,32.6915,dr b.r. ambedkar national institute of technology jalandhar,india,1162,32.6915,46.986301369863014,25.49297216157205
Pontifical Catholic University of Rio Grande do Sul (PUCRS),Brazil,2026,THE,1163.0,32.6755,pontifical catholic university of rio grande do sul (pucrs),brazil,1163,32.6755,46.94063926940639,25.47477711062591
The Hashemite University,Jordan,2026,THE,1164.0,32.6645,the hashemite university,jordan,1164,32.6645,46.89497716894977,25.462268013100438
Northwest University (China),China,2026,THE,1165.0,32.662,northwest university (china),china,1165,32.662,46.849315068493155,25.459425036390105
University of Piraeus,Greece,2026,THE,1166.0,32.6615,university of piraeus,greece,1166,32.6615,46.80365296803653,25.458856441048034
O.P. Jindal Global University,India,2026,THE,1167.0,32.644,o.p. jindal global university,india,1167,32.644,46.757990867579906,25.43895560407569
Taibah University,Saudi Arabia,2026,THE,1168.0,32.64,taibah university,saudi arabia,1168,32.64,46.71232876712329,25.434406841339158
Indraprastha Institute of Information Technology Delhi,India,2026,THE,1169.0,32.634,indraprastha institute of information technology delhi,india,1169,32.634,46.666666666666664,25.42758369723435
University of Szeged,Hungary,2026,THE,1170.0,32.6329999999999,university of szeged,hungary,1170,32.6329999999999,46.62100456621005,25.42644650655011
University of the Free State,South Africa,2026,THE,1171.0,32.596,university of the free state,south africa,1171,32.596,46.57534246575342,25.38437045123726
Jadavpur University,India,2026,THE,1172.0,32.5865,jadavpur university,india,1172,32.5865,46.529680365296805,25.373567139737997
Moscow Technical University of Communications and Informatics,Russian Federation,2026,THE,1173.0,32.5755,moscow technical university of communications and informatics,russian federation,1173,32.5755,46.48401826484018,25.36105804221252
Riga Technical University,Latvia,2026,THE,1174.0,32.5725,riga technical university,latvia,1174,32.5725,46.438356164383556,25.357646470160116
Minia University,Egypt,2026,THE,1175.0,32.5539999999999,minia university,egypt,1175,32.5539999999999,46.39269406392694,25.33660844250353
Firat University,Turkey,2026,THE,1176.0,32.5094999999999,firat university,turkey,1176,32.5094999999999,46.34703196347032,25.286003457059568
University of TarapacÃ¡,Chile,2026,THE,1177.0,32.4809999999999,university of tarapacã¡,chile,1177,32.4809999999999,46.3013698630137,25.25359352256175
Bayero University,Nigeria,2026,THE,1178.0,32.4775,bayero university,nigeria,1178,32.4775,46.25570776255708,25.249613355167394
San Diego State University,United States,2026,THE,1179.0,32.4725,san diego state university,united states,1179,32.4725,46.210045662100455,25.243927401746724
University of Thessaly,Greece,2026,THE,1180.0,32.45,university of thessaly,greece,1180,32.45,46.16438356164384,25.218340611353717
Ardabil University of Medical Sciences,Iran,2026,THE,1181.0,32.409,ardabil university of medical sciences,iran,1181,32.409,46.118721461187214,25.171715793304223
University of Bisha,Saudi Arabia,2026,THE,1182.0,32.4034999999999,university of bisha,saudi arabia,1182,32.4034999999999,46.073059360730596,25.165461244541376
Bahria University,Pakistan,2026,THE,1183.0,32.3695,bahria university,pakistan,1183,32.3695,46.02739726027397,25.126796761280936
Aswan University,Egypt,2026,THE,1184.0,32.31,aswan university,egypt,1184,32.31,45.98173515981735,25.059133915574964
University of Bahrain,Bahrain,2026,THE,1185.0,32.299,university of bahrain,bahrain,1185,32.299,45.93607305936073,25.04662481804949
Central University of Haryana,India,2026,THE,1186.0,32.2919999999999,central university of haryana,india,1186,32.2919999999999,45.89041095890411,25.03866448326044
University of PÃ©cs,Hungary,2026,THE,1187.0,32.2874999999999,university of pã©cs,hungary,1187,32.2874999999999,45.84474885844749,25.033547125181837
Sumy State University,Ukraine,2026,THE,1188.0,32.2544999999999,sumy state university,ukraine,1188,32.2544999999999,45.79908675799087,24.99601983260542
University of South Bohemia in ÄŒeskÃ© BudÄ›jovice,Czechia,2026,THE,1189.0,32.235,university of south bohemia in äœeskã© budä›jovice,czechia,1189,32.235,45.75342465753425,24.97384461426492
Medical University of Warsaw,Poland,2026,THE,1190.0,32.23,medical university of warsaw,poland,1190,32.23,45.70776255707762,24.968158660844246
Kore University of Enna,Italy,2026,THE,1191.0,32.2225,kore university of enna,italy,1191,32.2225,45.662100456621005,24.959629730713242
University of Medicine and Pharmacy of Craiova,Romania,2026,THE,1192.0,32.2155,university of medicine and pharmacy of craiova,romania,1192,32.2155,45.61643835616439,24.95166939592431
Universiti Malaysia Sarawak (UNIMAS),Malaysia,2026,THE,1193.0,32.205,universiti malaysia sarawak (unimas),malaysia,1193,32.205,45.57077625570776,24.939728893740902
Anadolu University,Turkey,2026,THE,1194.0,32.204,anadolu university,turkey,1194,32.204,45.52511415525114,24.93859170305677
University of Mohaghegh Ardabili,Iran,2026,THE,1195.0,32.1979999999999,university of mohaghegh ardabili,iran,1195,32.1979999999999,45.47945205479452,24.931768558951852
Institute of Space Technology,Pakistan,2026,THE,1196.0,32.18,institute of space technology,pakistan,1196,32.18,45.4337899543379,24.911299126637555
University of Botswana,Botswana,2026,THE,1197.0,32.157,university of botswana,botswana,1197,32.157,45.38812785388128,24.88514374090247
Financial University under the Government of the Russian Federation,Russian Federation,2026,THE,1198.0,32.1495,financial university under the government of the russian federation,russian federation,1198,32.1495,45.34246575342466,24.876614810771475
Jiangsu University of Science and Technology,China,2026,THE,1199.0,32.125,jiangsu university of science and technology,china,1199,32.125,45.29680365296804,24.84875363901019
Universitat Internacional de Catalunya,Spain,2026,THE,1200.0,32.102,universitat internacional de catalunya,spain,1200,32.102,45.25114155251141,24.822598253275107
"University of Education, Lahore",Pakistan,2026,THE,1201.0,32.0975,"university of education, lahore",pakistan,1201,32.0975,45.20547945205479,24.817480895196503
Universitas Sebelas Maret,Indonesia,2026,THE,1202.0,32.089,universitas sebelas maret,indonesia,1202,32.089,45.15981735159818,24.807814774381367
The New School,United States,2026,THE,1203.0,32.0404999999999,the new school,united states,1203,32.0404999999999,45.114155251141554,24.752661026200762
Tokyo University of Agriculture and Technology,Japan,2026,THE,1204.0,32.038,tokyo university of agriculture and technology,japan,1204,32.038,45.06849315068493,24.749818049490536
Karunya Institute of Technology and Sciences,India,2026,THE,1205.0,32.037,karunya institute of technology and sciences,india,1205,32.037,45.02283105022831,24.748680858806406
Istanbul University,Turkey,2026,THE,1206.0,32.035,istanbul university,turkey,1206,32.035,44.97716894977169,24.746406477438136
Athens University of Economics and Business,Greece,2026,THE,1207.0,32.0314999999999,athens university of economics and business,greece,1207,32.0314999999999,44.93150684931507,24.74242631004356
University of Jeddah,Saudi Arabia,2026,THE,1208.0,32.0265,university of jeddah,saudi arabia,1208,32.0265,44.88584474885845,24.736740356623
University of Maragheh,Iran,2026,THE,1209.0,32.0125,university of maragheh,iran,1209,32.0125,44.84018264840183,24.72081968704513
Saudi Electronic University,Saudi Arabia,2026,THE,1210.0,31.9799999999999,saudi electronic university,saudi arabia,1210,31.9799999999999,44.794520547945204,24.683860989810665
Public University of Navarre,Spain,2026,THE,1211.0,31.97,public university of navarre,spain,1211,31.97,44.74885844748858,24.67248908296943
UniversitÃ© dâ€™OrlÃ©ans,France,2026,THE,1212.0,31.958,universitã© dâ€™orlã©ans,france,1212,31.958,44.70319634703196,24.658842794759824
University of Deusto,Spain,2026,THE,1213.0,31.9165,university of deusto,spain,1213,31.9165,44.657534246575345,24.611649381368267
Poznan University of Medical Sciences,Poland,2026,THE,1214.0,31.9079999999999,poznan university of medical sciences,poland,1214,31.9079999999999,44.61187214611872,24.601983260553016
University of Isfahan,Iran,2026,THE,1215.0,31.8804999999999,university of isfahan,iran,1215,31.8804999999999,44.5662100456621,24.570710516739332
Ahmadu Bello University,Nigeria,2026,THE,1216.0,31.8775,ahmadu bello university,nigeria,1216,31.8775,44.52054794520548,24.567298944687053
"Dr D. Y. Patil Vidyapeeth, Pune",India,2026,THE,1217.0,31.874,"dr d. y. patil vidyapeeth, pune",india,1217,31.874,44.474885844748854,24.56331877729258
National University of Computer and Emerging Sciences,Pakistan,2026,THE,1218.0,31.8414999999999,national university of computer and emerging sciences,pakistan,1218,31.8414999999999,44.42922374429224,24.526360080058115
Bu-Ali Sina University,Iran,2026,THE,1219.0,31.8269999999999,bu-ali sina university,iran,1219,31.8269999999999,44.38356164383562,24.509870815138168
Hungarian University of Agriculture and Life Sciences,Hungary,2026,THE,1220.0,31.824,hungarian university of agriculture and life sciences,hungary,1220,31.824,44.337899543378995,24.50645924308589
"University of Occupational and Environmental Health, Japan",Japan,2026,THE,1221.0,31.8165,"university of occupational and environmental health, japan",japan,1221,31.8165,44.29223744292237,24.49793031295488
Hakim Sabzevari University,Iran,2026,THE,1222.0,31.746,hakim sabzevari university,iran,1222,31.746,44.24657534246575,24.417758369723437
Azarbaijan Shahid Madani University,Iran,2026,THE,1223.0,31.7374999999999,azarbaijan shahid madani university,iran,1223,31.7374999999999,44.20091324200913,24.40809224890819
Kurume University,Japan,2026,THE,1224.0,31.7235,kurume university,japan,1224,31.7235,44.15525114155251,24.392171579330423
Fayoum University,Egypt,2026,THE,1225.0,31.7129999999999,fayoum university,egypt,1225,31.7129999999999,44.109589041095894,24.380231077146906
Ankara University,Turkey,2026,THE,1226.0,31.7099999999999,ankara university,turkey,1226,31.7099999999999,44.06392694063927,24.376819505094502
Iuliu HaÅ£ieganu University of Medicine and Pharmacy Cluj-Napoca,Romania,2026,THE,1227.0,31.7014999999999,iuliu haå£ieganu university of medicine and pharmacy cluj-napoca,romania,1227,31.7014999999999,44.018264840182646,24.367153384279366
Universitas Gadjah Mada,Indonesia,2026,THE,1228.0,31.695,universitas gadjah mada,indonesia,1228,31.695,43.97260273972603,24.359761644832606
Hindustan Institute of Technology and Science,India,2026,THE,1229.0,31.6934999999999,hindustan institute of technology and science,india,1229,31.6934999999999,43.926940639269404,24.358055858806292
I. Horbachevsky Ternopil National Medical University,Ukraine,2026,THE,1230.0,31.6825,i. horbachevsky ternopil national medical university,ukraine,1230,31.6825,43.881278538812786,24.345546761280936
Aichi Medical University,Japan,2026,THE,1231.0,31.673,aichi medical university,japan,1231,31.673,43.83561643835616,24.334743449781662
University of Ilorin,Nigeria,2026,THE,1232.0,31.6695,university of ilorin,nigeria,1232,31.6695,43.789954337899545,24.330763282387192
University of Sargodha,Pakistan,2026,THE,1233.0,31.6624999999999,university of sargodha,pakistan,1233,31.6624999999999,43.74429223744292,24.32280294759814
Galgotias University,India,2026,THE,1234.0,31.607,galgotias university,india,1234,31.607,43.6986301369863,24.25968886462882
Benha University,Egypt,2026,THE,1235.0,31.5794999999999,benha university,egypt,1235,31.5794999999999,43.652968036529685,24.22841612081503
Ibn TofaÃ¯l University,Morocco,2026,THE,1236.0,31.569,ibn tofaã¯l university,morocco,1236,31.569,43.60730593607306,24.216475618631737
"Shivaji University, Kolhapur",India,2026,THE,1237.0,31.56,"shivaji university, kolhapur",india,1237,31.56,43.56164383561644,24.20624090247453
Bharathidasan University,India,2026,THE,1238.0,31.558,bharathidasan university,india,1238,31.558,43.51598173515982,24.20396652110626
Zhejiang University of Finance and Economics,China,2026,THE,1239.0,31.5074999999999,zhejiang university of finance and economics,china,1239,31.5074999999999,43.470319634703195,24.146538391557385
Nitte (Deemed to be University),India,2026,THE,1240.0,31.444,nitte (deemed to be university),india,1240,31.444,43.42465753424658,24.074326783114998
Shahrood University of Technology,Iran,2026,THE,1241.0,31.4429999999999,shahrood university of technology,iran,1241,31.4429999999999,43.37899543378995,24.073189592430744
Persian Gulf University,Iran,2026,THE,1242.0,31.4425,persian gulf university,iran,1242,31.4425,43.333333333333336,24.072620997088794
Walailak University,Thailand,2026,THE,1243.0,31.442,walailak university,thailand,1243,31.442,43.28767123287671,24.072052401746728
Istanbul University-CerrahpaÅŸa,Turkey,2026,THE,1244.0,31.423,istanbul university-cerrahpaåÿa,turkey,1244,31.423,43.24200913242009,24.050445778748184
Huaqiao University,China,2026,THE,1245.0,31.402,huaqiao university,china,1245,31.402,43.19634703196347,24.02656477438137
Al-Baha University,Saudi Arabia,2026,THE,1246.0,31.3925,al-baha university,saudi arabia,1246,31.3925,43.15068493150685,24.015761462882097
Sahand University of Technology,Iran,2026,THE,1247.0,31.354,sahand university of technology,iran,1247,31.354,43.10502283105023,23.971979621542943
University of Las Palmas de Gran Canaria,Spain,2026,THE,1248.0,31.3515,university of las palmas de gran canaria,spain,1248,31.3515,43.05936073059361,23.96913664483261
Kansai Medical University,Japan,2026,THE,1249.0,31.3409999999999,kansai medical university,japan,1249,31.3409999999999,43.013698630136986,23.95719614264909
Oakland University,United States,2026,THE,1250.0,31.284,oakland university,united states,1250,31.284,42.96803652968036,23.892376273653564
National Taipei University of Technology,Taiwan,2026,THE,1251.0,31.2825,national taipei university of technology,taiwan,1251,31.2825,42.922374429223744,23.890670487627368
VSB - Technical University of Ostrava,Czechia,2026,THE,1252.0,31.258,vsb - technical university of ostrava,czechia,1252,31.258,42.87671232876713,23.862809315866087
YaÅŸar University,Turkey,2026,THE,1253.0,31.181,yaåÿar university,turkey,1253,31.181,42.8310502283105,23.775245633187776
University of Tripoli,Libya,2026,THE,1254.0,31.1754999999999,university of tripoli,libya,1254,31.1754999999999,42.78538812785388,23.768991084424922
University of West London,United Kingdom,2026,THE,1255.0,31.156,university of west london,united kingdom,1255,31.156,42.73972602739726,23.746815866084425
Technological University Dublin,Ireland,2026,THE,1256.0,31.1204999999999,technological university dublin,ireland,1256,31.1204999999999,42.69406392694064,23.70644559679756
University of Northern British Columbia (UNBC),Canada,2026,THE,1257.0,31.1109999999999,university of northern british columbia (unbc),canada,1257,31.1109999999999,42.64840182648402,23.69564228529829
Federal University of SÃ£o Carlos,Brazil,2026,THE,1258.0,31.1019999999999,federal university of sã£o carlos,brazil,1258,31.1019999999999,42.6027397260274,23.685407569141088
National Chung Hsing University,Taiwan,2026,THE,1259.0,31.092,national chung hsing university,taiwan,1259,31.092,42.55707762557078,23.674035662299854
University of A CoruÃ±a,Spain,2026,THE,1260.0,31.055,university of a coruã±a,spain,1260,31.055,42.51141552511415,23.6319596069869
Wilfrid Laurier University,Canada,2026,THE,1261.0,31.0459999999999,wilfrid laurier university,canada,1261,31.0459999999999,42.465753424657535,23.621724890829583
Czech Technical University in Prague,Czechia,2026,THE,1262.0,31.0454999999999,czech technical university in prague,czechia,1262,31.0454999999999,42.42009132420092,23.62115629548752
University of Duhok,Iraq,2026,THE,1263.0,31.0134999999999,university of duhok,iraq,1263,31.0134999999999,42.37442922374429,23.58476619359523
Texas State University,United States,2026,THE,1264.0,31.0124999999999,texas state university,united states,1264,31.0124999999999,42.32876712328767,23.5836290029111
Nicolaus Copernicus University in ToruÅ„,Poland,2026,THE,1265.0,31.0089999999999,nicolaus copernicus university in toruå„,poland,1265,31.0089999999999,42.28310502283105,23.57964883551663
King Mongkut's University of Technology North Bangkok,Thailand,2026,THE,1266.0,30.97,king mongkut's university of technology north bangkok,thailand,1266,30.97,42.23744292237443,23.535298398835515
University of WrocÅ‚aw,Poland,2026,THE,1267.0,30.961,university of wrocå‚aw,poland,1267,30.961,42.19178082191781,23.52506368267831
Chittagong University of Engineering & Technology,Bangladesh,2026,THE,1268.0,30.9184999999999,chittagong university of engineering & technology,bangladesh,1268,30.9184999999999,42.14611872146119,23.47673307860251
University of Zagreb,Croatia,2026,THE,1269.0,30.8684999999999,university of zagreb,croatia,1269,30.8684999999999,42.10045662100457,23.419873544395816
Hangzhou Dianzi University (HDU),China,2026,THE,1270.0,30.8454999999999,hangzhou dianzi university (hdu),china,1270,30.8454999999999,42.054794520547944,23.393718158660732
Akdeniz University,Turkey,2026,THE,1271.0,30.84,akdeniz university,turkey,1271,30.84,42.00913242009132,23.387463609898113
Chaudhary Charan Singh University - Meerut,India,2026,THE,1272.0,30.8294999999999,chaudhary charan singh university - meerut,india,1272,30.8294999999999,41.9634703196347,23.375523107714592
Rowan University,United States,2026,THE,1273.0,30.7589999999999,rowan university,united states,1273,30.7589999999999,41.917808219178085,23.29535116448315
Ilam University,Iran,2026,THE,1274.0,30.7225,ilam university,iran,1274,30.7225,41.87214611872146,23.253843704512377
Suez Canal University,Egypt,2026,THE,1275.0,30.6934999999999,suez canal university,egypt,1275,30.6934999999999,41.82648401826484,23.22086517467238
University of South Africa,South Africa,2026,THE,1276.0,30.6545,university of south africa,south africa,1276,30.6545,41.78082191780822,23.176514737991265
Necmettin Erbakan University,Turkey,2026,THE,1277.0,30.645,necmettin erbakan university,turkey,1277,30.645,41.735159817351594,23.165711426491995
Khon Kaen University,Thailand,2026,THE,1278.0,30.6365,khon kaen university,thailand,1278,30.6365,41.68949771689498,23.156045305676862
Banasthali University,India,2026,THE,1279.0,30.6304999999999,banasthali university,india,1279,30.6304999999999,41.64383561643836,23.149222161571938
Pondicherry University,India,2026,THE,1280.0,30.628,pondicherry university,india,1280,30.628,41.598173515981735,23.14637918486172
University of TrÃ¡s-os-Montes and Alto Douro,Portugal,2026,THE,1281.0,30.6145,university of trã¡s-os-montes and alto douro,portugal,1281,30.6145,41.55251141552511,23.131027110625908
Osmania University,India,2026,THE,1282.0,30.611,osmania university,india,1282,30.611,41.50684931506849,23.12704694323145
Nagoya City University,Japan,2026,THE,1283.0,30.601,nagoya city university,japan,1283,30.601,41.46118721461187,23.1156750363901
Xiangtan University,China,2026,THE,1284.0,30.5975,xiangtan university,china,1284,30.5975,41.41552511415525,23.111694868995638
Icesi University,Colombia,2026,THE,1285.0,30.5884999999999,icesi university,colombia,1285,30.5884999999999,41.369863013698634,23.101460152838317
Kwame Nkrumah University of Science and Technology,Ghana,2026,THE,1286.0,30.581,kwame nkrumah university of science and technology,ghana,1286,30.581,41.32420091324201,23.092931222707428
Kuwait University,Kuwait,2026,THE,1287.0,30.565,kuwait university,kuwait,1287,30.565,41.278538812785385,23.074736171761288
October 6 University,Egypt,2026,THE,1288.0,30.534,october 6 university,egypt,1288,30.534,41.23287671232877,23.03948326055313
Soonchunhyang University,South Korea,2026,THE,1289.0,30.5245,soonchunhyang university,south korea,1289,30.5245,41.18721461187215,23.028679949053863
Duzce University,Turkey,2026,THE,1290.0,30.519,duzce university,turkey,1290,30.519,41.141552511415526,23.02242540029112
Pukyong National University,South Korea,2026,THE,1291.0,30.481,pukyong national university,south korea,1291,30.481,41.0958904109589,22.979212154294036
"Amity University, Gurugram",India,2026,THE,1292.0,30.4784999999999,"amity university, gurugram",india,1292,30.4784999999999,41.050228310502284,22.97636917758359
Democritus University of Thrace,Greece,2026,THE,1293.0,30.4674999999999,democritus university of thrace,greece,1293,30.4674999999999,41.00456621004566,22.96386008005811
University of Urbino Carlo Bo,Italy,2026,THE,1294.0,30.4525,university of urbino carlo bo,italy,1294,30.4525,40.95890410958904,22.94680221979622
National Chengchi University,Taiwan,2026,THE,1295.0,30.4405,national chengchi university,taiwan,1295,30.4405,40.913242009132425,22.93315593158661
Menoufia University,Egypt,2026,THE,1296.0,30.4335,menoufia university,egypt,1296,30.4335,40.8675799086758,22.925195596797675
Seoul National University of Science and Technology (SeoulTech),South Korea,2026,THE,1297.0,30.4305,seoul national university of science and technology (seoultech),south korea,1297,30.4305,40.821917808219176,22.92178402474527
University of Anbar,Iraq,2026,THE,1298.0,30.418,university of anbar,iraq,1298,30.418,40.77625570776256,22.907569141193594
University of Engineering & Technology (UET) Lahore,Pakistan,2026,THE,1299.0,30.4149999999999,university of engineering & technology (uet) lahore,pakistan,1299,30.4149999999999,40.730593607305934,22.90415756914108
Assiut University,Egypt,2026,THE,1300.0,30.4024999999999,assiut university,egypt,1300,30.4024999999999,40.68493150684932,22.88994268558941
Gebze Technical University,Turkey,2026,THE,1301.0,30.4,gebze technical university,turkey,1301,30.4,40.63926940639269,22.887099708879184
Miguel HernÃ¡ndez University of Elche,Spain,2026,THE,1302.0,30.395,miguel hernã¡ndez university of elche,spain,1302,30.395,40.593607305936075,22.881413755458517
Hyogo Medical University,Japan,2026,THE,1303.0,30.3849999999999,hyogo medical university,japan,1303,30.3849999999999,40.54794520547945,22.870041848617063
Niigata University,Japan,2026,THE,1304.0,30.3815,niigata university,japan,1304,30.3815,40.502283105022826,22.86606168122271
DIT University,India,2026,THE,1305.0,30.365,dit university,india,1305,30.365,40.45662100456621,22.8472980349345
Diego Portales University,Chile,2026,THE,1306.0,30.333,diego portales university,chile,1306,30.333,40.41095890410959,22.810907933042213
Mawlana Bhashani Science and Technology University,Bangladesh,2026,THE,1307.0,30.3279999999999,mawlana bhashani science and technology university,bangladesh,1307,30.3279999999999,40.36529680365297,22.805221979621436
Universitas Airlangga,Indonesia,2026,THE,1308.0,30.2505,universitas airlangga,indonesia,1308,30.2505,40.31963470319635,22.717089701601168
Salahaddin Universityâ€“Erbil,Iraq,2026,THE,1309.0,30.2475,salahaddin universityâ€“erbil,iraq,1309,30.2475,40.273972602739725,22.713678129548768
Guru Jambheshwar University of Science and Technology,India,2026,THE,1310.0,30.2329999999999,guru jambheshwar university of science and technology,india,1310,30.2329999999999,40.22831050228311,22.697188864628714
Austral University,Argentina,2026,THE,1311.0,30.2045,austral university,argentina,1311,30.2045,40.182648401826484,22.664778930131007
Biruni University,Turkey,2026,THE,1312.0,30.1994999999999,biruni university,turkey,1312,30.1994999999999,40.136986301369866,22.659092976710223
BabeÅŸ-Bolyai University,Romania,2026,THE,1313.0,30.194,babeåÿ-bolyai university,romania,1313,30.194,40.09132420091324,22.652838427947604
Port Said University,Egypt,2026,THE,1314.0,30.1635,port said university,egypt,1314,30.1635,40.04566210045662,22.618154112081516
"Indian Institute of Science Education and Research, Pune",India,2026,THE,1315.0,30.1255,"indian institute of science education and research, pune",india,1315,30.1255,40.0,22.57494086608443
Brno University of Technology,Czechia,2026,THE,1316.0,30.113,brno university of technology,czechia,1316,30.113,39.95433789954338,22.56072598253275
Brock University,Canada,2026,THE,1317.0,30.06,brock university,canada,1317,30.06,39.90867579908676,22.500454876273658
InÃ¶nÃ¼ University,Turkey,2026,THE,1318.0,30.0485,inã¶nã¼ university,turkey,1318,30.0485,39.863013698630134,22.487377183406117
Kindai University,Japan,2026,THE,1319.0,30.0414999999999,kindai university,japan,1319,30.0414999999999,39.817351598173516,22.479416848617063
Mohammed V University of Rabat,Morocco,2026,THE,1320.0,30.034,mohammed v university of rabat,morocco,1320,30.034,39.77168949771689,22.47088791848617
Hitotsubashi University,Japan,2026,THE,1321.0,30.025,hitotsubashi university,japan,1321,30.025,39.726027397260275,22.460653202328963
Noakhali Science and Technology University (NSTU),Bangladesh,2026,THE,1322.0,29.997,noakhali science and technology university (nstu),bangladesh,1322,29.997,39.68036529680366,22.428811863173216
Institut Teknologi Bandung,Indonesia,2026,THE,1323.0,29.9954999999999,institut teknologi bandung,indonesia,1323,29.9954999999999,39.63470319634703,22.427106077146902
Universidade Federal do ParanÃ¡ (UFPR),Brazil,2026,THE,1324.0,29.98,universidade federal do paranã¡ (ufpr),brazil,1324,29.98,39.58904109589041,22.409479621542946
The University of Electro-Communications,Japan,2026,THE,1325.0,29.9495,the university of electro-communications,japan,1325,29.9495,39.54337899543379,22.374795305676855
Comenius University Bratislava,Slovakia,2026,THE,1326.0,29.9305,comenius university bratislava,slovakia,1326,29.9305,39.49771689497717,22.353188682678315
Hallym University,South Korea,2026,THE,1327.0,29.9245,hallym university,south korea,1327,29.9245,39.45205479452055,22.34636553857351
Al-Hussein Bin Talal University,Jordan,2026,THE,1328.0,29.884,al-hussein bin talal university,jordan,1328,29.884,39.406392694063925,22.300309315866084
Mendel University in Brno,Czechia,2026,THE,1329.0,29.8799999999999,mendel university in brno,czechia,1329,29.8799999999999,39.36073059360731,22.29576055312944
Sathyabama Institute of Science and Technology,India,2026,THE,1330.0,29.8435,sathyabama institute of science and technology,india,1330,29.8435,39.31506849315068,22.25425309315866
National Institute of Technology Delhi,India,2026,THE,1331.0,29.8279999999999,national institute of technology delhi,india,1331,29.8279999999999,39.26940639269406,22.236626637554476
"Mehran University of Engineering and Technology, Jamshoro, Pakistan",Pakistan,2026,THE,1332.0,29.8075,"mehran university of engineering and technology, jamshoro, pakistan",pakistan,1332,29.8075,39.22374429223744,22.213314228529846
University of Sfax,Tunisia,2026,THE,1333.0,29.8005,university of sfax,tunisia,1333,29.8005,39.178082191780824,22.205353893740902
Wuhan Textile University,China,2026,THE,1334.0,29.7949999999999,wuhan textile university,china,1334,29.7949999999999,39.1324200913242,22.199099344978055
University of Ioannina,Greece,2026,THE,1335.0,29.7629999999999,university of ioannina,greece,1335,29.7629999999999,39.08675799086758,22.162709243085764
University of Å½ilina,Slovakia,2026,THE,1336.0,29.7455,university of å½ilina,slovakia,1336,29.7455,39.04109589041096,22.142808406113538
Maharishi Markandeshwar University (MMU),India,2026,THE,1337.0,29.7445,maharishi markandeshwar university (mmu),india,1337,29.7445,38.99543378995433,22.141671215429408
University of Ã‰vora,Portugal,2026,THE,1338.0,29.7264999999999,university of ã‰vora,portugal,1338,29.7264999999999,38.949771689497716,22.121201783114884
University of LeÃ³n,Spain,2026,THE,1339.0,29.6964999999999,university of leã³n,spain,1339,29.6964999999999,38.9041095890411,22.087086062590863
Yazd University,Iran,2026,THE,1340.0,29.623,yazd university,iran,1340,29.623,38.858447488584474,22.00350254730714
University of Guilan,Iran,2026,THE,1341.0,29.621,university of guilan,iran,1341,29.621,38.81278538812785,22.00122816593887
"University of Chemistry and Technology, Prague",Czechia,2026,THE,1342.0,29.6165,"university of chemistry and technology, prague",czechia,1342,29.6165,38.76712328767123,21.996110807860266
HES-SO University of Applied Sciences and Arts of Western Switzerland,Switzerland,2026,THE,1343.0,29.5735,hes-so university of applied sciences and arts of western switzerland,switzerland,1343,29.5735,38.721461187214615,21.947211608442508
University of Mauritius,Mauritius,2026,THE,1344.0,29.558,university of mauritius,mauritius,1344,29.558,38.67579908675799,21.92958515283843
UniversitÃ© de Poitiers,France,2026,THE,1345.0,29.5314999999999,universitã© de poitiers,france,1345,29.5314999999999,38.63013698630137,21.899449599708767
Kangwon National University,South Korea,2026,THE,1346.0,29.5195,kangwon national university,south korea,1346,29.5195,38.58447488584475,21.885803311499274
Chaoyang University of Technology,Taiwan,2026,THE,1347.0,29.51,chaoyang university of technology,taiwan,1347,29.51,38.538812785388124,21.875000000000007
University of Nebraska Omaha,United States,2026,THE,1348.0,29.5084999999999,university of nebraska omaha,united states,1348,29.5084999999999,38.49315068493151,21.873294213973686
University of Technology of CompiÃ¨gne,France,2026,THE,1349.0,29.5009999999999,university of technology of compiã¨gne,france,1349,29.5009999999999,38.44748858447489,21.864765283842686
Ibn Zohr University,Morocco,2026,THE,1350.0,29.4925,ibn zohr university,morocco,1350,29.4925,38.401826484018265,21.85509916302766
Gazi University,Turkey,2026,THE,1351.0,29.485,gazi university,turkey,1351,29.485,38.35616438356164,21.846570232896653
SWPS University,Poland,2026,THE,1352.0,29.458,swps university,poland,1352,29.458,38.31050228310502,21.815866084425036
Canterbury Christ Church University,United Kingdom,2026,THE,1353.0,29.4325,canterbury christ church university,united kingdom,1353,29.4325,38.2648401826484,21.78686772197963
Manipal University Jaipur,India,2026,THE,1354.0,29.4129999999999,manipal university jaipur,india,1354,29.4129999999999,38.21917808219178,21.7646925036389
University of Chittagong,Bangladesh,2026,THE,1355.0,29.4095,university of chittagong,bangladesh,1355,29.4095,38.173515981735164,21.760712336244545
Universidad San Francisco de Quito,Ecuador,2026,THE,1356.0,29.3984999999999,universidad san francisco de quito,ecuador,1356,29.3984999999999,38.12785388127854,21.748203238718954
"Vietnam National University, Hanoi",Vietnam,2026,THE,1357.0,29.387,"vietnam national university, hanoi",vietnam,1357,29.387,38.082191780821915,21.73512554585153
Nagasaki University,Japan,2026,THE,1358.0,29.3699999999999,nagasaki university,japan,1358,29.3699999999999,38.03652968036529,21.715793304221144
Urmia University of Technology,Iran,2026,THE,1359.0,29.311,urmia university of technology,iran,1359,29.311,37.990867579908674,21.64869905385735
Kohat University of Science and Technology,Pakistan,2026,THE,1360.0,29.31,kohat university of science and technology,pakistan,1360,29.31,37.945205479452056,21.64756186317322
Tomas Bata University in ZlÃ­n,Czechia,2026,THE,1361.0,29.305,tomas bata university in zlã­n,czechia,1361,29.305,37.89954337899543,21.641875909752546
Changzhou University,China,2026,THE,1362.0,29.2969999999999,changzhou university,china,1362,29.2969999999999,37.853881278538815,21.63277838427937
Immanuel Kant Baltic Federal University,Russian Federation,2026,THE,1363.0,29.2775,immanuel kant baltic federal university,russian federation,1363,29.2775,37.80821917808219,21.61060316593887
Chung Yuan Christian University,Taiwan,2026,THE,1364.0,29.2745,chung yuan christian university,taiwan,1364,29.2745,37.76255707762557,21.60719159388647
University of Staffordshire,United Kingdom,2026,THE,1365.0,29.2324999999999,university of staffordshire,united kingdom,1365,29.2324999999999,37.716894977168955,21.559429585152728
Gifu University,Japan,2026,THE,1366.0,29.206,gifu university,japan,1366,29.206,37.67123287671233,21.529294032023294
Lorestan University,Iran,2026,THE,1367.0,29.189,lorestan university,iran,1367,29.189,37.62557077625571,21.509961790393014
National Kaohsiung University of Science and Technology,Taiwan,2026,THE,1368.0,29.1595,national kaohsiung university of science and technology,taiwan,1368,29.1595,37.57990867579908,21.476414665211067
Indian Institute of Science Education and Research Bhopal,India,2026,THE,1369.0,29.15,indian institute of science education and research bhopal,india,1369,29.15,37.534246575342465,21.46561135371179
University of Rouen Normandie,France,2026,THE,1370.0,29.1229999999999,university of rouen normandie,france,1370,29.1229999999999,37.48858447488585,21.434907205240066
University of Cadiz,Spain,2026,THE,1371.0,29.122,university of cadiz,spain,1371,29.122,37.44292237442922,21.433770014556043
University of Valladolid,Spain,2026,THE,1372.0,29.1074999999999,university of valladolid,spain,1372,29.1074999999999,37.397260273972606,21.41728074963599
University of Malaga,Spain,2026,THE,1373.0,29.086,university of malaga,spain,1373,29.086,37.35159817351598,21.39283114992722
University of Jendouba,Tunisia,2026,THE,1374.0,29.058,university of jendouba,tunisia,1374,29.058,37.30593607305936,21.36098981077147
Woosong University,South Korea,2026,THE,1375.0,29.0435,woosong university,south korea,1375,29.0435,37.26027397260274,21.34450054585153
University of the Philippines,Philippines,2026,THE,1376.0,29.0249999999999,university of the philippines,philippines,1376,29.0249999999999,37.21461187214612,21.323462518194937
University of Winchester,United Kingdom,2026,THE,1377.0,29.0009999999999,university of winchester,united kingdom,1377,29.0009999999999,37.1689497716895,21.29616994177573
Jiangxi Normal University (JXNU),China,2026,THE,1378.0,28.9719999999999,jiangxi normal university (jxnu),china,1378,28.9719999999999,37.12328767123287,21.263191411935843
Universitas Padjadjaran,Indonesia,2026,THE,1379.0,28.941,universitas padjadjaran,indonesia,1379,28.941,37.077625570776256,21.227938500727806
University of ConcepciÃ³n,Chile,2026,THE,1380.0,28.9305,university of concepciã³n,chile,1380,28.9305,37.03196347031963,21.2159979985444
University Rey Juan Carlos,Spain,2026,THE,1381.0,28.9214999999999,university rey juan carlos,spain,1381,28.9214999999999,36.986301369863014,21.205763282387082
Toyohashi University of Technology (TUT),Japan,2026,THE,1382.0,28.9195,toyohashi university of technology (tut),japan,1382,28.9195,36.9406392694064,21.203488901018922
Sakarya University,Turkey,2026,THE,1383.0,28.901,sakarya university,turkey,1383,28.901,36.89497716894977,21.18245087336245
Jeju National University,South Korea,2026,THE,1384.0,28.9004999999999,jeju national university,south korea,1384,28.9004999999999,36.84931506849315,21.181882278020268
Gyeongsang National University,South Korea,2026,THE,1385.0,28.8265,gyeongsang national university,south korea,1385,28.8265,36.80365296803653,21.097730167394474
"Visvesvaraya National Institute of Technology, Nagpur",India,2026,THE,1386.0,28.806,"visvesvaraya national institute of technology, nagpur",india,1386,28.806,36.757990867579906,21.07441775836973
Medical University of Silesia in Katowice,Poland,2026,THE,1387.0,28.7645,medical university of silesia in katowice,poland,1387,28.7645,36.71232876712329,21.027224344978173
Medical University of Lublin,Poland,2026,THE,1388.0,28.7365,medical university of lublin,poland,1388,28.7365,36.666666666666664,20.995383005822415
University of Maribor,Slovenia,2026,THE,1389.0,28.7329999999999,university of maribor,slovenia,1389,28.7329999999999,36.62100456621005,20.991402838427838
The Jikei University School of Medicine,Japan,2026,THE,1390.0,28.7324999999999,the jikei university school of medicine,japan,1390,28.7324999999999,36.57534246575342,20.99083424308577
Ege University,Turkey,2026,THE,1391.0,28.7294999999999,ege university,turkey,1391,28.7294999999999,36.5296803652968,20.987422671033368
Kashan University of Medical Sciences and Health Services,Iran,2026,THE,1392.0,28.7249999999999,kashan university of medical sciences and health services,iran,1392,28.7249999999999,36.48401826484019,20.982305312954765
Universidade Eduardo Mondlane,Mozambique,2026,THE,1393.0,28.713,universidade eduardo mondlane,mozambique,1393,28.713,36.43835616438356,20.96865902474527
Fu Jen Catholic University,Taiwan,2026,THE,1394.0,28.6824999999999,fu jen catholic university,taiwan,1394,28.6824999999999,36.39269406392694,20.933974708879077
Ho Chi Minh City Open University,Vietnam,2026,THE,1395.0,28.6585,ho chi minh city open university,vietnam,1395,28.6585,36.34703196347032,20.906682132459974
Nelson Mandela University,South Africa,2026,THE,1396.0,28.6425,nelson mandela university,south africa,1396,28.6425,36.3013698630137,20.888487081513826
"Federal University of Technology, Minna",Nigeria,2026,THE,1397.0,28.6405,"federal university of technology, minna",nigeria,1397,28.6405,36.25570776255708,20.886212700145563
University of Nigeria Nsukka,Nigeria,2026,THE,1398.0,28.637,university of nigeria nsukka,nigeria,1398,28.637,36.210045662100455,20.882232532751093
Prince of Songkla University,Thailand,2026,THE,1399.0,28.6324999999999,prince of songkla university,thailand,1399,28.6324999999999,36.16438356164384,20.87711517467238
University of Burgos,Spain,2026,THE,1400.0,28.6265,university of burgos,spain,1400,28.6265,36.118721461187214,20.870292030567686
South Valley University (Egypt),Egypt,2026,THE,1401.0,28.6199999999999,south valley university (egypt),egypt,1401,28.6199999999999,36.07305936073059,20.86290029112071
Tezpur University,India,2026,THE,1402.0,28.6044999999999,tezpur university,india,1402,28.6044999999999,36.02739726027397,20.84527383551663
Damanhour University,Egypt,2026,THE,1403.0,28.5915,damanhour university,egypt,1403,28.5915,35.981735159817354,20.830490356623002
University of Mazandaran,Iran,2026,THE,1404.0,28.5835,university of mazandaran,iran,1404,28.5835,35.93607305936073,20.82139283114993
Medical University of Bialystok,Poland,2026,THE,1405.0,28.578,medical university of bialystok,poland,1405,28.578,35.89041095890411,20.815138282387196
University of Colima,Mexico,2026,THE,1406.0,28.5735,university of colima,mexico,1406,28.5735,35.84474885844749,20.810020924308592
Universitas Muhammadiyah Surakarta,Indonesia,2026,THE,1407.0,28.5434999999999,universitas muhammadiyah surakarta,indonesia,1407,28.5434999999999,35.799086757990864,20.775905203784458
Ariel University,Israel,2026,THE,1408.0,28.5359999999999,ariel university,israel,1408,28.5359999999999,35.75342465753425,20.767376273653454
Adolfo IbÃ¡Ã±ez University,Chile,2026,THE,1409.0,28.5335,adolfo ibã¡ã±ez university,chile,1409,28.5335,35.70776255707763,20.764533296943235
"MNS University of Agriculture, Multan",Pakistan,2026,THE,1410.0,28.521,"mns university of agriculture, multan",pakistan,1410,28.521,35.662100456621005,20.750318413391557
Slovak University of Agriculture in Nitra,Slovakia,2026,THE,1411.0,28.5155,slovak university of agriculture in nitra,slovakia,1411,28.5155,35.61643835616438,20.744063864628824
University of Antioquia,Colombia,2026,THE,1412.0,28.5149999999999,university of antioquia,colombia,1412,28.5149999999999,35.57077625570776,20.74349526928664
Shahid Chamran University of Ahvaz,Iran,2026,THE,1413.0,28.5079999999999,shahid chamran university of ahvaz,iran,1413,28.5079999999999,35.52511415525114,20.735534934497707
Shahrekord University,Iran,2026,THE,1414.0,28.5035,shahrekord university,iran,1414,28.5035,35.47945205479452,20.730417576419217
National Institute of Technology Warangal,India,2026,THE,1415.0,28.502,national institute of technology warangal,india,1415,28.502,35.433789954337904,20.728711790393017
Zewail City of Science and Technology,Egypt,2026,THE,1416.0,28.4895,zewail city of science and technology,egypt,1416,28.4895,35.38812785388128,20.71449690684134
Lahore College for Women University (LCWU),Pakistan,2026,THE,1417.0,28.4545,lahore college for women university (lcwu),pakistan,1417,28.4545,35.342465753424655,20.674695232896656
Madan Mohan Malaviya University of Technology,India,2026,THE,1418.0,28.4529999999999,madan mohan malaviya university of technology,india,1418,28.4529999999999,35.29680365296804,20.672989446870343
Al-Farabi Kazakh National University,Kazakhstan,2026,THE,1419.0,28.4474999999999,al-farabi kazakh national university,kazakhstan,1419,28.4474999999999,35.25114155251142,20.6667348981076
University of Peradeniya,Sri Lanka,2026,THE,1420.0,28.4395,university of peradeniya,sri lanka,1420,28.4395,35.205479452054796,20.657637372634646
Erciyes University,Turkey,2026,THE,1421.0,28.4315,erciyes university,turkey,1421,28.4315,35.15981735159817,20.648539847161572
The University of the West Indies,Jamaica,2026,THE,1422.0,28.4159999999999,the university of the west indies,jamaica,1422,28.4159999999999,35.114155251141554,20.63091339155739
The John Paul II Catholic University of Lublin,Poland,2026,THE,1423.0,28.3955,the john paul ii catholic university of lublin,poland,1423,28.3955,35.06849315068493,20.60760098253275
Tokyo University of Science,Japan,2026,THE,1424.0,28.375,tokyo university of science,japan,1424,28.375,35.02283105022831,20.584288573508005
Sohag University,Egypt,2026,THE,1425.0,28.362,sohag university,egypt,1425,28.362,34.977168949771695,20.569505094614268
St Francis Xavier University,Canada,2026,THE,1426.0,28.3565,st francis xavier university,canada,1426,28.3565,34.93150684931507,20.563250545851535
Warsaw University of Technology,Poland,2026,THE,1427.0,28.3379999999999,warsaw university of technology,poland,1427,28.3379999999999,34.885844748858446,20.542212518194937
University of El Oued,Algeria,2026,THE,1428.0,28.337,university of el oued,algeria,1428,28.337,34.84018264840182,20.54107532751092
Pavol Jozef Å afÃ¡rik University in KoÅ¡ice,Slovakia,2026,THE,1429.0,28.335,pavol jozef å afã¡rik university in koå¡ice,slovakia,1429,28.335,34.794520547945204,20.53880094614265
Sapporo Medical University,Japan,2026,THE,1430.0,28.3189999999999,sapporo medical university,japan,1430,28.3189999999999,34.74885844748859,20.520605895196397
University of Reims Champagne-Ardenne,France,2026,THE,1431.0,28.31,university of reims champagne-ardenne,france,1431,28.31,34.70319634703196,20.510371179039304
WrocÅ‚aw University of Science and Technology,Poland,2026,THE,1432.0,28.309,wrocå‚aw university of science and technology,poland,1432,28.309,34.657534246575345,20.509233988355174
Shahid Bahonar University of Kerman,Iran,2026,THE,1433.0,28.3025,shahid bahonar university of kerman,iran,1433,28.3025,34.61187214611872,20.5018422489083
University of Social Welfare and Rehabilitation Sciences,Iran,2026,THE,1434.0,28.2899999999999,university of social welfare and rehabilitation sciences,iran,1434,28.2899999999999,34.566210045662096,20.48762736535651
Sidi Mohamed Ben Abdellah University,Morocco,2026,THE,1435.0,28.278,sidi mohamed ben abdellah university,morocco,1435,28.278,34.52054794520548,20.473981077147016
Shiga University of Medical Science,Japan,2026,THE,1436.0,28.277,shiga university of medical science,japan,1436,28.277,34.47488584474886,20.472843886462883
National Institute of Technology Srinagar,India,2026,THE,1437.0,28.2589999999999,national institute of technology srinagar,india,1437,28.2589999999999,34.42922374429224,20.45237445414836
National Institute of Technology Meghalaya,India,2026,THE,1438.0,28.245,national institute of technology meghalaya,india,1438,28.245,34.38356164383561,20.436453784570602
Tianjin Normal University,China,2026,THE,1439.0,28.2445,tianjin normal university,china,1439,28.2445,34.337899543378995,20.435885189228532
Mutah University,Jordan,2026,THE,1440.0,28.2284999999999,mutah university,jordan,1440,28.2284999999999,34.29223744292237,20.41769013828228
Sefako Makgatho Health Sciences University,South Africa,2026,THE,1441.0,28.217,sefako makgatho health sciences university,south africa,1441,28.217,34.24657534246575,20.404612445414845
TOBB University of Economics and Technology,Turkey,2026,THE,1442.0,28.2155,tobb university of economics and technology,turkey,1442,28.2155,34.200913242009136,20.402906659388645
PontifÃ­cia Universidade CatÃ³lica do ParanÃ¡,Brazil,2026,THE,1443.0,28.1884999999999,pontifã­cia universidade catã³lica do paranã¡,brazil,1443,28.1884999999999,34.15525114155251,20.372202510916924
Shiv Nadar University,India,2026,THE,1444.0,28.176,shiv nadar university,india,1444,28.176,34.10958904109589,20.35798762736536
BINUS University,Indonesia,2026,THE,1445.0,28.1345,binus university,indonesia,1445,28.1345,34.06392694063927,20.310794213973804
USAMV Cluj-Napoca,Romania,2026,THE,1446.0,28.0939999999999,usamv cluj-napoca,romania,1446,28.0939999999999,34.01826484018265,20.264737991266266
National University of Uzbekistan named after Mirzo Ulugbek,Uzbekistan,2026,THE,1447.0,28.0775,national university of uzbekistan named after mirzo ulugbek,uzbekistan,1447,28.0775,33.97260273972603,20.24597434497817
Gauhati University,India,2026,THE,1448.0,28.0475,gauhati university,india,1448,28.0475,33.926940639269404,20.21185862445415
National Taiwan Ocean University,Taiwan,2026,THE,1449.0,28.0409999999999,national taiwan ocean university,taiwan,1449,28.0409999999999,33.881278538812786,20.204466885007168
Shinshu University,Japan,2026,THE,1450.0,28.0269999999999,shinshu university,japan,1450,28.0269999999999,33.83561643835616,20.18854621542929
Zhejiang Chinese Medical University,China,2026,THE,1451.0,28.0224999999999,zhejiang chinese medical university,china,1451,28.0224999999999,33.789954337899545,20.183428857350687
National Textile University,Pakistan,2026,THE,1452.0,28.0184999999999,national textile university,pakistan,1452,28.0184999999999,33.74429223744293,20.178880094614158
Tokushima University,Japan,2026,THE,1453.0,28.0089999999999,tokushima university,japan,1453,28.0089999999999,33.6986301369863,20.16807678311488
Holy Spirit University of Kaslik,Lebanon,2026,THE,1454.0,28.0084999999999,holy spirit university of kaslik,lebanon,1454,28.0084999999999,33.65296803652968,20.16750818777281
University of Jos,Nigeria,2026,THE,1455.0,27.9935,university of jos,nigeria,1455,27.9935,33.60730593607306,20.15045032751092
University of La Serena,Chile,2026,THE,1456.0,27.96,university of la serena,chile,1456,27.96,33.56164383561644,20.112354439592433
Kookmin University,South Korea,2026,THE,1457.0,27.9595,kookmin university,south korea,1457,27.9595,33.51598173515982,20.111785844250363
Reshetnev Siberian State University of Science and Technology,Russian Federation,2026,THE,1458.0,27.9544999999999,reshetnev siberian state university of science and technology,russian federation,1458,27.9544999999999,33.470319634703195,20.106099890829583
Osaka Metropolitan University,Japan,2026,THE,1459.0,27.9465,osaka metropolitan university,japan,1459,27.9465,33.42465753424658,20.097002365356623
Riga StradiÅ†Å¡ University,Latvia,2026,THE,1460.0,27.9335,riga stradiå†å¡ university,latvia,1460,27.9335,33.37899543378995,20.082218886462886
The British University in Egypt,Egypt,2026,THE,1461.0,27.9044999999999,the british university in egypt,egypt,1461,27.9044999999999,33.33333333333333,20.049240356622885
Budapest University of Technology and Economics,Hungary,2026,THE,1462.0,27.9025,budapest university of technology and economics,hungary,1462,27.9025,33.28767123287671,20.046965975254736
Opole University of Technology,Poland,2026,THE,1463.0,27.8919999999999,opole university of technology,poland,1463,27.8919999999999,33.242009132420094,20.035025473071215
SASTRA University,India,2026,THE,1464.0,27.891,sastra university,india,1464,27.891,33.19634703196347,20.03388828238719
American International University â€“ Bangladesh,Bangladesh,2026,THE,1465.0,27.875,american international university â€“ bangladesh,bangladesh,1465,27.875,33.15068493150685,20.01569323144105
Kharazmi University,Iran,2026,THE,1466.0,27.8714999999999,kharazmi university,iran,1466,27.8714999999999,33.10502283105023,20.01171306404647
Vytautas Magnus University,Lithuania,2026,THE,1467.0,27.8629999999999,vytautas magnus university,lithuania,1467,27.8629999999999,33.0593607305936,20.002046943231328
University of Kerala,India,2026,THE,1468.0,27.8105,university of kerala,india,1468,27.8105,33.013698630136986,19.942344432314414
National University of Distance Education (UNED),Spain,2026,THE,1469.0,27.7454999999999,national university of distance education (uned),spain,1469,27.7454999999999,32.96803652968037,19.868427037845592
Istanbul Medeniyet University,Turkey,2026,THE,1470.0,27.7449999999999,istanbul medeniyet university,turkey,1470,27.7449999999999,32.922374429223744,19.86785844250353
I-Shou University,Taiwan,2026,THE,1471.0,27.735,i-shou university,taiwan,1471,27.735,32.87671232876712,19.8564865356623
UniversitÃ© Djillali LiabÃ¨s de Sidi Bel-AbbÃ¨s,Algeria,2026,THE,1472.0,27.6894999999999,universitã© djillali liabã¨s de sidi bel-abbã¨s,algeria,1472,27.6894999999999,32.8310502283105,19.804744359534094
Universidade Federal de Pernambuco,Brazil,2026,THE,1473.0,27.676,universidade federal de pernambuco,brazil,1473,27.676,32.785388127853885,19.7893922852984
National Dong Hwa University,Taiwan,2026,THE,1474.0,27.6579999999999,national dong hwa university,taiwan,1474,27.6579999999999,32.73972602739726,19.768922852983877
"University of Health Sciences, Turkey",Turkey,2026,THE,1475.0,27.6055,"university of health sciences, turkey",turkey,1475,27.6055,32.69406392694064,19.709220342066956
University of La Frontera,Chile,2026,THE,1476.0,27.5929999999999,university of la frontera,chile,1476,27.5929999999999,32.64840182648402,19.695005458515176
Thammasat University,Thailand,2026,THE,1477.0,27.5875,thammasat university,thailand,1477,27.5875,32.602739726027394,19.688750909752546
IFHE Hyderabad,India,2026,THE,1478.0,27.5615,ifhe hyderabad,india,1478,27.5615,32.55707762557078,19.65918395196507
Autonomous University of Sinaloa,Mexico,2026,THE,1479.0,27.5379999999999,autonomous university of sinaloa,mexico,1479,27.5379999999999,32.51141552511416,19.632459970887812
Lebanese University,Lebanon,2026,THE,1480.0,27.5229999999999,lebanese university,lebanon,1480,27.5229999999999,32.465753424657535,19.6154021106258
SÃ¼leyman Demirel University,Turkey,2026,THE,1481.0,27.482,sã¼leyman demirel university,turkey,1481,27.482,32.42009132420091,19.56877729257642
University of BrasÃ­lia,Brazil,2026,THE,1482.0,27.4785,university of brasã­lia,brazil,1482,27.4785,32.37442922374429,19.564797125181958
University of Manouba,Tunisia,2026,THE,1483.0,27.4745,university of manouba,tunisia,1483,27.4745,32.32876712328767,19.560248362445414
University of South Wales,United Kingdom,2026,THE,1484.0,27.459,university of south wales,united kingdom,1484,27.459,32.28310502283105,19.542621906841344
Universidad del Desarrollo,Chile,2026,THE,1485.0,27.4519999999999,universidad del desarrollo,chile,1485,27.4519999999999,32.237442922374434,19.534661572052286
Kyushu Institute of Technology (Kyutech),Japan,2026,THE,1486.0,27.4514999999999,kyushu institute of technology (kyutech),japan,1486,27.4514999999999,32.19178082191781,19.534092976710227
University of Split,Croatia,2026,THE,1487.0,27.4225,university of split,croatia,1487,27.4225,32.146118721461185,19.501114446870453
National Chung Cheng University,Taiwan,2026,THE,1488.0,27.412,national chung cheng university,taiwan,1488,27.412,32.10045662100456,19.489173944687042
M. Kumarasamy College of Engineering,India,2026,THE,1489.0,27.388,m. kumarasamy college of engineering,india,1489,27.388,32.054794520547944,19.46188136826784
Yanshan University,China,2026,THE,1490.0,27.37,yanshan university,china,1490,27.37,32.009132420091326,19.441411935953425
Ilia State University,Georgia,2026,THE,1491.0,27.3434999999999,ilia state university,georgia,1491,27.3434999999999,31.963470319634702,19.411276382823758
Suranaree University of Technology,Thailand,2026,THE,1492.0,27.3345,suranaree university of technology,thailand,1492,27.3345,31.917808219178085,19.401041666666664
Khulna University,Bangladesh,2026,THE,1493.0,27.3225,khulna university,bangladesh,1493,27.3225,31.87214611872146,19.387395378457068
Universidad CatÃ³lica San Antonio de Murcia (UCAM),Spain,2026,THE,1494.0,27.3155,universidad catã³lica san antonio de murcia (ucam),spain,1494,27.3155,31.82648401826484,19.37943504366812
PoznaÅ„ University of Life Sciences,Poland,2026,THE,1495.0,27.3064999999999,poznaå„ university of life sciences,poland,1495,27.3064999999999,31.780821917808222,19.369200327510804
Hosei University,Japan,2026,THE,1496.0,27.2985,hosei university,japan,1496,27.2985,31.7351598173516,19.36010280203785
Tokai University,Japan,2026,THE,1497.0,27.2909999999999,tokai university,japan,1497,27.2909999999999,31.689497716894977,19.351573871906734
Botswana International University of Science and Technology (BIUST),Botswana,2026,THE,1498.0,27.2845,botswana international university of science and technology (biust),botswana,1498,27.2845,31.643835616438352,19.344182132459974
Yokohama National University,Japan,2026,THE,1499.0,27.269,yokohama national university,japan,1499,27.269,31.59817351598174,19.326555676855893
Tzu Chi University,Taiwan,2026,THE,1500.0,27.2685,tzu chi university,taiwan,1500,27.2685,31.552511415525114,19.325987081513833
University of La Sabana,Colombia,2026,THE,1501.0,27.2604999999999,university of la sabana,colombia,1501,27.2604999999999,31.506849315068493,19.316889556040646
Incheon National University,South Korea,2026,THE,1502.0,27.2595,incheon national university,south korea,1502,27.2595,31.461187214611876,19.315752365356627
Netaji Subhas University of Technology,India,2026,THE,1503.0,27.235,netaji subhas university of technology,india,1503,27.235,31.41552511415525,19.287891193595343
Qom University of Medical Sciences,Iran,2026,THE,1504.0,27.2249999999999,qom university of medical sciences,iran,1504,27.2249999999999,31.36986301369863,19.276519286753892
Moulay Ismail University,Morocco,2026,THE,1505.0,27.2165,moulay ismail university,morocco,1505,27.2165,31.324200913242013,19.26685316593887
Technical University of Crete,Greece,2026,THE,1506.0,27.2024999999999,technical university of crete,greece,1506,27.2024999999999,31.27853881278539,19.25093249636088
Chosun University,South Korea,2026,THE,1507.0,27.1979999999999,chosun university,south korea,1507,27.1979999999999,31.232876712328768,19.245815138282275
Guru Ghasidas Vishwavidyalaya,India,2026,THE,1508.0,27.1905,guru ghasidas vishwavidyalaya,india,1508,27.1905,31.187214611872143,19.23728620815138
Federal University of Technology Akure,Nigeria,2026,THE,1509.0,27.1869999999999,federal university of technology akure,nigeria,1509,27.1869999999999,31.141552511415526,19.233306040756805
Federal University of GoiÃ¡s,Brazil,2026,THE,1510.0,27.1849999999999,federal university of goiã¡s,brazil,1510,27.1849999999999,31.095890410958905,19.231031659388538
Universidad de Cartagena,Colombia,2026,THE,1511.0,27.1539999999999,universidad de cartagena,colombia,1511,27.1539999999999,31.05022831050228,19.195778748180388
Saitama Medical University,Japan,2026,THE,1512.0,27.1315,saitama medical university,japan,1512,27.1315,31.004566210045663,19.170191957787488
Sabzevar University of Medical Sciences,Iran,2026,THE,1513.0,27.1289999999999,sabzevar university of medical sciences,iran,1513,27.1289999999999,30.958904109589042,19.16734898107703
Christ University,India,2026,THE,1514.0,27.1284999999999,christ university,india,1514,27.1284999999999,30.913242009132418,19.16678038573497
University of Monastir,Tunisia,2026,THE,1515.0,27.0654999999999,university of monastir,tunisia,1515,27.0654999999999,30.8675799086758,19.09513737263453
University of GdaÅ„sk,Poland,2026,THE,1516.0,27.0539999999999,university of gdaå„sk,poland,1516,27.0539999999999,30.82191780821918,19.082059679766992
Shahid Sadoughi University of Medical Sciences,Iran,2026,THE,1517.0,27.0474999999999,shahid sadoughi university of medical sciences,iran,1517,27.0474999999999,30.776255707762555,19.07466794032012
Transilvania University of BraÈ™ov,Romania,2026,THE,1518.0,27.0355,transilvania university of braè™ov,romania,1518,27.0355,30.730593607305934,19.061021652110625
West University of TimiÅŸoara,Romania,2026,THE,1519.0,27.034,west university of timiåÿoara,romania,1519,27.034,30.684931506849317,19.059315866084425
Tokyo Metropolitan University,Japan,2026,THE,1520.0,27.0239999999999,tokyo metropolitan university,japan,1520,27.0239999999999,30.639269406392692,19.047943959242975
WrocÅ‚aw University of Environmental and Life Sciences,Poland,2026,THE,1521.0,27.015,wrocå‚aw university of environmental and life sciences,poland,1521,27.015,30.59360730593607,19.03770924308588
Razi University,Iran,2026,THE,1522.0,26.9715,razi university,iran,1522,26.9715,30.547945205479454,18.988241448326054
University of Macedonia,Greece,2026,THE,1523.0,26.9159999999999,university of macedonia,greece,1523,26.9159999999999,30.502283105022833,18.925127365356513
IPB University,Indonesia,2026,THE,1524.0,26.9045,ipb university,indonesia,1524,26.9045,30.45662100456621,18.912049672489083
SGH Warsaw School of Economics,Poland,2026,THE,1525.0,26.9009999999999,sgh warsaw school of economics,poland,1525,26.9009999999999,30.41095890410959,18.908069505094506
Universiti Tun Hussein Onn Malaysia (UTHM),Malaysia,2026,THE,1526.0,26.874,universiti tun hussein onn malaysia (uthm),malaysia,1526,26.874,30.36529680365297,18.877365356623002
University of Northampton,United Kingdom,2026,THE,1527.0,26.83,university of northampton,united kingdom,1527,26.83,30.319634703196346,18.827328966521105
University Cadi Ayyad of Marrakech,Morocco,2026,THE,1528.0,26.787,university cadi ayyad of marrakech,morocco,1528,26.787,30.273972602739725,18.778429767103347
UniversitÃ© Saint-Joseph de Beyrouth,Lebanon,2026,THE,1529.0,26.7855,universitã© saint-joseph de beyrouth,lebanon,1529,26.7855,30.228310502283108,18.776723981077144
"Vels Institute of Science, Technology and Advanced Studies (VISTAS)",India,2026,THE,1530.0,26.771,"vels institute of science, technology and advanced studies (vistas)",india,1530,26.771,30.182648401826484,18.760234716157207
Federal University of Lavras,Brazil,2026,THE,1531.0,26.7605,federal university of lavras,brazil,1531,26.7605,30.136986301369863,18.7482942139738
Tunghai University,Taiwan,2026,THE,1532.0,26.7355,tunghai university,taiwan,1532,26.7355,30.091324200913245,18.719864446870453
Helwan University,Egypt,2026,THE,1533.0,26.7265,helwan university,egypt,1533,26.7265,30.04566210045662,18.70962973071325
Medical University of Sofia,Bulgaria,2026,THE,1534.0,26.7184999999999,medical university of sofia,bulgaria,1534,26.7184999999999,30.0,18.700532205240062
Babcock University,Nigeria,2026,THE,1535.0,26.7054999999999,babcock university,nigeria,1535,26.7054999999999,29.954337899543376,18.685748726346322
Tokyo University of Marine Science and Technology,Japan,2026,THE,1536.0,26.6549999999999,tokyo university of marine science and technology,japan,1536,26.6549999999999,29.908675799086758,18.62832059679756
Universitas Negeri Yogyakarta,Indonesia,2026,THE,1537.0,26.6225,universitas negeri yogyakarta,indonesia,1537,26.6225,29.863013698630137,18.59136189956332
Technical University of Cartagena,Spain,2026,THE,1538.0,26.619,technical university of cartagena,spain,1538,26.619,29.817351598173513,18.58738173216885
University of Technology of Troyes,France,2026,THE,1539.0,26.603,university of technology of troyes,france,1539,26.603,29.771689497716896,18.56918668122271
Universidad Loyola,Spain,2026,THE,1540.0,26.5945,universidad loyola,spain,1540,26.5945,29.726027397260275,18.559520560407574
Kagawa University,Japan,2026,THE,1541.0,26.5649999999999,kagawa university,japan,1541,26.5649999999999,29.68036529680365,18.525973435225502
Pirogov Russian National Research Medical University,Russian Federation,2026,THE,1542.0,26.5555,pirogov russian national research medical university,russian federation,1542,26.5555,29.634703196347033,18.51517012372635
Vilnius Gediminas Technical University (Vilnius Tech),Lithuania,2026,THE,1543.0,26.5314999999999,vilnius gediminas technical university (vilnius tech),lithuania,1543,26.5314999999999,29.589041095890412,18.487877547307022
Allameh Tabataba â€™i University,Iran,2026,THE,1544.0,26.526,allameh tabataba â€™i university,iran,1544,26.526,29.543378995433788,18.4816229985444
Warsaw University of Life Sciences â€“ SGGW,Poland,2026,THE,1545.0,26.5149999999999,warsaw university of life sciences â€“ sggw,poland,1545,26.5149999999999,29.497716894977167,18.46911390101881
University of Toyama,Japan,2026,THE,1546.0,26.4945,university of toyama,japan,1546,26.4945,29.45205479452055,18.445801491994178
Federal University of UberlÃ¢ndia,Brazil,2026,THE,1547.0,26.3929999999999,federal university of uberlã¢ndia,brazil,1547,26.3929999999999,29.406392694063925,18.330376637554473
University of Antofagasta,Chile,2026,THE,1548.0,26.3304999999999,university of antofagasta,chile,1548,26.3304999999999,29.360730593607304,18.259302219796105
Istanbul Okan University,Turkey,2026,THE,1549.0,26.3295,istanbul okan university,turkey,1549,26.3295,29.315068493150687,18.258165029112085
Moscow Polytechnic University,Russian Federation,2026,THE,1550.0,26.311,moscow polytechnic university,russian federation,1550,26.311,29.269406392694066,18.237127001455605
Poznan University of Technology,Poland,2026,THE,1551.0,26.2995,poznan university of technology,poland,1551,26.2995,29.22374429223744,18.224049308588068
Lucian Blaga University of Sibiu,Romania,2026,THE,1552.0,26.2915,lucian blaga university of sibiu,romania,1552,26.2915,29.178082191780824,18.21495178311499
Technical University of KoÅ¡ice,Slovakia,2026,THE,1552.0,26.2915,technical university of koå¡ice,slovakia,1552,26.2915,29.178082191780824,18.21495178311499
Yamagata University,Japan,2026,THE,1554.0,26.2874999999999,yamagata university,japan,1554,26.2874999999999,29.08675799086758,18.210403020378347
University of Zanjan,Iran,2026,THE,1555.0,26.2745,university of zanjan,iran,1555,26.2745,29.041095890410958,18.19561954148472
Cardinal Stefan WyszyÅ„ski University in Warsaw,Poland,2026,THE,1556.0,26.2479999999999,cardinal stefan wyszyå„ski university in warsaw,poland,1556,26.2479999999999,28.99543378995434,18.165483988355057
Liverpool Hope University,United Kingdom,2026,THE,1557.0,26.2345,liverpool hope university,united kingdom,1557,26.2345,28.949771689497716,18.150131914119363
Hassiba Benbouali University of Chlef,Algeria,2026,THE,1558.0,26.228,hassiba benbouali university of chlef,algeria,1558,26.228,28.904109589041095,18.142740174672493
Diponegoro University,Indonesia,2026,THE,1559.0,26.2279999999999,diponegoro university,indonesia,1559,26.2279999999999,28.858447488584478,18.142740174672376
Al-Qasim Green University,Iraq,2026,THE,1560.0,26.2275,al-qasim green university,iraq,1560,26.2275,28.812785388127853,18.142171579330423
University of Havana,Cuba,2026,THE,1561.0,26.1929999999999,university of havana,cuba,1561,26.1929999999999,28.767123287671232,18.10293850072769
Mirpur University of Science and Technology,Pakistan,2026,THE,1562.0,26.1609999999999,mirpur university of science and technology,pakistan,1562,26.1609999999999,28.721461187214615,18.0665483988354
KMITL â€“ King Mongkutâ€™s Institute of Technology Ladkrabang,Thailand,2026,THE,1563.0,26.1479999999999,kmitl â€“ king mongkutâ€™s institute of technology ladkrabang,thailand,1563,26.1479999999999,28.67579908675799,18.051764919941665
University of Las AmÃ©ricas (UDLA),Ecuador,2026,THE,1564.0,26.1384999999999,university of las amã©ricas (udla),ecuador,1564,26.1384999999999,28.63013698630137,18.040961608442394
Kitasato University,Japan,2026,THE,1565.0,26.1009999999999,kitasato university,japan,1565,26.1009999999999,28.584474885844745,17.99831695778737
University of Texas Rio Grande Valley,United States,2026,THE,1566.0,26.0369999999999,university of texas rio grande valley,united states,1566,26.0369999999999,28.538812785388128,17.9255367540028
University of Lodz,Poland,2026,THE,1567.0,26.0304999999999,university of lodz,poland,1567,26.0304999999999,28.493150684931507,17.918145014555932
Manav Rachna International Institute of Research and Studies,India,2026,THE,1568.0,26.0039999999999,manav rachna international institute of research and studies,india,1568,26.0039999999999,28.447488584474883,17.88800946142638
Recep Tayyip ErdoÄŸan University,Turkey,2026,THE,1569.0,25.977,recep tayyip erdoäÿan university,turkey,1569,25.977,28.401826484018265,17.857305312954878
Universidad Francisco de Vitoria,Spain,2026,THE,1570.0,25.9749999999999,universidad francisco de vitoria,spain,1570,25.9749999999999,28.356164383561644,17.855030931586498
Obafemi Awolowo University,Nigeria,2026,THE,1571.0,25.9309999999999,obafemi awolowo university,nigeria,1571,25.9309999999999,28.31050228310502,17.804994541484607
Nagoya Institute of Technology,Japan,2026,THE,1572.0,25.9204999999999,nagoya institute of technology,japan,1572,25.9204999999999,28.264840182648403,17.7930540393012
Abdelmalek EssaÃ¢di University,Morocco,2026,THE,1573.0,25.9075,abdelmalek essaã¢di university,morocco,1573,25.9075,28.21917808219178,17.77827056040757
University of West Bohemia,Czechia,2026,THE,1574.0,25.9025,university of west bohemia,czechia,1574,25.9025,28.173515981735157,17.772584606986904
UniversitÃ© Hassan II de Casablanca,Morocco,2026,THE,1575.0,25.902,universitã© hassan ii de casablanca,morocco,1575,25.902,28.127853881278536,17.772016011644837
Universidade Federal do ABC (UFABC),Brazil,2026,THE,1576.0,25.9015,universidade federal do abc (ufabc),brazil,1576,25.9015,28.08219178082192,17.771447416302767
Chung Shan Medical University,Taiwan,2026,THE,1577.0,25.8894999999999,chung shan medical university,taiwan,1577,25.8894999999999,28.036529680365298,17.757801128093046
University of Nairobi,Kenya,2026,THE,1578.0,25.8744999999999,university of nairobi,kenya,1578,25.8744999999999,27.990867579908674,17.740743267831043
Universidade LusÃ³fona,Portugal,2026,THE,1579.0,25.8484999999999,universidade lusã³fona,portugal,1579,25.8484999999999,27.945205479452056,17.711176310043555
Dokuz EylÃ¼l University,Turkey,2026,THE,1580.0,25.8364999999999,dokuz eylã¼l university,turkey,1580,25.8364999999999,27.899543378995435,17.697530021833952
Toho University,Japan,2026,THE,1581.0,25.8265,toho university,japan,1581,25.8265,27.85388127853881,17.686158114992722
University of Benin,Nigeria,2026,THE,1582.0,25.7945,university of benin,nigeria,1582,25.7945,27.808219178082194,17.649768013100438
Universitas Negeri Padang,Indonesia,2026,THE,1583.0,25.7819999999999,universitas negeri padang,indonesia,1583,25.7819999999999,27.762557077625573,17.635553129548654
Federal University of Santa Maria,Brazil,2026,THE,1584.0,25.761,federal university of santa maria,brazil,1584,25.761,27.71689497716895,17.61167212518195
Lublin University of Technology,Poland,2026,THE,1585.0,25.75,lublin university of technology,poland,1585,25.75,27.671232876712327,17.59916302765648
Hormozgan University of Medical Sciences,Iran,2026,THE,1586.0,25.7445,hormozgan university of medical sciences,iran,1586,25.7445,27.62557077625571,17.592908478893744
Tamkang University,Taiwan,2026,THE,1587.0,25.7404999999999,tamkang university,taiwan,1587,25.7404999999999,27.579908675799086,17.588359716157097
National University of Colombia,Colombia,2026,THE,1588.0,25.7274999999999,national university of colombia,colombia,1588,25.7274999999999,27.534246575342465,17.573576237263353
Lodz University of Technology,Poland,2026,THE,1589.0,25.7195,lodz university of technology,poland,1589,25.7195,27.488584474885847,17.564478711790397
Del Rosario University,Colombia,2026,THE,1590.0,25.6854999999999,del rosario university,colombia,1590,25.6854999999999,27.442922374429223,17.52581422852973
KarabÃ¼k University,Turkey,2026,THE,1591.0,25.682,karabã¼k university,turkey,1591,25.682,27.397260273972602,17.521834061135372
University of La Rochelle,France,2026,THE,1592.0,25.6659999999999,university of la rochelle,france,1592,25.6659999999999,27.351598173515985,17.50363901018912
Escuela Superior PolitÃ©cnica del Litoral,Ecuador,2026,THE,1593.0,25.6654999999999,escuela superior politã©cnica del litoral,ecuador,1593,25.6654999999999,27.30593607305936,17.50307041484705
Yasouj University,Iran,2026,THE,1594.0,25.66,yasouj university,iran,1594,25.66,27.26027397260274,17.49681586608443
Vinayaka Missionâ€™s Research Foundation,India,2026,THE,1595.0,25.6505,vinayaka missionâ€™s research foundation,india,1595,25.6505,27.214611872146115,17.486012554585155
Hellenic Open University,Greece,2026,THE,1596.0,25.6414999999999,hellenic open university,greece,1596,25.6414999999999,27.168949771689498,17.475777838427838
Rikkyo University,Japan,2026,THE,1597.0,25.6275,rikkyo university,japan,1597,25.6275,27.123287671232877,17.459857168850075
Moscow Aviation Institute,Russian Federation,2026,THE,1598.0,25.62,moscow aviation institute,russian federation,1598,25.62,27.077625570776252,17.45132823871907
Durban University of Technology,South Africa,2026,THE,1599.0,25.6105,durban university of technology,south africa,1599,25.6105,27.031963470319635,17.440524927219798
University of Sunderland,United Kingdom,2026,THE,1600.0,25.6055,university of sunderland,united kingdom,1600,25.6055,26.986301369863014,17.434838973799128
Universiti Malaysia Perlis,Malaysia,2026,THE,1601.0,25.6015,universiti malaysia perlis,malaysia,1601,25.6015,26.94063926940639,17.430290211062598
Guangxi Normal University,China,2026,THE,1602.0,25.596,guangxi normal university,china,1602,25.596,26.894977168949772,17.424035662299858
Marmara University,Turkey,2026,THE,1603.0,25.568,marmara university,turkey,1603,25.568,26.84931506849315,17.392194323144107
Tashkent University of Information Technologies,Uzbekistan,2026,THE,1604.0,25.5619999999999,tashkent university of information technologies,uzbekistan,1604,25.5619999999999,26.80365296803653,17.38537117903919
UniversitÃ© Polytechnique Hauts-de-France,France,2026,THE,1605.0,25.5529999999999,universitã© polytechnique hauts-de-france,france,1605,25.5529999999999,26.757990867579906,17.375136462881986
Military Institute of Science and Technology (MIST),Bangladesh,2026,THE,1606.0,25.5299999999999,military institute of science and technology (mist),bangladesh,1606,25.5299999999999,26.71232876712329,17.34898107714691
Southwest Petroleum University,China,2026,THE,1607.0,25.5225,southwest petroleum university,china,1607,25.5225,26.666666666666668,17.340452147016013
BezmiÃ¢lem Vakif University,Turkey,2026,THE,1608.0,25.522,bezmiã¢lem vakif university,turkey,1608,25.522,26.621004566210043,17.339883551673946
Shree Guru Gobind Singh Tricentenary University,India,2026,THE,1609.0,25.5134999999999,shree guru gobind singh tricentenary university,india,1609,25.5134999999999,26.575342465753426,17.330217430858696
GMR Institute of Technology,India,2026,THE,1610.0,25.5125,gmr institute of technology,india,1610,25.5125,26.529680365296805,17.329080240174672
UniversitÃ© Sultan Moulay Slimane,Morocco,2026,THE,1611.0,25.5025,universitã© sultan moulay slimane,morocco,1611,25.5025,26.48401826484018,17.317708333333336
Nagaoka University of Technology,Japan,2026,THE,1612.0,25.48,nagaoka university of technology,japan,1612,25.48,26.438356164383563,17.292121542940322
Universiti Teknologi MARA,Malaysia,2026,THE,1613.0,25.4779999999999,universiti teknologi mara,malaysia,1613,25.4779999999999,26.392694063926943,17.289847161571938
University of the Ryukyus,Japan,2026,THE,1614.0,25.4185,university of the ryukyus,japan,1614,25.4185,26.347031963470318,17.222184315866087
Goa University,India,2026,THE,1615.0,25.41,goa university,india,1615,25.41,26.301369863013697,17.21251819505095
University of Lethbridge,Canada,2026,THE,1616.0,25.398,university of lethbridge,canada,1616,25.398,26.25570776255708,17.19887190684134
Ritsumeikan University,Japan,2026,THE,1617.0,25.378,ritsumeikan university,japan,1617,25.378,26.210045662100455,17.176128093158663
University of Warmia and Mazury in Olsztyn,Poland,2026,THE,1618.0,25.376,university of warmia and mazury in olsztyn,poland,1618,25.376,26.164383561643834,17.173853711790397
Osaka Medical and Pharmaceutical University,Japan,2026,THE,1619.0,25.3715,osaka medical and pharmaceutical university,japan,1619,25.3715,26.118721461187217,17.168736353711793
Pace University-New York,United States,2026,THE,1620.0,25.3684999999999,pace university-new york,united states,1620,25.3684999999999,26.073059360730593,17.16532478165928
Karadeniz Technical University,Turkey,2026,THE,1621.0,25.3405,karadeniz technical university,turkey,1621,25.3405,26.027397260273972,17.13348344250364
Pontifical Catholic University of ValparaÃ­so,Chile,2026,THE,1622.0,25.3365,pontifical catholic university of valparaã­so,chile,1622,25.3365,25.981735159817354,17.12893467976711
"University of the Andes, Chile",Chile,2026,THE,1623.0,25.3215,"university of the andes, chile",chile,1623,25.3215,25.93607305936073,17.1118768195051
University of Huelva,Spain,2026,THE,1624.0,25.305,university of huelva,spain,1624,25.305,25.89041095890411,17.093113173216885
Åžtefan cel Mare University of Suceava,Romania,2026,THE,1625.0,25.3025,åžtefan cel mare university of suceava,romania,1625,25.3025,25.844748858447485,17.09027019650655
Paris Nanterre University,France,2026,THE,1626.0,25.297,paris nanterre university,france,1626,25.297,25.799086757990867,17.084015647743815
University for Development Studies,Ghana,2026,THE,1627.0,25.287,university for development studies,ghana,1627,25.287,25.753424657534246,17.07264374090248
University of Worcester,United Kingdom,2026,THE,1628.0,25.2785,university of worcester,united kingdom,1628,25.2785,25.707762557077622,17.06297762008734
Mie University,Japan,2026,THE,1629.0,25.2765,mie university,japan,1629,25.2765,25.662100456621005,17.060703238719068
UniversitÃ© Sorbonne Nouvelle,France,2026,THE,1630.0,25.2734999999999,universitã© sorbonne nouvelle,france,1630,25.2734999999999,25.616438356164384,17.057291666666554
Slovak University of Technology in Bratislava,Slovakia,2026,THE,1631.0,25.2724999999999,slovak university of technology in bratislava,slovakia,1631,25.2724999999999,25.570776255707763,17.056154475982424
Communication University of China,China,2026,THE,1632.0,25.252,communication university of china,china,1632,25.252,25.525114155251146,17.032842066957787
Yeditepe University,Turkey,2026,THE,1633.0,25.24,yeditepe university,turkey,1633,25.24,25.47945205479452,17.01919577874818
University of Chester,United Kingdom,2026,THE,1634.0,25.2329999999999,university of chester,united kingdom,1634,25.2329999999999,25.4337899543379,17.011235443959134
University of Ostrava,Czechia,2026,THE,1635.0,25.2134999999999,university of ostrava,czechia,1635,25.2134999999999,25.388127853881276,16.98906022561852
Harran University,Turkey,2026,THE,1636.0,25.0984999999999,harran university,turkey,1636,25.0984999999999,25.34246575342466,16.858283296943117
University of Zimbabwe,Zimbabwe,2026,THE,1637.0,25.0864999999999,university of zimbabwe,zimbabwe,1637,25.0864999999999,25.296803652968038,16.844637008733514
University of Talca,Chile,2026,THE,1637.0,25.0864999999999,university of talca,chile,1637,25.0864999999999,25.296803652968038,16.844637008733514
"Jaypee Institute of Information Technology, Noida",India,2026,THE,1639.0,25.0795,"jaypee institute of information technology, noida",india,1639,25.0795,25.205479452054796,16.83667667394469
National Chin-Yi University of Technology,Taiwan,2026,THE,1640.0,25.0785,national chin-yi university of technology,taiwan,1640,25.0785,25.159817351598175,16.835539483260554
Kyiv National University of Construction and Architecture,Ukraine,2026,THE,1641.0,25.063,kyiv national university of construction and architecture,ukraine,1641,25.063,25.11415525114155,16.817913027656477
Universitas Syiah Kuala,Indonesia,2026,THE,1642.0,25.0465,universitas syiah kuala,indonesia,1642,25.0465,25.068493150684933,16.799149381368274
Hirosaki University,Japan,2026,THE,1643.0,25.0365,hirosaki university,japan,1643,25.0365,25.022831050228312,16.787777474526933
Satbayev University,Kazakhstan,2026,THE,1644.0,25.034,satbayev university,kazakhstan,1644,25.034,24.977168949771688,16.784934497816593
Muhimbili University of Health and Allied Sciences,Tanzania,2026,THE,1645.0,24.978,muhimbili university of health and allied sciences,tanzania,1645,24.978,24.93150684931507,16.7212518195051
Karpagam Academy of Higher Education,India,2026,THE,1646.0,24.9495,karpagam academy of higher education,india,1646,24.9495,24.885844748858446,16.68884188500728
Universiti Malaysia Kelantan,Malaysia,2026,THE,1647.0,24.9344999999999,universiti malaysia kelantan,malaysia,1647,24.9344999999999,24.840182648401825,16.671784024745158
Vali-e-Asr University of Rafsanjan,Iran,2026,THE,1648.0,24.8884999999999,vali-e-asr university of rafsanjan,iran,1648,24.8884999999999,24.794520547945208,16.619473253275
University of Silesia in Katowice,Poland,2026,THE,1649.0,24.85,university of silesia in katowice,poland,1649,24.85,24.748858447488583,16.57569141193596
CEU Universities,Spain,2026,THE,1650.0,24.8435,ceu universities,spain,1650,24.8435,24.703196347031962,16.568299672489083
Lincoln University College,Malaysia,2026,THE,1651.0,24.813,lincoln university college,malaysia,1651,24.813,24.65753424657534,16.533615356623
University of Pannonia,Hungary,2026,THE,1652.0,24.7639999999999,university of pannonia,hungary,1652,24.7639999999999,24.61187214611872,16.477893013100324
Unisinos University,Brazil,2026,THE,1653.0,24.7194999999999,unisinos university,brazil,1653,24.7194999999999,24.5662100456621,16.427288027656367
Universidade Federal da Bahia,Brazil,2026,THE,1654.0,24.7075,universidade federal da bahia,brazil,1654,24.7075,24.52054794520548,16.41364173944687
University of Rijeka,Croatia,2026,THE,1655.0,24.6964999999999,university of rijeka,croatia,1655,24.6964999999999,24.474885844748858,16.401132641921286
University of Hormozgan,Iran,2026,THE,1656.0,24.6905,university of hormozgan,iran,1656,24.6905,24.429223744292237,16.394309497816597
University of Santo Tomas,Philippines,2026,THE,1657.0,24.6794999999999,university of santo tomas,philippines,1657,24.6794999999999,24.383561643835616,16.38180040029101
Kastamonu University,Turkey,2026,THE,1658.0,24.6679999999999,kastamonu university,turkey,1658,24.6679999999999,24.337899543378995,16.36872270742347
Universidad AutÃ³noma de Chile,Chile,2026,THE,1659.0,24.6525,universidad autã³noma de chile,chile,1659,24.6525,24.292237442922374,16.35109625181951
"National Institute of Applied Sciences, Strasbourg (INSA Strasbourg)",France,2026,THE,1660.0,24.652,"national institute of applied sciences, strasbourg (insa strasbourg)",france,1660,24.652,24.246575342465754,16.350527656477443
Istanbul AydÄ±n University,Turkey,2026,THE,1661.0,24.65,istanbul aydä±n university,turkey,1661,24.65,24.200913242009133,16.34825327510917
University of Carthage,Tunisia,2026,THE,1662.0,24.6145,university of carthage,tunisia,1662,24.6145,24.15525114155251,16.30788300582242
Federal University of Rio Grande do Norte (UFRN),Brazil,2026,THE,1663.0,24.6029999999999,federal university of rio grande do norte (ufrn),brazil,1663,24.6029999999999,24.10958904109589,16.294805312954765
Far Eastern Federal University,Russian Federation,2026,THE,1664.0,24.59,far eastern federal university,russian federation,1664,24.59,24.06392694063927,16.280021834061138
Institut Teknologi Sepuluh Nopember,Indonesia,2026,THE,1665.0,24.5845,institut teknologi sepuluh nopember,indonesia,1665,24.5845,24.01826484018265,16.273767285298398
Alzahra University,Iran,2026,THE,1666.0,24.5709999999999,alzahra university,iran,1666,24.5709999999999,23.972602739726025,16.258415211062477
Universidade Federal de Juiz de Fora,Brazil,2026,THE,1667.0,24.567,universidade federal de juiz de fora,brazil,1667,24.567,23.926940639269407,16.253866448326058
Universiti Teknikal Malaysia Melaka,Malaysia,2026,THE,1668.0,24.5499999999999,universiti teknikal malaysia melaka,malaysia,1668,24.5499999999999,23.881278538812786,16.23453420669567
Maejo University,Thailand,2026,THE,1669.0,24.5404999999999,maejo university,thailand,1669,24.5404999999999,23.835616438356162,16.223730895196393
Jiangsu Normal University,China,2026,THE,1670.0,24.5144999999999,jiangsu normal university,china,1670,24.5144999999999,23.789954337899545,16.194163937408913
UniversitÃ© de Skikda,Algeria,2026,THE,1671.0,24.4889999999999,universitã© de skikda,algeria,1671,24.4889999999999,23.74429223744292,16.1651655749635
Ehime University,Japan,2026,THE,1672.0,24.4779999999999,ehime university,japan,1672,24.4779999999999,23.698630136986303,16.152656477438025
Tribhuvan University,Nepal,2026,THE,1673.0,24.4355,tribhuvan university,nepal,1673,24.4355,23.652968036529682,16.10432587336245
Acharya Nagarjuna University,India,2026,THE,1674.0,24.4349999999999,acharya nagarjuna university,india,1674,24.4349999999999,23.607305936073057,16.103757278020268
University of the Arts London,United Kingdom,2026,THE,1675.0,24.4219999999999,university of the arts london,united kingdom,1675,24.4219999999999,23.56164383561644,16.088973799126528
Centurion University of Technology and Management,India,2026,THE,1676.0,24.4045,centurion university of technology and management,india,1676,24.4045,23.515981735159816,16.069072962154294
University of Sousse,Tunisia,2026,THE,1677.0,24.3535,university of sousse,tunisia,1677,24.3535,23.470319634703195,16.011076237263467
Chang Gung University of Science and Technology,Taiwan,2026,THE,1678.0,24.3444999999999,chang gung university of science and technology,taiwan,1678,24.3444999999999,23.424657534246577,16.00084152110615
University of Novi Sad,Serbia,2026,THE,1679.0,24.3394999999999,university of novi sad,serbia,1679,24.3394999999999,23.378995433789953,15.99515556768548
University of Sistan and Baluchestan,Iran,2026,THE,1680.0,24.3374999999999,university of sistan and baluchestan,iran,1680,24.3374999999999,23.333333333333332,15.99288118631721
Instituto PolitÃ©cnico de Viana do Castelo,Portugal,2026,THE,1681.0,24.3305,instituto politã©cnico de viana do castelo,portugal,1681,24.3305,23.28767123287671,15.984920851528386
University of Calabar,Nigeria,2026,THE,1682.0,24.317,university of calabar,nigeria,1682,24.317,23.24200913242009,15.969568777292578
University of Western Macedonia,Greece,2026,THE,1683.0,24.314,university of western macedonia,greece,1683,24.314,23.19634703196347,15.966157205240178
Yamaguchi University,Japan,2026,THE,1684.0,24.2819999999999,yamaguchi university,japan,1684,24.2819999999999,23.15068493150685,15.929767103347778
Sri Venkateswara University,India,2026,THE,1685.0,24.2814999999999,sri venkateswara university,india,1685,24.2814999999999,23.105022831050228,15.929198508005712
Maria Curie-SkÅ‚odowska University (UMCS),Poland,2026,THE,1686.0,24.2715,maria curie-skå‚odowska university (umcs),poland,1686,24.2715,23.059360730593607,15.917826601164487
Pontifical Catholic University of Peru,Peru,2026,THE,1687.0,24.268,pontifical catholic university of peru,peru,1687,24.268,23.013698630136986,15.913846433770019
Southern Federal University,Russian Federation,2026,THE,1688.0,24.246,southern federal university,russian federation,1688,24.246,22.968036529680365,15.88882823871907
Cracow University of Technology,Poland,2026,THE,1689.0,24.2065,cracow university of technology,poland,1689,24.2065,22.922374429223744,15.84390920669578
AcÄ±badem University,Turkey,2026,THE,1690.0,24.1805,acä±badem university,turkey,1690,24.1805,22.876712328767123,15.814342248908297
Catholic University of the North,Chile,2026,THE,1691.0,24.1684999999999,catholic university of the north,chile,1691,24.1684999999999,22.831050228310502,15.800695960698578
University of Tunis,Tunisia,2026,THE,1692.0,24.1605,university of tunis,tunisia,1692,24.1605,22.78538812785388,15.791598435225621
KaramanoÄŸlu Mehmet Bey University,Turkey,2026,THE,1693.0,24.1534999999999,karamanoäÿlu mehmet bey university,turkey,1693,24.1534999999999,22.73972602739726,15.783638100436573
International Hellenic University,Greece,2026,THE,1694.0,24.147,international hellenic university,greece,1694,24.147,22.69406392694064,15.776246360989813
UNIR â€“ International University of La Rioja,Spain,2026,THE,1695.0,24.14,unir â€“ international university of la rioja,spain,1695,24.14,22.64840182648402,15.768286026200876
Istanbul Bilgi University,Turkey,2026,THE,1696.0,24.128,istanbul bilgi university,turkey,1696,24.128,22.602739726027394,15.754639737991269
"George Emil Palade University of Medicine, Pharmacy, Science, and Technology of Targu Mures",Romania,2026,THE,1697.0,24.11,"george emil palade university of medicine, pharmacy, science, and technology of targu mures",romania,1697,24.11,22.557077625570777,15.734170305676857
Saga University,Japan,2026,THE,1698.0,24.092,saga university,japan,1698,24.092,22.511415525114156,15.713700873362447
Gunma University,Japan,2026,THE,1699.0,24.0835,gunma university,japan,1699,24.0835,22.465753424657535,15.70403475254731
National Research University of Electronic Technology (MIET),Russian Federation,2026,THE,1700.0,24.074,national research university of electronic technology (miet),russian federation,1700,24.074,22.420091324200914,15.693231441048038
University of Oum El Bouaghi,Algeria,2026,THE,1701.0,24.07,university of oum el bouaghi,algeria,1701,24.07,22.37442922374429,15.688682678311503
University of Primorska,Slovenia,2026,THE,1702.0,24.061,university of primorska,slovenia,1702,24.061,22.328767123287673,15.678447962154296
October University for Modern Sciences and Arts (MSA),Egypt,2026,THE,1703.0,23.9809999999999,october university for modern sciences and arts (msa),egypt,1703,23.9809999999999,22.28310502283105,15.587472707423466
UniversitÃ© de GabÃ¨s,Tunisia,2026,THE,1704.0,23.9585,universitã© de gabã¨s,tunisia,1704,23.9585,22.237442922374427,15.56188591703057
Austral University of Chile,Chile,2026,THE,1705.0,23.952,austral university of chile,chile,1705,23.952,22.19178082191781,15.554494177583702
Morgan State University,United States,2026,THE,1706.0,23.9449999999999,morgan state university,united states,1706,23.9449999999999,22.146118721461185,15.546533842794648
Georgia Southern University,United States,2026,THE,1707.0,23.9295,georgia southern university,united states,1707,23.9295,22.100456621004565,15.528907387190689
University of Qom,Iran,2026,THE,1708.0,23.922,university of qom,iran,1708,23.922,22.054794520547947,15.520378457059683
Polytechnic Institute of Porto,Portugal,2026,THE,1709.0,23.918,polytechnic institute of porto,portugal,1709,23.918,22.009132420091323,15.515829694323147
Technical University of Cluj-Napoca,Romania,2026,THE,1710.0,23.9174999999999,technical university of cluj-napoca,romania,1710,23.9174999999999,21.963470319634702,15.515261098980968
Cukurova University,Turkey,2026,THE,1711.0,23.9135,cukurova university,turkey,1711,23.9135,21.91780821917808,15.510712336244541
Universidad AndrÃ©s Bello (UNAB),Chile,2026,THE,1712.0,23.877,universidad andrã©s bello (unab),chile,1712,23.877,21.87214611872146,15.469204876273654
Telkom University,Indonesia,2026,THE,1713.0,23.8759999999999,telkom university,indonesia,1713,23.8759999999999,21.826484018264843,15.468067685589409
Ubon Ratchathani University,Thailand,2026,THE,1714.0,23.8429999999999,ubon ratchathani university,thailand,1714,23.8429999999999,21.78082191780822,15.43054039301299
Universitas Ahmad Dahlan,Indonesia,2026,THE,1715.0,23.839,universitas ahmad dahlan,indonesia,1715,23.839,21.735159817351597,15.425991630276565
"University of the North, Colombia",Colombia,2026,THE,1716.0,23.8319999999999,"university of the north, colombia",colombia,1716,23.8319999999999,21.689497716894977,15.418031295487516
Izmir University of Economics,Turkey,2026,THE,1717.0,23.8275,izmir university of economics,turkey,1717,23.8275,21.643835616438356,15.412913937409028
University of Pau and Pays de lâ€™Adour,France,2026,THE,1718.0,23.806,university of pau and pays de lâ€™adour,france,1718,23.806,21.598173515981735,15.38846433770015
State University of Malang,Indonesia,2026,THE,1719.0,23.778,state university of malang,indonesia,1719,23.778,21.552511415525114,15.356622998544397
University of Baghdad,Iraq,2026,THE,1720.0,23.7724999999999,university of baghdad,iraq,1720,23.7724999999999,21.506849315068493,15.350368449781548
B. S. Abdur Rahman Crescent Institute of Science and Technology,India,2026,THE,1721.0,23.7539999999999,b. s. abdur rahman crescent institute of science and technology,india,1721,23.7539999999999,21.461187214611872,15.329330422125068
Pontificia Universidad Javeriana,Colombia,2026,THE,1722.0,23.7355,pontificia universidad javeriana,colombia,1722,23.7355,21.41552511415525,15.308292394468706
Amity University - Kolkata,India,2026,THE,1723.0,23.7005,amity university - kolkata,india,1723,23.7005,21.36986301369863,15.268490720524023
Nnamdi Azikiwe University,Nigeria,2026,THE,1724.0,23.6955,nnamdi azikiwe university,nigeria,1724,23.6955,21.32420091324201,15.262804767103349
University of Al-Qadisiyah,Iraq,2026,THE,1725.0,23.6825,university of al-qadisiyah,iraq,1725,23.6825,21.27853881278539,15.248021288209609
Ochanomizu University,Japan,2026,THE,1726.0,23.6749999999999,ochanomizu university,japan,1726,23.6749999999999,21.232876712328768,15.239492358078493
Universitas Negeri Semarang,Indonesia,2026,THE,1727.0,23.661,universitas negeri semarang,indonesia,1727,23.661,21.187214611872147,15.223571688500732
University of Costa Rica,Costa Rica,2026,THE,1728.0,23.6414999999999,university of costa rica,costa rica,1728,23.6414999999999,21.141552511415526,15.201396470160006
Hanoi University of Science and Technology,Vietnam,2026,THE,1729.0,23.6199999999999,hanoi university of science and technology,vietnam,1729,23.6199999999999,21.095890410958905,15.176946870451127
Arak University,Iran,2026,THE,1730.0,23.594,arak university,iran,1730,23.594,21.050228310502284,15.147379912663759
Federico Santa MarÃ­a Technical University,Chile,2026,THE,1731.0,23.5815,federico santa marã­a technical university,chile,1731,23.5815,21.00456621004566,15.13316502911208
Universidade do Estado do Rio de Janeiro (UERJ),Brazil,2026,THE,1732.0,23.5715,universidade do estado do rio de janeiro (uerj),brazil,1732,23.5715,20.958904109589042,15.121793122270747
University of Babylon,Iraq,2026,THE,1733.0,23.5414999999999,university of babylon,iraq,1733,23.5414999999999,20.91324200913242,15.087677401746614
Federal University of Pelotas,Brazil,2026,THE,1734.0,23.5334999999999,federal university of pelotas,brazil,1734,23.5334999999999,20.867579908675797,15.078579876273542
EskiÅŸehir Osmangazi University,Turkey,2026,THE,1735.0,23.53,eskiåÿehir osmangazi university,turkey,1735,23.53,20.82191780821918,15.074599708879187
Alexandru Ioan Cuza University,Romania,2026,THE,1736.0,23.5269999999999,alexandru ioan cuza university,romania,1736,23.5269999999999,20.776255707762555,15.071188136826674
Plekhanov Russian University of Economics,Russian Federation,2026,THE,1737.0,23.5099999999999,plekhanov russian university of economics,russian federation,1737,23.5099999999999,20.730593607305934,15.051855895196391
Saitama University,Japan,2026,THE,1738.0,23.5075,saitama university,japan,1738,23.5075,20.684931506849317,15.049012918486174
University of Kufa,Iraq,2026,THE,1739.0,23.5005,university of kufa,iraq,1739,23.5005,20.639269406392692,15.041052583697233
University of Moratuwa,Sri Lanka,2026,THE,1740.0,23.4835,university of moratuwa,sri lanka,1740,23.4835,20.593607305936075,15.02172034206696
Dankook University,South Korea,2026,THE,1741.0,23.464,dankook university,south korea,1741,23.464,20.54794520547945,14.999545123726346
Gaziantep University,Turkey,2026,THE,1742.0,23.431,gaziantep university,turkey,1742,23.431,20.50228310502283,14.962017831149929
Universidade Federal de Ouro Preto (UFOP),Brazil,2026,THE,1743.0,23.4245,universidade federal de ouro preto (ufop),brazil,1743,23.4245,20.456621004566212,14.954626091703057
Tottori University,Japan,2026,THE,1744.0,23.365,tottori university,japan,1744,23.365,20.410958904109588,14.886963245997089
"University of Santiago, Chile (USACH)",Chile,2026,THE,1745.0,23.3605,"university of santiago, chile (usach)",chile,1745,23.3605,20.365296803652967,14.881845887918486
University of Yamanashi,Japan,2026,THE,1746.0,23.349,university of yamanashi,japan,1746,23.349,20.319634703196346,14.868768195050949
Universiti Malaysia Sabah (UMS),Malaysia,2026,THE,1747.0,23.328,universiti malaysia sabah (ums),malaysia,1747,23.328,20.273972602739725,14.844887190684137
L.N. Gumilyov Eurasian National University,Kazakhstan,2026,THE,1748.0,23.3215,l.n. gumilyov eurasian national university,kazakhstan,1748,23.3215,20.228310502283104,14.837495451237265
Ladoke Akintola University of Technology,Nigeria,2026,THE,1749.0,23.257,ladoke akintola university of technology,nigeria,1749,23.257,20.182648401826484,14.764146652110629
Tamil Nadu Agricultural University,India,2026,THE,1750.0,23.2069999999999,tamil nadu agricultural university,india,1750,23.2069999999999,20.136986301369863,14.70728711790382
Kagoshima University,Japan,2026,THE,1751.0,23.1989999999999,kagoshima university,japan,1751,23.1989999999999,20.091324200913242,14.698189592430747
University of Economics in Prague,Czechia,2026,THE,1752.0,23.1885,university of economics in prague,czechia,1752,23.1885,20.04566210045662,14.686249090247456
Tokat GaziosmanpaÅŸa University,Turkey,2026,THE,1753.0,23.1055,tokat gaziosmanpaåÿa university,turkey,1753,23.1055,20.0,14.59186226346434
University of Life Sciences in Lublin,Poland,2026,THE,1754.0,23.09,university of life sciences in lublin,poland,1754,23.09,19.95433789954338,14.574235807860264
Shibaura Institute of Technology,Japan,2026,THE,1755.0,23.079,shibaura institute of technology,japan,1755,23.079,19.908675799086758,14.56172671033479
University of Brawijaya,Indonesia,2026,THE,1756.0,23.0455,university of brawijaya,indonesia,1756,23.0455,19.863013698630137,14.523630822416306
UniversitÃ© ChouaÃ¯b Doukkali,Morocco,2026,THE,1757.0,23.0374999999999,universitã© chouaã¯b doukkali,morocco,1757,23.0374999999999,19.817351598173516,14.514533296943119
Wasit University,Iraq,2026,THE,1758.0,23.0269999999999,wasit university,iraq,1758,23.0269999999999,19.771689497716896,14.502592794759718
National University of San MartÃ­n,Argentina,2026,THE,1759.0,23.022,national university of san martã­n,argentina,1759,23.022,19.726027397260275,14.496906841339156
Feng Chia University,Taiwan,2026,THE,1760.0,23.0215,feng chia university,taiwan,1760,23.0215,19.680365296803654,14.496338245997089
Dow University of Health Sciences,Pakistan,2026,THE,1761.0,22.933,dow university of health sciences,pakistan,1761,22.933,19.63470319634703,14.39569687045124
Badji Mokhtar University â€“ Annaba,Algeria,2026,THE,1762.0,22.922,badji mokhtar university â€“ annaba,algeria,1762,22.922,19.589041095890412,14.383187772925767
"Balochistan University of Information Technology, Engineering and Management Sciences (BUITEMS)",Pakistan,2026,THE,1763.0,22.9094999999999,"balochistan university of information technology, engineering and management sciences (buitems)",pakistan,1763,22.9094999999999,19.54337899543379,14.368972889373977
Dnipro University of Technology,Ukraine,2026,THE,1764.0,22.9055,dnipro university of technology,ukraine,1764,22.9055,19.497716894977167,14.364424126637557
Federal University of Mato Grosso do Sul,Brazil,2026,THE,1765.0,22.8995,federal university of mato grosso do sul,brazil,1765,22.8995,19.45205479452055,14.357600982532754
Russian Presidential Academy of National Economy and Public Administration,Russian Federation,2026,THE,1766.0,22.8874999999999,russian presidential academy of national economy and public administration,russian federation,1766,22.8874999999999,19.406392694063925,14.343954694323033
Bashkir State Medical University,Russian Federation,2026,THE,1767.0,22.8869999999999,bashkir state medical university,russian federation,1767,22.8869999999999,19.360730593607308,14.343386098980968
Federal University of EspÃ­rito Santo,Brazil,2026,THE,1768.0,22.871,federal university of espã­rito santo,brazil,1768,22.871,19.315068493150687,14.325191048034934
AydÄ±n Adnan Menderes University,Turkey,2026,THE,1769.0,22.7984999999999,aydä±n adnan menderes university,turkey,1769,22.7984999999999,19.269406392694062,14.242744723435116
Federal University of ViÃ§osa,Brazil,2026,THE,1770.0,22.7945,federal university of viã§osa,brazil,1770,22.7945,19.223744292237445,14.238195960698691
Kyoto Institute of Technology,Japan,2026,THE,1771.0,22.7885,kyoto institute of technology,japan,1771,22.7885,19.17808219178082,14.231372816593888
Moscow Power Engineering Institute,Russian Federation,2026,THE,1772.0,22.7859999999999,moscow power engineering institute,russian federation,1772,22.7859999999999,19.1324200913242,14.22852983988344
Kasetsart University,Thailand,2026,THE,1773.0,22.782,kasetsart university,thailand,1773,22.782,19.086757990867582,14.22398107714702
Dunarea de Jos University of Galati,Romania,2026,THE,1774.0,22.773,dunarea de jos university of galati,romania,1774,22.773,19.041095890410958,14.213746360989813
Dokkyo Medical University,Japan,2026,THE,1775.0,22.7415,dokkyo medical university,japan,1775,22.7415,18.995433789954337,14.177924854439594
National University of La Plata,Argentina,2026,THE,1776.0,22.7335,national university of la plata,argentina,1776,22.7335,18.949771689497716,14.168827328966522
AltÄ±nbaÅŸ University,Turkey,2026,THE,1777.0,22.7264999999999,altä±nbaåÿ university,turkey,1777,22.7264999999999,18.904109589041095,14.160866994177471
"Vignanâ€™s Foundation for Science, Technology and Research",India,2026,THE,1778.0,22.673,"vignanâ€™s foundation for science, technology and research",india,1778,22.673,18.858447488584478,14.100027292576419
Universidad Mayor,Chile,2026,THE,1779.0,22.6715,universidad mayor,chile,1779,22.6715,18.812785388127853,14.098321506550224
Fluminense Federal University,Brazil,2026,THE,1780.0,22.6684999999999,fluminense federal university,brazil,1780,22.6684999999999,18.767123287671232,14.094909934497704
University of Zambia,Zambia,2026,THE,1781.0,22.652,university of zambia,zambia,1781,22.652,18.72146118721461,14.076146288209609
Al-Nahrain University,Iraq,2026,THE,1782.0,22.6375,al-nahrain university,iraq,1782,22.6375,18.67579908675799,14.059657023289668
Catholic University of BrasÃ­lia,Brazil,2026,THE,1783.0,22.6325,catholic university of brasã­lia,brazil,1783,22.6325,18.63013698630137,14.053971069868998
Technical University of Liberec,Czechia,2026,THE,1784.0,22.6215,technical university of liberec,czechia,1784,22.6215,18.58447488584475,14.041461972343525
University of Pardubice,Czechia,2026,THE,1785.0,22.61,university of pardubice,czechia,1785,22.61,18.538812785388128,14.028384279475983
National Changhua University of Education,Taiwan,2026,THE,1786.0,22.593,national changhua university of education,taiwan,1786,22.593,18.493150684931507,14.009052037845708
University of Miyazaki,Japan,2026,THE,1787.0,22.543,university of miyazaki,japan,1787,22.543,18.447488584474886,13.95219250363901
Nile University,Egypt,2026,THE,1788.0,22.512,nile university,egypt,1788,22.512,18.401826484018265,13.916939592430861
Damghan University,Iran,2026,THE,1789.0,22.4979999999999,damghan university,iran,1789,22.4979999999999,18.356164383561644,13.901018922852874
Metropolitan Autonomous University,Mexico,2026,THE,1790.0,22.4845,metropolitan autonomous university,mexico,1790,22.4845,18.310502283105023,13.885666848617179
Baku State University,Azerbaijan,2026,THE,1791.0,22.4135,baku state university,azerbaijan,1791,22.4135,18.2648401826484,13.804926310043669
University of West Attica,Greece,2026,THE,1792.0,22.397,university of west attica,greece,1792,22.397,18.21917808219178,13.786162663755459
Universidade Federal de CiÃªncias da SaÃºde de Porto Alegre (UFCSPA),Brazil,2026,THE,1793.0,22.3815,universidade federal de ciãªncias da saãºde de porto alegre (ufcspa),brazil,1793,22.3815,18.17351598173516,13.768536208151383
REVA University,India,2026,THE,1794.0,22.3674999999999,reva university,india,1794,22.3674999999999,18.12785388127854,13.752615538573396
Konya Technical University,Turkey,2026,THE,1795.0,22.3559999999999,konya technical university,turkey,1795,22.3559999999999,18.08219178082192,13.739537845705854
Altai State University,Russian Federation,2026,THE,1796.0,22.3405,altai state university,russian federation,1796,22.3405,18.036529680365295,13.721911390101893
Kazan State Medical University,Russian Federation,2026,THE,1797.0,22.3365,kazan state medical university,russian federation,1797,22.3365,17.990867579908677,13.71736262736536
Grand Valley State University,United States,2026,THE,1798.0,22.3075,grand valley state university,united states,1798,22.3075,17.945205479452056,13.684384097525475
AtÄ±lÄ±m University,Turkey,2026,THE,1799.0,22.279,atä±lä±m university,turkey,1799,22.279,17.899543378995432,13.651974163027658
Shahed University,Iran,2026,THE,1800.0,22.275,shahed university,iran,1800,22.275,17.853881278538815,13.647425400291121
Universidade Estadual do Norte Fluminense Darcy Ribeiro,Brazil,2026,THE,1801.0,22.223,universidade estadual do norte fluminense darcy ribeiro,brazil,1801,22.223,17.80821917808219,13.588291484716159
Al-Quds University,Palestine,2026,THE,1802.0,22.2195,al-quds university,palestine,1802,22.2195,17.76255707762557,13.58431131732169
Taras Shevchenko National University of Kyiv,Ukraine,2026,THE,1803.0,22.1989999999999,taras shevchenko national university of kyiv,ukraine,1803,22.1989999999999,17.716894977168952,13.560998908296831
"State University ""Kyiv Aviation Institute""",Ukraine,2026,THE,1804.0,22.1539999999999,"state university ""kyiv aviation institute""",ukraine,1804,22.1539999999999,17.671232876712327,13.509825327510805
Universidade Estadual de MaringÃ¡,Brazil,2026,THE,1805.0,22.1085,universidade estadual de maringã¡,brazil,1805,22.1085,17.62557077625571,13.458083151382825
Universitas Pendidikan Indonesia,Indonesia,2026,THE,1806.0,22.0574999999999,universitas pendidikan indonesia,indonesia,1806,22.0574999999999,17.579908675799086,13.400086426491884
PÃ¡zmÃ¡ny PÃ©ter Catholic University,Hungary,2026,THE,1807.0,21.9585,pã¡zmã¡ny pã©ter catholic university,hungary,1807,21.9585,17.534246575342465,13.28750454876274
Universidad CatÃ³lica del Maule,Chile,2026,THE,1808.0,21.9384999999999,universidad catã³lica del maule,chile,1808,21.9384999999999,17.488584474885847,13.264760735079948
Kenyatta University,Kenya,2026,THE,1809.0,21.9085,kenyatta university,kenya,1809,21.9085,17.442922374429223,13.230645014556043
University of Oradea,Romania,2026,THE,1810.0,21.8699999999999,university of oradea,romania,1810,21.8699999999999,17.397260273972602,13.186863173216775
Shanxi Medical University,China,2026,THE,1811.0,21.8689999999999,shanxi medical university,china,1811,21.8689999999999,17.35159817351598,13.18572598253264
Sinop University,Turkey,2026,THE,1812.0,21.8685,sinop university,turkey,1812,21.8685,17.30593607305936,13.185157387190689
Bharati Vidyapeeth University,India,2026,THE,1813.0,21.8565,bharati vidyapeeth university,india,1813,21.8565,17.26027397260274,13.171511098981078
Shimane University,Japan,2026,THE,1814.0,21.814,shimane university,japan,1814,21.814,17.21461187214612,13.123180494905387
Ondokuz Mayis University,Turkey,2026,THE,1815.0,21.8065,ondokuz mayis university,turkey,1815,21.8065,17.168949771689498,13.114651564774382
Van YÃ¼zÃ¼ncÃ¼ Yil University,Turkey,2026,THE,1816.0,21.806,van yã¼zã¼ncã¼ yil university,turkey,1816,21.806,17.123287671232877,13.114082969432317
Ankara Yildirim Beyazit University,Turkey,2026,THE,1817.0,21.8034999999999,ankara yildirim beyazit university,turkey,1817,21.8034999999999,17.077625570776256,13.111239992721869
East West University,Bangladesh,2026,THE,1818.0,21.7655,east west university,bangladesh,1818,21.7655,17.031963470319635,13.068026746724893
Sofia University,Bulgaria,2026,THE,1819.0,21.7595,sofia university,bulgaria,1819,21.7595,16.986301369863014,13.06120360262009
R V College of Engineering,India,2026,THE,1820.0,21.7529999999999,r v college of engineering,india,1820,21.7529999999999,16.940639269406393,13.053811863173106
Shizuoka University,Japan,2026,THE,1821.0,21.6644999999999,shizuoka university,japan,1821,21.6644999999999,16.894977168949772,12.953170487627256
De La Salle University,Philippines,2026,THE,1822.0,21.619,de la salle university,philippines,1822,21.619,16.84931506849315,12.901428311499274
El Bosque University,Colombia,2026,THE,1823.0,21.5974999999999,el bosque university,colombia,1823,21.5974999999999,16.80365296803653,12.876978711790283
Muroran Institute of Technology,Japan,2026,THE,1824.0,21.5969999999999,muroran institute of technology,japan,1824,21.5969999999999,16.75799086757991,12.876410116448211
Lobachevsky State University of Nizhni Novgorod,Russian Federation,2026,THE,1825.0,21.5529999999999,lobachevsky state university of nizhni novgorod,russian federation,1825,21.5529999999999,16.71232876712329,12.826373726346324
Ferhat Abbas SÃ©tif University 1,Algeria,2026,THE,1826.0,21.5394999999999,ferhat abbas sã©tif university 1,algeria,1826,21.5394999999999,16.666666666666664,12.811021652110515
Al-Muthanna University,Iraq,2026,THE,1827.0,21.5035,al-muthanna university,iraq,1827,21.5035,16.621004566210047,12.770082787481806
Polytechnic University of TimiÅŸoara,Romania,2026,THE,1828.0,21.4955,polytechnic university of timiåÿoara,romania,1828,21.4955,16.575342465753426,12.760985262008736
Londrina State University,Brazil,2026,THE,1828.0,21.4955,londrina state university,brazil,1828,21.4955,16.575342465753426,12.760985262008736
Teikyo University,Japan,2026,THE,1830.0,21.4645,teikyo university,japan,1830,21.4645,16.484018264840184,12.725732350800586
University of Lucknow,India,2026,THE,1831.0,21.3705,university of lucknow,india,1831,21.3705,16.43835616438356,12.618836426491997
University of RzeszÃ³w,Poland,2026,THE,1832.0,21.3695,university of rzeszã³w,poland,1832,21.3695,16.392694063926943,12.61769923580786
Lagos State University,Nigeria,2026,THE,1833.0,21.368,lagos state university,nigeria,1833,21.368,16.34703196347032,12.615993449781659
St Petersburg Electrotechnical University (LETI),Russian Federation,2026,THE,1834.0,21.3675,st petersburg electrotechnical university (leti),russian federation,1834,21.3675,16.301369863013697,12.615424854439594
University of Miskolc,Hungary,2026,THE,1835.0,21.346,university of miskolc,hungary,1835,21.346,16.25570776255708,12.590975254730715
Vietnam National University (Ho Chi Minh City),Vietnam,2026,THE,1836.0,21.3414999999999,vietnam national university (ho chi minh city),vietnam,1836,21.3414999999999,16.210045662100455,12.585857896652
University of Rwanda,Rwanda,2026,THE,1837.0,21.317,university of rwanda,rwanda,1837,21.317,16.164383561643834,12.557996724890833
SzÃ©chenyi IstvÃ¡n University,Hungary,2026,THE,1838.0,21.3129999999999,szã©chenyi istvã¡n university,hungary,1838,21.3129999999999,16.118721461187217,12.553447962154182
Hasanuddin University,Indonesia,2026,THE,1839.0,21.3014999999999,hasanuddin university,indonesia,1839,21.3014999999999,16.073059360730593,12.540370269286644
University of Karachi,Pakistan,2026,THE,1840.0,21.2984999999999,university of karachi,pakistan,1840,21.2984999999999,16.027397260273972,12.53695869723424
Universidad CatÃ³lica de la SantÃ­sima ConcepciÃ³n,Chile,2026,THE,1841.0,21.276,universidad catã³lica de la santã­sima concepciã³n,chile,1841,21.276,15.981735159817351,12.51137190684134
Kochi University,Japan,2026,THE,1842.0,21.2679999999999,kochi university,japan,1842,21.2679999999999,15.93607305936073,12.502274381368158
Bialystok University of Technology,Poland,2026,THE,1843.0,21.2565,bialystok university of technology,poland,1843,21.2565,15.890410958904111,12.489196688500728
State University of Ponta Grossa,Brazil,2026,THE,1844.0,21.2405,state university of ponta grossa,brazil,1844,21.2405,15.844748858447488,12.471001637554588
Pavlov First Saint Petersburg State Medical University,Russian Federation,2026,THE,1845.0,21.2305,pavlov first saint petersburg state medical university,russian federation,1845,21.2305,15.79908675799087,12.459629730713246
Samara State Medical University,Russian Federation,2026,THE,1846.0,21.2269999999999,samara state medical university,russian federation,1846,21.2269999999999,15.753424657534246,12.455649563318666
Universidad Nacional de AsunciÃ³n,Paraguay,2026,THE,1847.0,21.2179999999999,universidad nacional de asunciã³n,paraguay,1847,21.2179999999999,15.707762557077626,12.44541484716146
University of Sri Jayewardenepura,Sri Lanka,2026,THE,1848.0,21.2175,university of sri jayewardenepura,sri lanka,1848,21.2175,15.662100456621006,12.444846251819508
Lviv Polytechnic National University,Ukraine,2026,THE,1849.0,21.2159999999999,lviv polytechnic national university,ukraine,1849,21.2159999999999,15.616438356164384,12.443140465793194
Akita University,Japan,2026,THE,1850.0,21.197,akita university,japan,1850,21.197,15.570776255707763,12.42153384279476
University of Szczecin,Poland,2026,THE,1851.0,21.1785,university of szczecin,poland,1851,21.1785,15.52511415525114,12.400495815138283
GITAM University,India,2026,THE,1852.0,21.1255,gitam university,india,1852,21.1255,15.479452054794521,12.340224708879186
University of Fukui,Japan,2026,THE,1853.0,21.1034999999999,university of fukui,japan,1853,21.1034999999999,15.4337899543379,12.315206513828128
Tomsk State University of Control Systems and Radioelectronics,Russian Federation,2026,THE,1854.0,21.0849999999999,tomsk state university of control systems and radioelectronics,russian federation,1854,21.0849999999999,15.388127853881278,12.294168486171651
Adelphi University,United States,2026,THE,1855.0,21.0824999999999,adelphi university,united states,1855,21.0824999999999,15.342465753424658,12.291325509461315
"Federal University of Technology, Owerri",Nigeria,2026,THE,1856.0,21.0645,"federal university of technology, owerri",nigeria,1856,21.0645,15.296803652968036,12.270856077147018
Antonio NariÃ±o University,Colombia,2026,THE,1857.0,21.0515,antonio nariã±o university,colombia,1857,21.0515,15.251141552511417,12.256072598253278
Naresuan University,Thailand,2026,THE,1858.0,21.0419999999999,naresuan university,thailand,1858,21.0419999999999,15.205479452054796,12.245269286753889
North Khorasan University of Medical Sciences,Iran,2026,THE,1859.0,21.0069999999999,north khorasan university of medical sciences,iran,1859,21.0069999999999,15.159817351598173,12.205467612809203
Saints Cyril and Methodius University in Skopje,North Macedonia,2026,THE,1860.0,21.0005,saints cyril and methodius university in skopje,north macedonia,1860,21.0005,15.114155251141554,12.198075873362447
Bilecik Åžeyh Edebali University,Turkey,2026,THE,1861.0,20.987,bilecik åžeyh edebali university,turkey,1861,20.987,15.068493150684931,12.182723799126638
Kochi University of Technology,Japan,2026,THE,1862.0,20.9335,kochi university of technology,japan,1862,20.9335,15.02283105022831,12.121884097525474
Escuela PolitÃ©cnica Nacional,Ecuador,2026,THE,1863.0,20.9075,escuela politã©cnica nacional,ecuador,1863,20.9075,14.977168949771688,12.092317139737991
University of Diyala,Iraq,2026,THE,1864.0,20.898,university of diyala,iraq,1864,20.898,14.931506849315069,12.081513828238721
Silpakorn University,Thailand,2026,THE,1865.0,20.853,silpakorn university,thailand,1865,20.853,14.885844748858448,12.030340247452695
Federal University of ParÃ¡,Brazil,2026,THE,1866.0,20.8385,federal university of parã¡,brazil,1866,20.8385,14.840182648401825,12.013850982532754
Polytechnic University of Bucharest,Romania,2026,THE,1867.0,20.7425,polytechnic university of bucharest,romania,1867,20.7425,14.794520547945206,11.904680676855897
University of Passo Fundo (UPF),Brazil,2026,THE,1868.0,20.7185,university of passo fundo (upf),brazil,1868,20.7185,14.748858447488583,11.877388100436683
UniversitÃ© Kasdi Merbah Ouargla,Algeria,2026,THE,1869.0,20.714,universitã© kasdi merbah ouargla,algeria,1869,20.714,14.703196347031962,11.87227074235808
Federal Rural University of Pernambuco,Brazil,2026,THE,1870.0,20.7039999999999,federal rural university of pernambuco,brazil,1870,20.7039999999999,14.657534246575343,11.860898835516629
Kharkiv National University of Radio Electronics,Ukraine,2026,THE,1871.0,20.7025,kharkiv national university of radio electronics,ukraine,1871,20.7025,14.61187214611872,11.85919304949054
Samara National Research University (Samara University),Russian Federation,2026,THE,1872.0,20.6815,samara national research university (samara university),russian federation,1872,20.6815,14.566210045662102,11.835312045123727
Sivas Cumhuriyet University,Turkey,2026,THE,1873.0,20.657,sivas cumhuriyet university,turkey,1873,20.657,14.520547945205479,11.807450873362448
UniversitÃ© 8 Mai 1945 Guelma,Algeria,2026,THE,1874.0,20.6405,universitã© 8 mai 1945 guelma,algeria,1874,20.6405,14.474885844748858,11.788687227074238
Grigore T. Popa University of Medicine and Pharmacy,Romania,2026,THE,1875.0,20.6124999999999,grigore t. popa university of medicine and pharmacy,romania,1875,20.6124999999999,14.429223744292239,11.756845887918375
M S Ramaiah University of Applied Sciences (RUAS),India,2026,THE,1876.0,20.5515,m s ramaiah university of applied sciences (ruas),india,1876,20.5515,14.383561643835616,11.68747725618632
Erzincan Binali YÄ±ldÄ±rÄ±m University,Turkey,2026,THE,1877.0,20.548,erzincan binali yä±ldä±rä±m university,turkey,1877,20.548,14.337899543378995,11.683497088791848
Sikkim Manipal University,India,2026,THE,1878.0,20.529,sikkim manipal university,india,1878,20.529,14.292237442922373,11.661890465793306
NiÄŸde Ã–mer Halisdemir University,Turkey,2026,THE,1879.0,20.5214999999999,niäÿde ã–mer halisdemir university,turkey,1879,20.5214999999999,14.246575342465754,11.653361535662189
Belarusian State University,Belarus,2026,THE,1880.0,20.5105,belarusian state university,belarus,1880,20.5105,14.200913242009133,11.64085243813683
Universitas Sumatera Utara,Indonesia,2026,THE,1881.0,20.4835,universitas sumatera utara,indonesia,1881,20.4835,14.15525114155251,11.610148289665212
National Taipei University,Taiwan,2026,THE,1882.0,20.4655,national taipei university,taiwan,1882,20.4655,14.10958904109589,11.589678857350801
Universidade do Estado de Santa Catarina,Brazil,2026,THE,1883.0,20.463,universidade do estado de santa catarina,brazil,1883,20.463,14.063926940639268,11.586835880640468
University of Science and Technology of Oran Mohamed-Boudiaf,Algeria,2026,THE,1884.0,20.4414999999999,university of science and technology of oran mohamed-boudiaf,algeria,1884,20.4414999999999,14.018264840182649,11.562386280931474
Misr University for Science and Technology,Egypt,2026,THE,1885.0,20.418,misr university for science and technology,egypt,1885,20.418,13.972602739726028,11.53566229985444
Sakarya University of Applied Sciences,Turkey,2026,THE,1886.0,20.412,sakarya university of applied sciences,turkey,1886,20.412,13.926940639269406,11.528839155749637
Universidade Federal de Sergipe,Brazil,2026,THE,1887.0,20.4079999999999,universidade federal de sergipe,brazil,1887,20.4079999999999,13.881278538812786,11.524290393012992
Oita University,Japan,2026,THE,1888.0,20.38,oita university,japan,1888,20.38,13.835616438356164,11.492449053857351
University of MedellÃ­n,Colombia,2026,THE,1889.0,20.3134999999999,university of medellã­n,colombia,1889,20.3134999999999,13.789954337899543,11.416825873362335
University of Mataram,Indonesia,2026,THE,1890.0,20.2934999999999,university of mataram,indonesia,1890,20.2934999999999,13.744292237442924,11.394082059679654
University of Namibia,Namibia,2026,THE,1891.0,20.2855,university of namibia,namibia,1891,20.2855,13.698630136986301,11.384984534206696
Mustansiriyah University,Iraq,2026,THE,1892.0,20.2464999999999,mustansiriyah university,iraq,1892,20.2464999999999,13.65296803652968,11.340634097525363
Bolu Abant Izzet Baysal University,Turkey,2026,THE,1893.0,20.2275,bolu abant izzet baysal university,turkey,1893,20.2275,13.607305936073057,11.31902747452693
Alberto Hurtado University,Chile,2026,THE,1894.0,20.1725,alberto hurtado university,chile,1894,20.1725,13.561643835616438,11.256481986899566
Universitas Andalas,Indonesia,2026,THE,1895.0,20.1665,universitas andalas,indonesia,1895,20.1665,13.515981735159817,11.24965884279476
MapÃºa University,Philippines,2026,THE,1896.0,20.1594999999999,mapãºa university,philippines,1896,20.1594999999999,13.470319634703195,11.241698508005708
University of Sarajevo,Bosnia and Herzegovina,2026,THE,1897.0,20.1414999999999,university of sarajevo,bosnia and herzegovina,1897,20.1414999999999,13.424657534246576,11.221229075691301
"Soochow University, Taiwan",Taiwan,2026,THE,1898.0,20.1405,"soochow university, taiwan",taiwan,1898,20.1405,13.378995433789953,11.220091885007278
Technical University of Sofia,Bulgaria,2026,THE,1899.0,20.0809999999999,technical university of sofia,bulgaria,1899,20.0809999999999,13.333333333333334,11.152429039301198
Universiti Kuala Lumpur,Malaysia,2026,THE,1900.0,20.0405,universiti kuala lumpur,malaysia,1900,20.0405,13.287671232876713,11.10637281659389
The University of Danang,Vietnam,2026,THE,1901.0,19.9895,the university of danang,vietnam,1901,19.9895,13.24200913242009,11.048376091703057
University of Dar es Salaam,Tanzania,2026,THE,1902.0,19.8625,university of dar es salaam,tanzania,1902,19.8625,13.196347031963471,10.903952874818053
University of ValparaÃ­so,Chile,2026,THE,1903.0,19.861,university of valparaã­so,chile,1903,19.861,13.150684931506849,10.902247088791851
National Chi Nan University,Taiwan,2026,THE,1904.0,19.8055,national chi nan university,taiwan,1904,19.8055,13.105022831050228,10.839133005822417
University of Phayao,Thailand,2026,THE,1905.0,19.798,university of phayao,thailand,1905,19.798,13.059360730593609,10.830604075691411
University of Shizuoka,Japan,2026,THE,1906.0,19.6845,university of shizuoka,japan,1906,19.6845,13.013698630136986,10.701532933042214
Kirikkale University,Turkey,2026,THE,1907.0,19.684,kirikkale university,turkey,1907,19.684,12.968036529680365,10.70096433770015
V.N. Karazin Kharkiv National University,Ukraine,2026,THE,1908.0,19.6645,v.n. karazin kharkiv national university,ukraine,1908,19.6645,12.922374429223742,10.678789119359536
University of Birjand,Iran,2026,THE,1909.0,19.6545,university of birjand,iran,1909,19.6545,12.876712328767123,10.667417212518195
University of Montenegro,Montenegro,2026,THE,1910.0,19.6474999999999,university of montenegro,montenegro,1910,19.6474999999999,12.831050228310502,10.659456877729147
PSG College of Technology,India,2026,THE,1911.0,19.602,psg college of technology,india,1911,19.602,12.785388127853881,10.607714701601166
AdÄ±yaman University,Turkey,2026,THE,1912.0,19.586,adä±yaman university,turkey,1912,19.586,12.73972602739726,10.58951965065502
Kwansei Gakuin University,Japan,2026,THE,1913.0,19.5289999999999,kwansei gakuin university,japan,1913,19.5289999999999,12.694063926940638,10.524699781659278
Burdur Mehmet Akif Ersoy University,Turkey,2026,THE,1914.0,19.4894999999999,burdur mehmet akif ersoy university,turkey,1914,19.4894999999999,12.648401826484019,10.479780749635987
National Pingtung University of Science and Technology,Taiwan,2026,THE,1915.0,19.489,national pingtung university of science and technology,taiwan,1915,19.489,12.602739726027398,10.479212154294034
AIIMS Rishikesh,India,2026,THE,1916.0,19.4499999999999,aiims rishikesh,india,1916,19.4499999999999,12.557077625570775,10.434861717612698
Ã‡ankÄ±rÄ± Karatekin University,Turkey,2026,THE,1917.0,19.4444999999999,ã‡ankä±rä± karatekin university,turkey,1917,19.4444999999999,12.511415525114156,10.42860716884996
University of Los Lagos,Chile,2026,THE,1918.0,19.4375,university of los lagos,chile,1918,19.4375,12.465753424657535,10.420646834061136
Latvia University of Life Sciences and Technologies,Latvia,2026,THE,1919.0,19.4344999999999,latvia university of life sciences and technologies,latvia,1919,19.4344999999999,12.420091324200913,10.417235262008623
Bursa UludaÄŸ University,Turkey,2026,THE,1920.0,19.4315,bursa uludaäÿ university,turkey,1920,19.4315,12.374429223744292,10.413823689956333
Ming Chuan University,Taiwan,2026,THE,1921.0,19.403,ming chuan university,taiwan,1921,19.403,12.32876712328767,10.381413755458516
NED University of Engineering and Technology,Pakistan,2026,THE,1922.0,19.4015,ned university of engineering and technology,pakistan,1922,19.4015,12.28310502283105,10.379707969432314
Atma Jaya Catholic University of Indonesia,Indonesia,2026,THE,1923.0,19.389,atma jaya catholic university of indonesia,indonesia,1923,19.389,12.237442922374429,10.365493085880642
Georgian Technical University,Georgia,2026,THE,1924.0,19.3635,georgian technical university,georgia,1924,19.3635,12.191780821917808,10.336494723435226
Matej Bel University,Slovakia,2026,THE,1925.0,19.29,matej bel university,slovakia,1925,19.29,12.146118721461187,10.252911208151385
Sri Ramachandra Institute of Higher Education and Research,India,2026,THE,1926.0,19.2774999999999,sri ramachandra institute of higher education and research,india,1926,19.2774999999999,12.100456621004566,10.238696324599598
University of San MartÃ­n de Porres,Peru,2026,THE,1927.0,19.2435,university of san martã­n de porres,peru,1927,19.2435,12.054794520547945,10.20003184133916
Mendeleev University of Chemical Technology,Russian Federation,2026,THE,1928.0,19.1635,mendeleev university of chemical technology,russian federation,1928,19.1635,12.009132420091325,10.109056586608443
Universitas Muhammadiyah Yogyakarta,Indonesia,2026,THE,1929.0,19.136,universitas muhammadiyah yogyakarta,indonesia,1929,19.136,11.963470319634704,10.07778384279476
Sophia University,Japan,2026,THE,1930.0,19.1205,sophia university,japan,1930,19.1205,11.917808219178081,10.060157387190685
National Chiayi University,Taiwan,2026,THE,1931.0,19.118,national chiayi university,taiwan,1931,19.118,11.87214611872146,10.057314410480348
Universidad AutÃ³noma de QuerÃ©taro,Mexico,2026,THE,1932.0,19.1079999999999,universidad autã³noma de querã©taro,mexico,1932,19.1079999999999,11.826484018264841,10.0459425036389
University of Taipei,Taiwan,2026,THE,1933.0,19.0679999999999,university of taipei,taiwan,1933,19.0679999999999,11.78082191780822,10.00045487627354
State University of Santa Cruz,Brazil,2026,THE,1934.0,19.028,state university of santa cruz,brazil,1934,19.028,11.735159817351597,9.954967248908297
Universidad San Ignacio de Loyola,Peru,2026,THE,1935.0,19.0244999999999,universidad san ignacio de loyola,peru,1935,19.0244999999999,11.689497716894977,9.950987081513716
University of Mascara,Algeria,2026,THE,1936.0,19.0015,university of mascara,algeria,1936,19.0015,11.643835616438356,9.924831695778751
University of Craiova,Romania,2026,THE,1937.0,18.997,university of craiova,romania,1937,18.997,11.598173515981735,9.919714337700148
Jianghan University,China,2026,THE,1938.0,18.9925,jianghan university,china,1938,18.9925,11.552511415525114,9.914596979621544
Belgorod State National Research University,Russian Federation,2026,THE,1939.0,18.958,belgorod state national research university,russian federation,1939,18.958,11.506849315068493,9.875363901018924
Pontifical Catholic University of Argentina,Argentina,2026,THE,1940.0,18.9435,pontifical catholic university of argentina,argentina,1940,18.9435,11.461187214611872,9.858874636098983
KLE Academy of Higher Education and Research,India,2026,THE,1941.0,18.923,kle academy of higher education and research,india,1941,18.923,11.415525114155251,9.835562227074236
Tokyo University of Agriculture,Japan,2026,THE,1942.0,18.9205,tokyo university of agriculture,japan,1942,18.9205,11.36986301369863,9.832719250363905
Kocaeli University,Turkey,2026,THE,1943.0,18.918,kocaeli university,turkey,1943,18.918,11.32420091324201,9.829876273653568
Adana Alparslan TÃ¼rkeÅŸ Science and Technology University,Turkey,2026,THE,1944.0,18.913,adana alparslan tã¼rkeåÿ science and technology university,turkey,1944,18.913,11.278538812785389,9.8241903202329
Mahasarakham University,Thailand,2026,THE,1945.0,18.886,mahasarakham university,thailand,1945,18.886,11.232876712328768,9.793486171761282
Afyonkarahisar Health Sciences University,Turkey,2026,THE,1946.0,18.8745,afyonkarahisar health sciences university,turkey,1946,18.8745,11.187214611872145,9.780408478893744
Centro Federal de EducaÃ§Ã£o TecnolÃ³gica Celso Suckow da Fonseca (CEFET-RJ),Brazil,2026,THE,1947.0,18.858,centro federal de educaã§ã£o tecnolã³gica celso suckow da fonseca (cefet-rj),brazil,1947,18.858,11.141552511415526,9.761644832605533
Jean Moulin University â€“ Lyon 3,France,2026,THE,1948.0,18.852,jean moulin university â€“ lyon 3,france,1948,18.852,11.095890410958905,9.75482168850073
Mersin University,Turkey,2026,THE,1949.0,18.845,mersin university,turkey,1949,18.845,11.050228310502282,9.746861353711791
MuÅŸ Alparslan University,Turkey,2026,THE,1950.0,18.8315,muåÿ alparslan university,turkey,1950,18.8315,11.004566210045661,9.731509279475983
Presidency University,India,2026,THE,1951.0,18.7884999999999,presidency university,india,1951,18.7884999999999,10.95890410958904,9.682610080058112
Don State Technical University,Russian Federation,2026,THE,1952.0,18.7465,don state technical university,russian federation,1952,18.7465,10.913242009132421,9.634848071324603
Universidad Pontificia Bolivariana (UPB),Colombia,2026,THE,1953.0,18.7464999999999,universidad pontificia bolivariana (upb),colombia,1953,18.7464999999999,10.867579908675799,9.63484807132449
Ionian University,Greece,2026,THE,1954.0,18.7395,ionian university,greece,1954,18.7395,10.821917808219178,9.626887736535664
Universitas Negeri Jakarta,Indonesia,2026,THE,1955.0,18.692,universitas negeri jakarta,indonesia,1955,18.692,10.776255707762557,9.572871179039304
Tikrit University,Iraq,2026,THE,1956.0,18.6805,tikrit university,iraq,1956,18.6805,10.730593607305936,9.559793486171762
National University of CÃ³rdoba,Argentina,2026,THE,1957.0,18.6535,national university of cã³rdoba,argentina,1957,18.6535,10.684931506849315,9.52908933770015
Gheorghe Asachi Technical University of IaÅŸi,Romania,2026,THE,1958.0,18.653,gheorghe asachi technical university of iaåÿi,romania,1958,18.653,10.639269406392694,9.52852074235808
Gdynia Maritime University,Poland,2026,THE,1959.0,18.6459999999999,gdynia maritime university,poland,1959,18.6459999999999,10.593607305936073,9.52056040756903
Thiagarajar College of Engineering,India,2026,THE,1960.0,18.642,thiagarajar college of engineering,india,1960,18.642,10.547945205479452,9.516011644832608
EskiÅŸehir Technical University,Turkey,2026,THE,1961.0,18.576,eskiåÿehir technical university,turkey,1961,18.576,10.50228310502283,9.44095705967977
Azerbaijan State Oil and Industry University,Azerbaijan,2026,THE,1962.0,18.5745,azerbaijan state oil and industry university,azerbaijan,1962,18.5745,10.45662100456621,9.43925127365357
"Federal University of Agriculture, Abeokuta",Nigeria,2026,THE,1963.0,18.5175,"federal university of agriculture, abeokuta",nigeria,1963,18.5175,10.41095890410959,9.374431404657933
Afyon Kocatepe University,Turkey,2026,THE,1964.0,18.517,afyon kocatepe university,turkey,1964,18.517,10.365296803652967,9.373862809315867
Mindanao State University â€“ Iligan Institute of Technology,Philippines,2026,THE,1965.0,18.5135,mindanao state university â€“ iligan institute of technology,philippines,1965,18.5135,10.319634703196346,9.3698826419214
Zonguldak BÃ¼lent Ecevit University,Turkey,2026,THE,1966.0,18.5129999999999,zonguldak bã¼lent ecevit university,turkey,1966,18.5129999999999,10.273972602739725,9.369314046579216
Irkutsk National Research Technical University,Russian Federation,2026,THE,1967.0,18.5009999999999,irkutsk national research technical university,russian federation,1967,18.5009999999999,10.228310502283106,9.355667758369615
University of Hyogo,Japan,2026,THE,1968.0,18.4985,university of hyogo,japan,1968,18.4985,10.182648401826484,9.35282478165939
Universitas Muhammadiyah Malang,Indonesia,2026,THE,1968.0,18.4985,universitas muhammadiyah malang,indonesia,1968,18.4985,10.182648401826484,9.35282478165939
University of Biskra,Algeria,2026,THE,1970.0,18.4915,university of biskra,algeria,1970,18.4915,10.091324200913242,9.344864446870451
Universitas Negeri Surabaya,Indonesia,2026,THE,1971.0,18.474,universitas negeri surabaya,indonesia,1971,18.474,10.045662100456621,9.32496360989811
Islamic Science University of Malaysia (USIM),Malaysia,2026,THE,1972.0,18.4715,islamic science university of malaysia (usim),malaysia,1972,18.4715,10.0,9.322120633187774
Islamic University of Indonesia,Indonesia,2026,THE,1973.0,18.4619999999999,islamic university of indonesia,indonesia,1973,18.4619999999999,9.954337899543379,9.311317321688389
Ä°zmir KÃ¢tip Ã‡elebi University,Turkey,2026,THE,1974.0,18.427,ä°zmir kã¢tip ã‡elebi university,turkey,1974,18.427,9.908675799086758,9.271515647743815
National Ilan University,Taiwan,2026,THE,1975.0,18.4,national ilan university,taiwan,1975,18.4,9.863013698630137,9.2408114992722
Srinakharinwirot University,Thailand,2026,THE,1976.0,18.396,srinakharinwirot university,thailand,1976,18.396,9.817351598173515,9.236262736535664
Central University of Venezuela,Venezuela,2026,THE,1977.0,18.2915,central university of venezuela,venezuela,1977,18.2915,9.771689497716896,9.117426310043669
University of Thi-Qar,Iraq,2026,THE,1978.0,18.288,university of thi-qar,iraq,1978,18.288,9.726027397260275,9.1134461426492
Ekiti State University,Nigeria,2026,THE,1979.0,18.284,ekiti state university,nigeria,1979,18.284,9.680365296803654,9.108897379912664
RzeszÃ³w University of Technology,Poland,2026,THE,1980.0,18.276,rzeszã³w university of technology,poland,1980,18.276,9.634703196347031,9.099799854439594
East China University of Technology,China,2026,THE,1981.0,18.2635,east china university of technology,china,1981,18.2635,9.58904109589041,9.08558497088792
EAFIT University,Colombia,2026,THE,1982.0,18.2114999999999,eafit university,colombia,1982,18.2114999999999,9.543378995433791,9.026451055312846
Ã‡anakkale Onsekiz Mart University,Turkey,2026,THE,1983.0,18.171,ã‡anakkale onsekiz mart university,turkey,1983,18.171,9.497716894977168,8.980394832605532
University of Port Harcourt,Nigeria,2026,THE,1984.0,18.147,university of port harcourt,nigeria,1984,18.147,9.452054794520548,8.953102256186316
Temuco Catholic University,Chile,2026,THE,1985.0,18.1364999999999,temuco catholic university,chile,1985,18.1364999999999,9.406392694063927,8.941161754002797
University of Caxias do Sul,Brazil,2026,THE,1986.0,18.1105,university of caxias do sul,brazil,1986,18.1105,9.360730593607306,8.911594796215429
Dicle University,Turkey,2026,THE,1987.0,18.0655,dicle university,turkey,1987,18.0655,9.315068493150685,8.860421215429405
Perm National Research Polytechnic University,Russian Federation,2026,THE,1988.0,18.0574999999999,perm national research polytechnic university,russian federation,1988,18.0574999999999,9.269406392694064,8.85132368995622
UniversitÃ© Cheikh Anta Diop de Dakar (UCAD),Senegal,2026,THE,1989.0,18.0325,universitã© cheikh anta diop de dakar (ucad),senegal,1989,18.0325,9.223744292237443,8.822893922852984
University of Abou Bekr BelkaÃ¯d Tlemcen,Algeria,2026,THE,1990.0,17.993,university of abou bekr belkaã¯d tlemcen,algeria,1990,17.993,9.178082191780822,8.777974890829695
BaÅŸkent University,Turkey,2026,THE,1991.0,17.9745,baåÿkent university,turkey,1991,17.9745,9.1324200913242,8.756936863173218
Universidad del Valle,Colombia,2026,THE,1992.0,17.973,universidad del valle,colombia,1992,17.973,9.08675799086758,8.755231077147016
Pontificia Universidad CatÃ³lica del Ecuador,Ecuador,2026,THE,1993.0,17.9419999999999,pontificia universidad catã³lica del ecuador,ecuador,1993,17.9419999999999,9.04109589041096,8.719978165938754
KÄ±rÅŸehir Ahi Evran University,Turkey,2026,THE,1994.0,17.936,kä±råÿehir ahi evran university,turkey,1994,17.936,8.995433789954339,8.713155021834062
Universidad Panamericana (UP),Mexico,2026,THE,1995.0,17.935,universidad panamericana (up),mexico,1995,17.935,8.949771689497716,8.712017831149927
Dr. M.G.R. Educational and Research Institute,India,2026,THE,1996.0,17.9305,dr. m.g.r. educational and research institute,india,1996,17.9305,8.904109589041095,8.706900473071325
Bozok University,Turkey,2026,THE,1997.0,17.8935,bozok university,turkey,1997,17.8935,8.858447488584476,8.664824417758371
ÃœskÃ¼dar University,Turkey,2026,THE,1998.0,17.88,ãœskã¼dar university,turkey,1998,17.88,8.812785388127855,8.649472343522563
Yerevan State University,Armenia,2026,THE,1999.0,17.864,yerevan state university,armenia,1999,17.864,8.767123287671232,8.63127729257642
National Technical University Kharkiv Polytechnic Institute,Ukraine,2026,THE,2000.0,17.848,national technical university kharkiv polytechnic institute,ukraine,2000,17.848,8.721461187214611,8.613082241630277
Ordu University,Turkey,2026,THE,2001.0,17.7749999999999,ordu university,turkey,2001,17.7749999999999,8.67579908675799,8.530067321688389
Kharkiv Aviation Institute,Ukraine,2026,THE,2002.0,17.7735,kharkiv aviation institute,ukraine,2002,17.7735,8.63013698630137,8.5283615356623
National University of Cuyo,Argentina,2026,THE,2003.0,17.7545,national university of cuyo,argentina,2003,17.7545,8.584474885844749,8.506754912663757
Dumlupinar University,Turkey,2026,THE,2004.0,17.7125,dumlupinar university,turkey,2004,17.7125,8.538812785388128,8.458992903930131
Kazakh National Agrarian Research University,Kazakhstan,2026,THE,2005.0,17.6974999999999,kazakh national agrarian research university,kazakhstan,2005,17.6974999999999,8.493150684931507,8.441935043668009
University of Kelaniya,Sri Lanka,2026,THE,2006.0,17.6965,university of kelaniya,sri lanka,2006,17.6965,8.447488584474886,8.44079785298399
Petersburg State Transport University,Russian Federation,2026,THE,2007.0,17.6255,petersburg state transport university,russian federation,2007,17.6255,8.401826484018265,8.360057314410481
Universidade Estadual de Feira de Santana (UEFS),Brazil,2026,THE,2008.0,17.6035,universidade estadual de feira de santana (uefs),brazil,2008,17.6035,8.356164383561644,8.335039119359536
UÅŸak University,Turkey,2026,THE,2009.0,17.5975,uåÿak university,turkey,2009,17.5975,8.310502283105023,8.328215975254732
Mackenzie Presbyterian University,Brazil,2026,THE,2010.0,17.59,mackenzie presbyterian university,brazil,2010,17.59,8.2648401826484,8.319687045123727
Tokyo City University,Japan,2026,THE,2011.0,17.5899999999999,tokyo city university,japan,2011,17.5899999999999,8.21917808219178,8.319687045123615
Novosibirsk State Technical University,Russian Federation,2026,THE,2012.0,17.525,novosibirsk state technical university,russian federation,2012,17.525,8.17351598173516,8.24576965065502
Giresun University,Turkey,2026,THE,2013.0,17.5175,giresun university,turkey,2013,17.5175,8.12785388127854,8.237240720524017
Larbi Tebessi University,Algeria,2026,THE,2014.0,17.5064999999999,larbi tebessi university,algeria,2014,17.5064999999999,8.082191780821917,8.224731622998432
National University of Kaohsiung,Taiwan,2026,THE,2015.0,17.506,national university of kaohsiung,taiwan,2015,17.506,8.036529680365296,8.224163027656479
Jan Evangelista PurkynÄ› University,Czechia,2026,THE,2016.0,17.4749999999999,jan evangelista purkynä› university,czechia,2016,17.4749999999999,7.9908675799086755,8.188910116448213
University of Prishtina,Kosovo,2026,THE,2017.0,17.4715,university of prishtina,kosovo,2017,17.4715,7.9452054794520555,8.184929949053858
University of BÃ©jaÃ¯a,Algeria,2026,THE,2018.0,17.421,university of bã©jaã¯a,algeria,2018,17.421,7.899543378995435,8.127501819505095
University of Laghouat,Algeria,2026,THE,2019.0,17.4124999999999,university of laghouat,algeria,2019,17.4124999999999,7.853881278538813,8.117835698689843
Hitit University,Turkey,2026,THE,2020.0,17.3965,hitit university,turkey,2020,17.3965,7.808219178082192,8.099640647743815
Instituto PolitÃ©cnico Nacional (IPN),Mexico,2026,THE,2021.0,17.3819999999999,instituto politã©cnico nacional (ipn),mexico,2021,17.3819999999999,7.76255707762557,8.083151382823758
North-Caucasus Federal University,Russian Federation,2026,THE,2022.0,17.3795,north-caucasus federal university,russian federation,2022,17.3795,7.71689497716895,8.080308406113538
Oran 1 University,Algeria,2026,THE,2023.0,17.3265,oran 1 university,algeria,2023,17.3265,7.671232876712329,8.02003729985444
BenemÃ©rita Universidad AutÃ³noma de Puebla,Mexico,2026,THE,2024.0,17.3134999999999,benemã©rita universidad autã³noma de puebla,mexico,2024,17.3134999999999,7.625570776255708,8.005253820960588
Vasyl Stefanyk Carpathian National University,Ukraine,2026,THE,2025.0,17.3045,vasyl stefanyk carpathian national university,ukraine,2025,17.3045,7.579908675799087,7.995019104803496
Aksaray University,Turkey,2026,THE,2026.0,17.1885,aksaray university,turkey,2026,17.1885,7.534246575342466,7.863104985443963
Chubu University,Japan,2026,THE,2027.0,17.1875,chubu university,japan,2027,17.1875,7.488584474885844,7.861967794759826
University of Cuenca,Ecuador,2026,THE,2028.0,17.182,university of cuenca,ecuador,2028,17.182,7.442922374429224,7.855713245997088
National Technical University of Ukraine â€“ Igor Sikorsky Kyiv Polytechnic Institute,Ukraine,2026,THE,2029.0,17.1035,national technical university of ukraine â€“ igor sikorsky kyiv polytechnic institute,ukraine,2029,17.1035,7.397260273972603,7.7664437772925785
Mugla Sitki Kocman University,Turkey,2026,THE,2030.0,17.094,mugla sitki kocman university,turkey,2030,17.094,7.351598173515981,7.755640465793308
North-Eastern Federal University,Russian Federation,2026,THE,2031.0,17.0845,north-eastern federal university,russian federation,2031,17.0845,7.30593607305936,7.744837154294032
Universidad CientÃ­fica del Sur,Peru,2026,THE,2032.0,17.058,universidad cientã­fica del sur,peru,2032,17.058,7.260273972602739,7.714701601164485
Manisa Celal Bayar University,Turkey,2026,THE,2033.0,17.0455,manisa celal bayar university,turkey,2033,17.0455,7.214611872146119,7.700486717612812
Bursa Technical University,Turkey,2026,THE,2034.0,17.0244999999999,bursa technical university,turkey,2034,17.0244999999999,7.168949771689498,7.676605713245885
Jan Kochanowski University in Kielce,Poland,2026,THE,2035.0,17.0065,jan kochanowski university in kielce,poland,2035,17.0065,7.123287671232877,7.656136280931587
National University of Mongolia,Mongolia,2026,THE,2036.0,17.0009999999999,national university of mongolia,mongolia,2036,17.0009999999999,7.077625570776255,7.64988173216874
Polytechnic Institute of SetÃºbal,Portugal,2026,THE,2037.0,16.967,polytechnic institute of setãºbal,portugal,2037,16.967,7.031963470319634,7.611217248908297
Privolzhsky Research Medical University,Russian Federation,2026,THE,2038.0,16.961,privolzhsky research medical university,russian federation,2038,16.961,6.986301369863014,7.604394104803493
Petrozavodsk State University,Russian Federation,2026,THE,2039.0,16.893,petrozavodsk state university,russian federation,2039,16.893,6.940639269406393,7.527065138282389
Payame Noor University,Iran,2026,THE,2040.0,16.879,payame noor university,iran,2040,16.879,6.894977168949771,7.511144468704516
Kazan National Research Technological University,Russian Federation,2026,THE,2041.0,16.799,kazan national research technological university,russian federation,2041,16.799,6.8493150684931505,7.4201692139738
Ibaraki University,Japan,2026,THE,2042.0,16.7865,ibaraki university,japan,2042,16.7865,6.803652968036529,7.4059543304221265
North-Western State Medical University named after I.I. Mechnikov,Russian Federation,2026,THE,2043.0,16.7505,north-western state medical university named after i.i. mechnikov,russian federation,2043,16.7505,6.757990867579909,7.365015465793305
Volgograd State University,Russian Federation,2026,THE,2044.0,16.7499999999999,volgograd state university,russian federation,2044,16.7499999999999,6.712328767123288,7.364446870451126
Pamukkale University,Turkey,2026,THE,2045.0,16.74,pamukkale university,turkey,2045,16.74,6.666666666666667,7.353074963609899
Mâ€™Hamed Bougara University of BoumerdÃ¨s,Algeria,2026,THE,2046.0,16.7365,mâ€™hamed bougara university of boumerdã¨s,algeria,2046,16.7365,6.621004566210045,7.3490947962154305
Universidad Nacional Agraria La Molina,Peru,2026,THE,2047.0,16.7325,universidad nacional agraria la molina,peru,2047,16.7325,6.575342465753424,7.344546033478898
Ivane Javakhishvili Tbilisi State University,Georgia,2026,THE,2048.0,16.7215,ivane javakhishvili tbilisi state university,georgia,2048,16.7215,6.529680365296804,7.33203693595342
University of Kerbala,Iraq,2026,THE,2049.0,16.7159999999999,university of kerbala,iraq,2049,16.7159999999999,6.4840182648401825,7.325782387190574
Chuo University,Japan,2026,THE,2049.0,16.7159999999999,chuo university,japan,2049,16.7159999999999,6.4840182648401825,7.325782387190574
Nihon University,Japan,2026,THE,2051.0,16.6795,nihon university,japan,2051,16.6795,6.392694063926941,7.284274927219799
"National Pirogov Memorial Medical University, Vinnytsya",Ukraine,2026,THE,2052.0,16.6435,"national pirogov memorial medical university, vinnytsya",ukraine,2052,16.6435,6.347031963470319,7.243336062590975
National University of Life and Environmental Sciences of Ukraine,Ukraine,2026,THE,2053.0,16.612,national university of life and environmental sciences of ukraine,ukraine,2053,16.612,6.301369863013699,7.207514556040756
UniversitÃ© FrÃ¨res Mentouri Constantine 1,Algeria,2026,THE,2054.0,16.5989999999999,universitã© frã¨res mentouri constantine 1,algeria,2054,16.5989999999999,6.255707762557078,7.192731077146905
Saint Petersburg State Pediatric Medical University,Russian Federation,2026,THE,2055.0,16.54,saint petersburg state pediatric medical university,russian federation,2055,16.54,6.210045662100456,7.125636826783116
Alanya Alaaddin Keykubat University,Turkey,2026,THE,2056.0,16.5209999999999,alanya alaaddin keykubat university,turkey,2056,16.5209999999999,6.164383561643835,7.10403020378446
Middle Technical University,Iraq,2026,THE,2057.0,16.515,middle technical university,iraq,2057,16.515,6.1187214611872145,7.09720705967977
Universidad Nacional Mayor de San Marcos,Peru,2026,THE,2058.0,16.505,universidad nacional mayor de san marcos,peru,2058,16.505,6.073059360730594,7.0858351528384285
National University of Medical Sciences (NUMS),Pakistan,2026,THE,2059.0,16.4945,national university of medical sciences (nums),pakistan,2059,16.4945,6.027397260273973,7.0738946506550215
National United University,Taiwan,2026,THE,2060.0,16.4945,national united university,taiwan,2060,16.4945,5.981735159817352,7.0738946506550215
TecnolÃ³gico de Costa Rica,Costa Rica,2026,THE,2061.0,16.478,tecnolã³gico de costa rica,costa rica,2061,16.478,5.93607305936073,7.055131004366816
Herzen State Pedagogical University of Russia,Russian Federation,2026,THE,2062.0,16.464,herzen state pedagogical university of russia,russian federation,2062,16.464,5.89041095890411,7.039210334788937
University of Mosul,Iraq,2026,THE,2063.0,16.4444999999999,university of mosul,iraq,2063,16.4444999999999,5.844748858447488,7.017035116448211
University Mohamed Boudiaf of Mâ€™Sila,Algeria,2026,THE,2064.0,16.4199999999999,university mohamed boudiaf of mâ€™sila,algeria,2064,16.4199999999999,5.799086757990867,6.989173944686931
Hue University,Vietnam,2026,THE,2065.0,16.378,hue university,vietnam,2065,16.378,5.7534246575342465,6.941411935953422
CearÃ¡ State University,Brazil,2026,THE,2066.0,16.3274999999999,cearã¡ state university,brazil,2066,16.3274999999999,5.707762557077626,6.883983806404546
Universidade Nove de Julho (Uninove),Brazil,2026,THE,2067.0,16.3205,universidade nove de julho (uninove),brazil,2067,16.3205,5.662100456621005,6.876023471615721
Universidad Industrial de Santander (UIS),Colombia,2026,THE,2068.0,16.3055,universidad industrial de santander (uis),colombia,2068,16.3055,5.616438356164384,6.858965611353712
Doshisha University,Japan,2026,THE,2069.0,16.256,doshisha university,japan,2069,16.256,5.570776255707763,6.8026746724890845
Chinese Culture University,Taiwan,2026,THE,2070.0,16.175,chinese culture university,taiwan,2070,16.175,5.525114155251141,6.710562227074238
National University of Costa Rica,Costa Rica,2026,THE,2071.0,16.1564999999999,national university of costa rica,costa rica,2071,16.1564999999999,5.47945205479452,6.689524199417648
University of Guadalajara,Mexico,2026,THE,2072.0,16.1489999999999,university of guadalajara,mexico,2072,16.1489999999999,5.433789954337899,6.680995269286644
Gubkin Russian State University of Oil and Gas,Russian Federation,2026,THE,2073.0,16.1094999999999,gubkin russian state university of oil and gas,russian federation,2073,16.1094999999999,5.3881278538812785,6.636076237263354
Utsunomiya University,Japan,2026,THE,2074.0,16.1,utsunomiya university,japan,2074,16.1,5.342465753424658,6.625272925764196
Ufa State Petroleum Technological University,Russian Federation,2026,THE,2075.0,16.0605,ufa state petroleum technological university,russian federation,2075,16.0605,5.296803652968037,6.580353893740905
AnÃ¡huac University,Mexico,2026,THE,2076.0,16.0449999999999,anã¡huac university,mexico,2076,16.0449999999999,5.251141552511415,6.562727438136713
Trakya University,Turkey,2026,THE,2077.0,16.002,trakya university,turkey,2077,16.002,5.205479452054795,6.513828238719069
University of Sciences and Technology Houari Boumediene,Algeria,2026,THE,2078.0,15.9949999999999,university of sciences and technology houari boumediene,algeria,2078,15.9949999999999,5.159817351598173,6.505867903930018
Beykent University,Turkey,2026,THE,2079.0,15.9684999999999,beykent university,turkey,2079,15.9684999999999,5.114155251141553,6.47573235080047
Ryukoku University,Japan,2026,THE,2080.0,15.9485,ryukoku university,japan,2080,15.9485,5.068493150684931,6.452988537117904
Hatay Mustafa Kemal University,Turkey,2026,THE,2081.0,15.9395,hatay mustafa kemal university,turkey,2081,15.9395,5.0228310502283104,6.4427538209607
Bernardo Oâ€™Higgins University,Chile,2026,THE,2082.0,15.918,bernardo oâ€™higgins university,chile,2082,15.918,4.9771689497716896,6.41830422125182
Ogarev Mordovia State University,Russian Federation,2026,THE,2083.0,15.906,ogarev mordovia state university,russian federation,2083,15.906,4.931506849315069,6.404657933042214
Blida 1 University,Algeria,2026,THE,2084.0,15.8545,blida 1 university,algeria,2084,15.8545,4.885844748858448,6.346092612809318
Ovidius University of ConstanÈ›a,Romania,2026,THE,2085.0,15.8325,ovidius university of constanè›a,romania,2085,15.8325,4.840182648401827,6.321074417758371
CES University,Colombia,2026,THE,2086.0,15.7949999999999,ces university,colombia,2086,15.7949999999999,4.794520547945205,6.278429767103236
University of BÃ­o-BÃ­o,Chile,2026,THE,2087.0,15.7854999999999,university of bã­o-bã­o,chile,2087,15.7854999999999,4.748858447488584,6.2676264556039625
Tokyo University of Technology,Japan,2026,THE,2088.0,15.78,tokyo university of technology,japan,2088,15.78,4.703196347031963,6.26137190684134
Osaka Institute of Technology,Japan,2026,THE,2089.0,15.7755,osaka institute of technology,japan,2089,15.7755,4.657534246575342,6.256254548762737
Universidad Santo TomÃ¡s,Chile,2026,THE,2090.0,15.7599999999999,universidad santo tomã¡s,chile,2090,15.7599999999999,4.6118721461187215,6.23862809315855
Russian State University for the Humanities,Russian Federation,2026,THE,2091.0,15.7175,russian state university for the humanities,russian federation,2091,15.7175,4.5662100456621,6.19029748908297
Ivan Franko National University of Lviv,Ukraine,2026,THE,2092.0,15.696,ivan franko national university of lviv,ukraine,2092,15.696,4.52054794520548,6.165847889374092
Kansai University,Japan,2026,THE,2093.0,15.664,kansai university,japan,2093,15.664,4.474885844748858,6.129457787481806
Voronezh State University,Russian Federation,2026,THE,2094.0,15.6179999999999,voronezh state university,russian federation,2094,15.6179999999999,4.429223744292238,6.0771470160115335
Bogomolets National Medical University,Ukraine,2026,THE,2095.0,15.567,bogomolets national medical university,ukraine,2095,15.567,4.383561643835616,6.019150291120816
Ibn Khaldoun University,Algeria,2026,THE,2096.0,15.5644999999999,ibn khaldoun university,algeria,2096,15.5644999999999,4.337899543378995,6.016307314410367
Azerbaijan Technical University (AzTU),Azerbaijan,2026,THE,2097.0,15.5224999999999,azerbaijan technical university (aztu),azerbaijan,2097,15.5224999999999,4.292237442922374,5.968545305676743
Burapha University,Thailand,2026,THE,2098.0,15.4545,burapha university,thailand,2098,15.4545,4.2465753424657535,5.891216339155751
Universidade Federal do MaranhÃ£o (UFMA),Brazil,2026,THE,2099.0,15.4439999999999,universidade federal do maranhã£o (ufma),brazil,2099,15.4439999999999,4.200913242009133,5.879275836972231
University of Guanajuato,Mexico,2026,THE,2100.0,15.433,university of guanajuato,mexico,2100,15.433,4.155251141552512,5.866766739446872
Volgograd State Medical University,Russian Federation,2026,THE,2101.0,15.4285,volgograd state medical university,russian federation,2101,15.4285,4.10958904109589,5.861649381368269
Sri Lanka Institute of Information Technology,Sri Lanka,2026,THE,2102.0,15.3939999999999,sri lanka institute of information technology,sri lanka,2102,15.3939999999999,4.06392694063927,5.822416302765536
State Islamic University of Sunan Gunung Djati Bandung,Indonesia,2026,THE,2103.0,15.3759999999999,state islamic university of sunan gunung djati bandung,indonesia,2103,15.3759999999999,4.018264840182648,5.8019468704511254
"University of the Andes, Venezuela",Venezuela,2026,THE,2104.0,15.3545,"university of the andes, venezuela",venezuela,2104,15.3545,3.9726027397260277,5.7774972707423595
University Abdelhamid Ibn Badis Mostaganem,Algeria,2026,THE,2105.0,15.3469999999999,university abdelhamid ibn badis mostaganem,algeria,2105,15.3469999999999,3.9269406392694064,5.7689683406112415
Universidad Nacional del Litoral,Argentina,2026,THE,2106.0,15.3419999999999,universidad nacional del litoral,argentina,2106,15.3419999999999,3.881278538812785,5.7632823871905705
Kanagawa University,Japan,2026,THE,2107.0,15.1789999999999,kanagawa university,japan,2107,15.1789999999999,3.8356164383561646,5.577920305676744
Universidade Estadual do Oeste do ParanÃ¡ (Unioeste),Brazil,2026,THE,2108.0,15.1369999999999,universidade estadual do oeste do paranã¡ (unioeste),brazil,2108,15.1369999999999,3.7899543378995433,5.530158296943118
Odesa I.I. Mechnikov National University,Ukraine,2026,THE,2109.0,15.1165,odesa i.i. mechnikov national university,ukraine,2109,15.1165,3.744292237442922,5.506845887918487
University of Jijel,Algeria,2026,THE,2110.0,15.0979999999999,university of jijel,algeria,2110,15.0979999999999,3.6986301369863015,5.485807860261896
Kogakuin University,Japan,2026,THE,2111.0,15.0905,kogakuin university,japan,2111,15.0905,3.65296803652968,5.477278930131006
Okayama University of Science,Japan,2026,THE,2112.0,15.0815,okayama university of science,japan,2112,15.0815,3.6073059360730597,5.467044213973801
Universidad AutÃ³noma de Nuevo LeÃ³n (UANL),Mexico,2026,THE,2113.0,15.0744999999999,universidad autã³noma de nuevo leã³n (uanl),mexico,2113,15.0744999999999,3.5616438356164384,5.459083879184749
Universidad AutÃ³noma de Coahuila,Mexico,2026,THE,2114.0,15.008,universidad autã³noma de coahuila,mexico,2114,15.008,3.515981735159817,5.383460698689957
Toyama Prefectural University,Japan,2026,THE,2115.0,14.9099999999999,toyama prefectural university,japan,2115,14.9099999999999,3.4703196347031966,5.272016011644721
University of Fortaleza (UNIFOR),Brazil,2026,THE,2116.0,14.9,university of fortaleza (unifor),brazil,2116,14.9,3.4246575342465753,5.260644104803496
University of Lampung,Indonesia,2026,THE,2117.0,14.8899999999999,university of lampung,indonesia,2117,14.8899999999999,3.3789954337899544,5.249272197962041
Voronezh State Technical University,Russian Federation,2026,THE,2118.0,14.8875,voronezh state technical university,russian federation,2118,14.8875,3.3333333333333335,5.24642922125182
Tokyo Denki University,Japan,2026,THE,2119.0,14.8775,tokyo denki university,japan,2119,14.8775,3.287671232876712,5.235057314410481
Northern Technical University,Iraq,2026,THE,2120.0,14.839,northern technical university,iraq,2120,14.839,3.2420091324200913,5.191275473071326
Al-Furat Al-Awsat Technical University,Iraq,2026,THE,2121.0,14.823,al-furat al-awsat technical university,iraq,2121,14.823,3.1963470319634704,5.173080422125184
Universidad AutÃ³noma del Estado de Mexico (UAEMex),Mexico,2026,THE,2122.0,14.8114999999999,universidad autã³noma del estado de mexico (uaemex),mexico,2122,14.8114999999999,3.1506849315068495,5.1600027292575295
Aoyama Gakuin University,Japan,2026,THE,2123.0,14.7945,aoyama gakuin university,japan,2123,14.7945,3.105022831050228,5.140670487627366
Meiji University,Japan,2026,THE,2124.0,14.786,meiji university,japan,2124,14.786,3.0593607305936072,5.131004366812228
University of Cauca,Colombia,2026,THE,2125.0,14.7649999999999,university of cauca,colombia,2125,14.7649999999999,3.0136986301369864,5.107123362445302
Volgograd State Technical University,Russian Federation,2026,THE,2126.0,14.7595,volgograd state technical university,russian federation,2126,14.7595,2.968036529680365,5.100868813682679
Russian University of Transport (MIIT),Russian Federation,2026,THE,2127.0,14.7245,russian university of transport (miit),russian federation,2127,14.7245,2.922374429223744,5.061067139737994
Meijo University,Japan,2026,THE,2128.0,14.6994999999999,meijo university,japan,2128,14.6994999999999,2.8767123287671232,5.032637372634531
Ukrainian State University of Science and Technologies,Ukraine,2026,THE,2129.0,14.6955,ukrainian state university of science and technologies,ukraine,2129,14.6955,2.8310502283105023,5.028088609898108
University of Pernambuco,Brazil,2026,THE,2130.0,14.677,university of pernambuco,brazil,2130,14.677,2.7853881278538815,5.007050582241631
MIREA - Russian Technological University,Russian Federation,2026,THE,2131.0,14.6075,mirea - russian technological university,russian federation,2131,14.6075,2.73972602739726,4.928015829694324
Pontifical Catholic University of Minas Gerais,Brazil,2026,THE,2132.0,14.5689999999999,pontifical catholic university of minas gerais,brazil,2132,14.5689999999999,2.6940639269406392,4.884233988355055
TekirdaÄŸ NamÄ±k Kemal University,Turkey,2026,THE,2133.0,14.5395,tekirdaäÿ namä±k kemal university,turkey,2133,14.5395,2.6484018264840183,4.850686863173219
Northern (Arctic) Federal University named after M.V. Lomonosov,Russian Federation,2026,THE,2134.0,14.536,northern (arctic) federal university named after m.v. lomonosov,russian federation,2134,14.536,2.6027397260273974,4.8467066957787495
Universidad Distrital Francisco JosÃ© de Caldas,Colombia,2026,THE,2135.0,14.4835,universidad distrital francisco josã© de caldas,colombia,2135,14.4835,2.5570776255707766,4.787004184861718
Autonomous University of Baja California,Mexico,2026,THE,2136.0,14.4464999999999,autonomous university of baja california,mexico,2136,14.4464999999999,2.5114155251141552,4.744928129548652
Trakia University,Bulgaria,2026,THE,2137.0,14.436,trakia university,bulgaria,2137,14.436,2.4657534246575343,4.7329876273653575
University of Sonora,Mexico,2026,THE,2138.0,14.434,university of sonora,mexico,2138,14.434,2.4200913242009134,4.73071324599709
Toyo University,Japan,2026,THE,2139.0,14.4085,toyo university,japan,2139,14.4085,2.374429223744292,4.701714883551675
Paisii Hilendarski University of Plovdiv,Bulgaria,2026,THE,2140.0,14.3554999999999,paisii hilendarski university of plovdiv,bulgaria,2140,14.3554999999999,2.328767123287671,4.641443777292464
Universidad AutÃ³noma de YucatÃ¡n,Mexico,2026,THE,2141.0,14.3459999999999,universidad autã³noma de yucatã¡n,mexico,2141,14.3459999999999,2.28310502283105,4.630640465793193
Perm State University,Russian Federation,2026,THE,2142.0,14.343,perm state university,russian federation,2142,14.343,2.237442922374429,4.627228893740904
Universidad PolitÃ©cnica Salesiana,Ecuador,2026,THE,2143.0,14.3304999999999,universidad politã©cnica salesiana,ecuador,2143,14.3304999999999,2.191780821917808,4.613014010189116
Chiba Institute of Technology,Japan,2026,THE,2144.0,14.3199999999999,chiba institute of technology,japan,2144,14.3199999999999,2.146118721461187,4.601073508005711
Nizhny Novgorod State Technical University n.a. R.E. Alekseev,Russian Federation,2026,THE,2145.0,14.3195,nizhny novgorod state technical university n.a. r.e. alekseev,russian federation,2145,14.3195,2.1004566210045663,4.600504912663757
Federal University Oye-Ekiti,Nigeria,2026,THE,2146.0,14.301,federal university oye-ekiti,nigeria,2146,14.301,2.054794520547945,4.579466885007279
State University of Southwestern Bahia (UESB),Brazil,2026,THE,2147.0,14.2925,state university of southwestern bahia (uesb),brazil,2147,14.2925,2.009132420091324,4.569800764192141
BalÄ±kesir University,Turkey,2026,THE,2148.0,14.2804999999999,balä±kesir university,turkey,2148,14.2804999999999,1.9634703196347032,4.556154475982421
Universidad TÃ©cnica Particular de Loja,Ecuador,2026,THE,2149.0,14.2194999999999,universidad tã©cnica particular de loja,ecuador,2149,14.2194999999999,1.9178082191780823,4.486785844250252
Kazan State Power Engineering University,Russian Federation,2026,THE,2150.0,14.212,kazan state power engineering university,russian federation,2150,14.212,1.872146118721461,4.478256914119361
Universidad Michoacana de San NicolÃ¡s de Hidalgo,Mexico,2026,THE,2151.0,14.1919999999999,universidad michoacana de san nicolã¡s de hidalgo,mexico,2151,14.1919999999999,1.82648401826484,4.455513100436569
University of Kirkuk,Iraq,2026,THE,2152.0,14.0995,university of kirkuk,iraq,2152,14.0995,1.7808219178082192,4.350322962154296
University of Batna 2,Algeria,2026,THE,2153.0,14.0895,university of batna 2,algeria,2153,14.0895,1.7351598173515983,4.338951055312956
Yuriy Fedkovych Chernivtsi National University,Ukraine,2026,THE,2154.0,14.0704999999999,yuriy fedkovych chernivtsi national university,ukraine,2154,14.0704999999999,1.6894977168949772,4.3173444323142975
Siberian State Medical University,Russian Federation,2026,THE,2155.0,14.0124999999999,siberian state medical university,russian federation,2155,14.0124999999999,1.643835616438356,4.2513873726345315
Damascus University,Syria,2026,THE,2156.0,13.8834999999999,damascus university,syria,2156,13.8834999999999,1.5981735159817352,4.104689774381256
National Formosa University,Taiwan,2026,THE,2157.0,13.8625,national formosa university,taiwan,2157,13.8625,1.552511415525114,4.080808770014558
Ziane Achour University of Djelfa,Algeria,2026,THE,2158.0,13.782,ziane achour university of djelfa,algeria,2158,13.782,1.5068493150684932,3.989264919941777
National University of Rosario (UNR),Argentina,2026,THE,2159.0,13.7019999999999,national university of rosario (unr),argentina,2159,13.7019999999999,1.461187214611872,3.898289665210951
"Delta State University, Abraka",Nigeria,2026,THE,2160.0,13.6904999999999,"delta state university, abraka",nigeria,2160,13.6904999999999,1.4155251141552512,3.885211972343411
University of Basrah,Iraq,2026,THE,2161.0,13.6819999999999,university of basrah,iraq,2161,13.6819999999999,1.36986301369863,3.8755458515282712
Nueva Granada Military University,Colombia,2026,THE,2162.0,13.6785,nueva granada military university,colombia,2162,13.6785,1.3242009132420092,3.8715656841339166
Universidad AutÃ³noma del Estado de Hidalgo,Mexico,2026,THE,2163.0,13.675,universidad autã³noma del estado de hidalgo,mexico,2163,13.675,1.2785388127853883,3.867585516739449
Universitas Sriwijaya,Indonesia,2026,THE,2164.0,13.6464999999999,universitas sriwijaya,indonesia,2164,13.6464999999999,1.2328767123287672,3.8351755822415177
Halu Oleo University,Indonesia,2026,THE,2165.0,13.6289999999999,halu oleo university,indonesia,2165,13.6289999999999,1.187214611872146,3.8152747452691744
Technological University of Pereira,Colombia,2026,THE,2166.0,13.552,technological university of pereira,colombia,2166,13.552,1.141552511415525,3.727711062590976
Samara State Technical University,Russian Federation,2026,THE,2167.0,13.5395,samara state technical university,russian federation,2167,13.5395,1.095890410958904,3.713496179039303
Universidad de las Fuerzas Armadas â€“ ESPE,Ecuador,2026,THE,2168.0,13.5014999999999,universidad de las fuerzas armadas â€“ espe,ecuador,2168,13.5014999999999,1.0502283105022832,3.6702829330421007
Oles Honchar Dnipro National University,Ukraine,2026,THE,2169.0,13.4545,oles honchar dnipro national university,ukraine,2169,13.4545,1.004566210045662,3.6168349708879193
UniversitÃ© Mouloud Mammeri de Tizi-Ouzou,Algeria,2026,THE,2170.0,13.4355,universitã© mouloud mammeri de tizi-ouzou,algeria,2170,13.4355,0.9589041095890412,3.5952283478893747
Universidad Peruana de Ciencias Aplicadas (UPC),Peru,2026,THE,2171.0,13.3725,universidad peruana de ciencias aplicadas (upc),peru,2171,13.3725,0.91324200913242,3.5235853347889394
Kemerovo State University,Russian Federation,2026,THE,2172.0,13.3555,kemerovo state university,russian federation,2172,13.3555,0.8675799086757991,3.5042530931586615
Universidad TÃ©cnica de ManabÃ­,Ecuador,2026,THE,2173.0,13.343,universidad tã©cnica de manabã­,ecuador,2173,13.343,0.821917808219178,3.490038209606988
Uzhhorod National University,Ukraine,2026,THE,2174.0,13.19,uzhhorod national university,ukraine,2174,13.19,0.776255707762557,3.3160480349344983
Autonomous University of Guerrero (UAGro),Mexico,2026,THE,2175.0,13.1584999999999,autonomous university of guerrero (uagro),mexico,2175,13.1584999999999,0.730593607305936,3.280226528384168
Regional Autonomous University of the Andes (UNIANDES),Ecuador,2026,THE,2176.0,13.1559999999999,regional autonomous university of the andes (uniandes),ecuador,2176,13.1559999999999,0.684931506849315,3.2773835516738314
Jember University,Indonesia,2026,THE,2177.0,13.1294999999999,jember university,indonesia,2177,13.1294999999999,0.6392694063926941,3.2472479985442844
National University of Quilmes,Argentina,2026,THE,2178.0,13.0139999999999,national university of quilmes,argentina,2178,13.0139999999999,0.593607305936073,3.1159024745268162
State University of Bahia,Brazil,2026,THE,2179.0,12.988,state university of bahia,brazil,2179,12.988,0.547945205479452,3.0863355167394477
Irkutsk State University,Russian Federation,2026,THE,2180.0,12.865,irkutsk state university,russian federation,2180,12.865,0.502283105022831,2.9464610625909766
Penza State University,Russian Federation,2026,THE,2181.0,12.8419999999999,penza state university,russian federation,2181,12.8419999999999,0.45662100456621,2.920305676855782
Industrial University of Tyumen,Russian Federation,2026,THE,2182.0,12.8235,industrial university of tyumen,russian federation,2182,12.8235,0.410958904109589,2.899267649199418
Ivanovo State University of Chemistry and Technology,Russian Federation,2026,THE,2183.0,12.7384999999999,ivanovo state university of chemistry and technology,russian federation,2183,12.7384999999999,0.365296803652968,2.802606441047923
Universidade Estadual do MaranhÃ£o,Brazil,2026,THE,2184.0,12.357,universidade estadual do maranhã£o,brazil,2184,12.357,0.31963470319634707,2.3687681950509463
Chelyabinsk State University,Russian Federation,2026,THE,2185.0,12.3564999999999,chelyabinsk state university,russian federation,2185,12.3564999999999,0.273972602739726,2.3681995997087655
Universidade Federal Rural do Semi-Arido,Brazil,2026,THE,2186.0,12.0794999999999,universidade federal rural do semi-arido,brazil,2186,12.0794999999999,0.228310502283105,2.053197780203672
Instituto TecnolÃ³gico Metropolitano,Colombia,2026,THE,2187.0,11.862,instituto tecnolã³gico metropolitano,colombia,2187,11.862,0.182648401826484,1.8058588064046592
Universidad Pedagogica y Tecnologica de Colombia - UPTC,Colombia,2026,THE,2188.0,11.434,universidad pedagogica y tecnologica de colombia - uptc,colombia,2188,11.434,0.136986301369863,1.3191411935953423
Omsk State Technical University,Russian Federation,2026,THE,2189.0,11.1659999999999,omsk state technical university,russian federation,2189,11.1659999999999,0.091324200913242,1.014374090247339
"Federal Institute of Education, Science and Technology of SÃ£o Paulo",Brazil,2026,THE,2190.0,10.8635,"federal institute of education, science and technology of sã£o paulo",brazil,2190,10.8635,0.045662100456621,0.6703739082969445
Tula State University,Russian Federation,2026,THE,2191.0,10.274,tula state university,russian federation,2191,10.274,0.0,0.0
